Name,Type,Countries of the World,Due date,Notes,Area of Interest,Link
Call for Applications: Large Research Grants on Education Program,Grant,Global,1/14/2025,The Spencer Foundation’s Large Research Grants on Education Program supports education research projects that will contribute to the improvement of education.,"Education, Research",https://www.spencer.org/grant_types/large-research-grant
Physics Without Frontiers Program 2025,Events,Global,1/15/2025,The International Centre for Theoretical Physics is seeking entries for its Physics Without Frontiers Program.,"Education, Learning",https://www.ictp.it/home/physics-without-frontiers-apply 
Submit Applications for Individual Practice Grants Program 2025,Grant,Global,1/15/2025,The Khyentse Foundation has announced it call for Individual Practice Grants Program to support individuals who wish to practice dharma.,"Arts & Culture, Community Betterment, Community Development, Education",https://khyentsefoundation.org/grants_scholarships/individual-practice-grants/
Open Call: Buddhist Studies Scholarships Program 2025,Scholarship,Global,1/15/2025,"The Khyentse Foundation (KF) is currently accepting applications for its Buddhist Studies Scholarships Program, from students, practitioners, and scholars from all traditions, schools, and sects of Buddhism.","Arts & Culture, Community Betterment, Community Development, Education",https://khyentsefoundation.org/grants_scholarships/buddhist-studies-scholarships/
East Africa Acumen Fellowship,Fellowship,Africa,2/7/2025,The East Africa Acumen Fellowship is a transformative program that brings together a cohort of extraordinary individuals with an entrepreneurial mindset and a commitment to solve problems of poverty.,"Community Development, Leadership, Poverty Alleviation, Sustainable Development",https://fellowship.acumenacademy.org/east-africa 
Athlete Grant Program,Grant,Global,2/7/2025,The SimiSleighs Foundation is thrilled to invite applications for its Athlete Grant Program to advance gender equality by empowering female Olympic and Paralympic athletes and hopefuls from around the world with the support they need to elevate their capacity to change the game on and off the field of play.,"Capacity Building, Career Development, Leadership, Youth & Adolescents",https://www.simisleighsfoundation.org/athlete-grant-program 
Open Call for Google.org Accelerator: Generative AI,Grant,Global,2/10/2025,The Google.org has launched an open call for the second cohort of the Generative AI Accelerator.,"Community Development, Education, Learning, Climate Change, Health Care, Technology",https://impactchallenge.withgoogle.com/genaiaccelerator/ 
CFAs: Spencer Foundation Vision Grants Program,Grant,Global,2/11/2025,The Spencer Foundation is inviting applications for its Vision Grants Program to support the field in producing research that disrupts long-standing inequities toward more just and equitable systems.,"Education, Innovation, Research, Youth & Adolescents",https://www.spencer.org/grant_types/vision-grants
Gratitude Network’s Fellowship Program 2025,Fellowship,Global,2/12/2025,Submissions are now open for the Gratitude Network’s Fellowship Program to builds leaders’ confidence and capabilities and provides tools and processes for expanding the organization’s impact.,"Children, Education, Health Care, Leadership, Youth & Adolescents",https://gratitude-network.org/get-involved/apply-to-be-a-gratitude-leader/ 
Journalist Fellowship Programme,Fellowship,Global,2/13/2025,"The Journalist Fellowship Programme at the Reuters Institute is one of the world’s leading schemes for practicing, mid-career journalists to take some time out from their day jobs to explore journalism in depth.","Career Development, Journalism, Media, Research",https://reutersinstitute.politics.ox.ac.uk/our-journalist-fellowship-programme 
Building Resilience against Climate and Environmental Shocks Program (Africa),Events,Africa,2/16/2025,African Food Changemakers is accepting applications for its Building Resilience against Climate and Environmental Shocks (BRACE) Program.,"Agriculture Food & Nutrition, Business & Industry, Entrepreneurship, Learning, Climate Change",https://brace.afchub.org/ 
Apila First Impression Award 2025,Events,Global,2/16/2025,"The publishing house Apila Ediciones, in collaboration with the School of Design of Aragón and with the support of the Zaragoza City Council, announces the Apila’s First Impression Award 2025.","Arts & Culture, Literacy, Children",https://www.apilaediciones.com/premio-apila-primera-impresion/
Fakuoka Asian Art Museum: Artist in Residence Program,Events,Global,2/16/2025,"The Fukuoka Asian Art Museum (FAAM) Artist in Residence Program invites artists from across Japan and worldwide, including but not limited to Asian countries and regions.","Arts & Culture, Career Development",https://faam.city.fukuoka.lg.jp/en/residence/requirement/ 
"Up to €10,000 Funding to support Champion Digital Rights in Uganda’s Business Sector",Grant,Uganda,1/24/2025,"The Collaboration on International ICT Policy for East and Southern Africa (CIPESA), in partnership with Enabel and the European Union, is pleased to announce a new funding opportunity for Civil Society Organizations (CSOs) in Uganda.","Business & Industry, Children, Human Rights",https://cipesa.org/2025/01/call-for-applications-up-to-e10000-support-fund-to-champion-digital-rights-in-ugandas-business-sector/
EMBracing the Ocean Artist-in-Residence Programme,Events,Global,2/17/2025,The European Marine Board is inviting applications from two new artists for the 2025 – 2026 edition of their ‘EMBracing the Ocean’ Artist-in-Residence Programme.,"Arts & Culture, Community Development, Innovation, Biodiversity, Science, Sustainable Development",https://www.marineboard.eu/open-calls 
CFPs: Accelerator Grants for LGBTI+ Rights Organisations across the Commonwealth,Grant,Africa,2/17/2025,The Kaleidoscope Trust is seeking proposals for the Accelerator Grants to support Commonwealth-based LGBTI+ rights organisations that completed a Capacity Development Intervention in the 2024/2025 cycle.,Capacity Building,https://kaleidoscopetrust.com/call-for-proposals-accelerator-grants-for-lgbti-rights-organisations-across-the-commonwealth/
CFAs: Human Rights Education for Youth (HEY) Media and Information Literacy Program,Accelerator,"MENA, Europe",2/18/2025,"Are you a young person from Europe, Africa and the Middle East, engaged in civil society, with a special interest in media and information? If yes, then this opportunity may be for you.","Civil Society Development, Human Rights, Information Technology, Media, Youth & Adolescents",https://www.coe.int/en/web/north-south-centre/-/applications-are-open-for-the-new-hey-course-on-media-and-information-literacy.-you-can-be-one-of-the-selected-participants- 
Milken-Penn GSE Education Business Plan Competition,Events,Global,2/19/2025,The Milken-Penn GSE Education Business Plan Competition (EBPC) is open to applicants worldwide advancing teaching and learning through innovation.,"Education, Learning, Research, Technology, Innovation",https://www.educationcompetition.org/ 
Representation Grants for Youth Organizations,Grant,Africa,2/19/2025,Are you working to amplify the voices of under-represented or marginalized young people? The Representation Grants provide support to initiatives that empower youth to drive change in their communities and influence decision-making processes.,"Community Development, Youth & Adolescents",https://aueuyouth.com/representation-grants/ 
AU-EU Youth Lab Innovation Grant 2025,Grant,Africa,2/19/2025,"Is your organisation eager to take your innovative solution to a global challenge to the next level? If, yes then apply now for Innovation Grants.","Community Development, Innovation, Youth & Adolescents",https://aueuyouth.com/innovation-grants/ 
Türkiye Scholarships Program 2025,Scholarship,Global,2/20/2025,"The Türkiye Burslari’s Türkiye Scholarships is a government-funded, competitive scholarship program, awarded to outstanding students and researchers to pursue full-time or short-term program at the top universities in Türkiye.",Education,"https://turkiyeburslari.gov.tr/announcements/turkiye-scholarships-2025-applications-93#:~:text=Application%20Dates%3A%2010%20January%20%E2%80%93%2020,international%20students%20from%20all%20countries."
AI Trust and Safety Re-imagination Programme,Events,Global,2/20/2025,"The AI Trust and Safety Re-imagination Programme invites innovators across the public and private sectors to collectively re-imagine Trust and Safety (T&S), through measures that both prioritize equitable and practical approaches and foster shared, public–private sector responsibility.","Business & Industry, Startups, Community Development, Innovation, Research",https://www.undp.org/digital/ai-trust-and-safety 
CFAs: The Great Wall Co-Sponsored Fellowships Programme,Fellowship,"MENA, Latin America, Asia",2/21/2025,"The United Nations Educational, Scientific and Cultural Organization is now accepting applications for its The Great Wall Co-Sponsored Fellowships Programme to promote the human resource development and capacity building of developing countries and to enhancing international exchanges in the field of education, culture, communication, science and technology and the friendship among peoples of the world.","Arts & Culture, Capacity Building, Education, Science, Technology",https://www.unesco.org/en/fellowships/greatwall 
Equator Prize 2025,Awards,"Africa, Asia, Latin America",2/23/2025,"The Equator Prize, organized by the Equator Initiative within the United Nations Development Programme, is awarded biennially to recognize outstanding community efforts to reduce poverty through the conservation and sustainable use of biodiversity.","Business & Industry, Community Development, Biodiversity, Climate Change, Health Care, Poverty Alleviation, Sustainable Development",https://prize.equatorinitiative.org/about-the-prize/ 
"2025 Ocean Leaders Fellowship Sustainable Ocean Alliance , Dona Bertarelli Philanthropy",Fellowship,Global,2/23/2025,"Selected Fellows will be given career advancement opportunities such as participation in skill development workshops, expert mentorship, collaboration opportunities with peers, and sponsored attendance at the 2025 Our Ocean Conference in Busan, South Korea and the #UNOceanConference in Nice, France. ","Climate Change, Youth & Adolescents, Youth Development",https://airtable.com/appr0pED2yIHTkMb6/pagrXaKVAstNT6XeA/form 
Deep Learning Indaba Workshop (Africa),Events,Africa,2/24/2025,Entries are now open for the Deep Learning Indaba Workshop to strengthen and celebrate African AI.,"Learning, Information Technology", https://deeplearningindaba.com/2025/workshops/ 
Global Citizen Scholarship Program,Scholarship,Africa,2/24/2025,"The Global Citizen Scholarship Program empowers young, active global citizen leaders who are engaged for the SDGs and may otherwise not have access to valuable educational opportunities, networking experiences, and peer-to-peer exchange.","Community Development, Education, Youth & Adolescents, Leadership, Sustainable Development, Youth Development",https://bankimooncentre.org/our-work/global-citizen-scholarship-program/ 
Public Accountability Reporting Fellowship for Journalists (Uganda),Fellowship,Uganda,2/26/2025,"The African Centre for Media Excellence is thrilled to invite applications for its Public Accountability Reporting Fellowship, an intensive training and mentoring programme for journalists in Uganda.","Capacity Building, Democracy & Good Governance, Career Development, Journalism, Media",https://acme-ug.org/2025/02/03/call-for-applications-public-accountability-reporting-fellowship-for-journalists/ 
Capacity building Programme in VET in Sub-Saharan Africa,Grant,"Africa, Europe",2/27/2025,"The European Commission is inviting applications to support the relevance, accessibility, and responsiveness of Vocational Education and Training institutions and systems in third countries not associated to the Programme as a driver of sustainable socio-economic development.","Capacity Building, Democracy & Good Governance, Education, Learning, Innovation, Youth & Adolescents, Economic Development, Vocational Education, Employment & Labor","https://ec.europa.eu/info/funding-tenders/opportunities/portal/screen/opportunities/topic-details/ERASMUS-EDU-2025-CB-VET-SSA?isExactMatch=true&status=31094501,31094502&order=DESC&pageNumber=1&pageSize=50&sortBy=startDate"
Japan Foundation Awards 2025,Awards,Global,2/28/2025,"Nominations are now open for the Japan Foundation Awards, which are presented to individuals or organizations that have significantly contributed and are expected to contribute further to the promotion of international mutual understanding and friendship through their academic, artistic, or cultural activities.","Arts & Culture, Languages, Education, Research",https://www.jpf.go.jp/e/about/award/apply/index.html
United Nations Nelson Rolihlahla Mandela Prize,Awards,"Latin America, MENA, Europe, Africa",2/28/2025,"The United Nations Nelson Rolihlahla Mandela Prize, established by the General Assembly is to recognize the achievements of those who dedicate their lives to the service of humanity, by promoting the purposes and principles of the United Nations while honouring and paying homage to Nelson Rolihlahla Mandela’s extraordinary life and legacy of reconciliation, political transition and social transformation.","Community Development, Humanities",https://www.un.org/en/events/mandeladay/mandela_prize.shtml 
RFPs: Data Storytelling Fellowship (Africa),Fellowship,Africa,2/28/2025,"Calling all journalists, content creators, and media professionals to join Baraza Media Lab fellowship to gain hands-on skills in data-driven storytelling and transform how migration stories are told acres Africa.","Community Development, Journalism, Media",https://barazalab.com/programs/fellowships/data-storytelling-fellowship-2025/ 
CFAs: Global Heumann Fellowship Program,Fellowship,Global,2/28/2025,The World Institute on Disability is seeking applications for the Global Heumann Fellowship Program to empower disability leaders and advocates worldwide to advance disability rights and justice within their regional communities.,"Community Development, Innovation, Leadership, Research, Technology, Sustainable Development",https://wid.org/global-heumann-fellowship/ 
Tarbell Fellowship Program,Fellowship,Global,2/28/2025,The Tarbell Center for AI Journalism is requesting applications for its Fellowship Program to support early-career journalists interested in covering artificial intelligence.,"Career Development, Journalism, Media",https://www.tarbellfellowship.org/programme 
CFPs: Building Sustainable and Synegistic EIP Ecosystems in East and West Africa,Grant,Africa,2/28/2025,"The Partnership for Economic Policy is inviting proposals to implement a new programmatic strategy designed to enable in-country research centers (RC) and their policy counterparts (PC, i.e. government institutions) in East and West Africa to achieve greater synergism and establish continued collaborative frameworks for evidence-informed policymaking (EIP).","Community Development, Research, Science, Sustainable Development",https://www.pep-net.org/news/call-applications-african-research-centers 
Request for Proposals: Peace Research Grants,Grant,Global,2/28/2025,"The International Peace Research Association Foundation has announced its Peace Research Grants to help peace research projects in places as diverse as Argentina, Bosnia, inner city communities in the United States, the Middle East, the Philippines, the Punjab, and Uganda.","Arts & Culture, Community Development, Education, Research, Science",https://iprafoundation.org/grants-info/ 
Global Protection Programs 2025,Grant,Global,2/28/2025,"The Bureau of Population Refugees and Migration is seeking applications for the Global Protection Programs to advance humanitarian protection for refugees, asylum seekers, and/or stateless persons.","Children, Human Rights, Refugee & Asylum Seekers",https://grants.gov/search-results-detail/357944
United Nations Foundation Grants,Grant,Global,2/28/2025,"UN Foundation supports initiatives across multiple sectors including environment, health, education, and women's empowerment through partnerships and grant funding.","Enviroment, Health Care, Education, Leadership",https://www.un.org/democracyfund/apply-for-funding 
United Nations Democracy Fund (UNDEF),Grant,Global,2/28/2025,"Applications are now open for the United Nations Democracy Fund (UNDEF) to support projects that strengthen the voice of civil society, promote human rights, and encourage the participation of all groups in democratic processes.","Civil Society Development, Democracy & Good Governance, Climate Change, Leadership, Journalism",https://www.un.org/democracyfund/content/when-apply-and-who-can-apply 
Global Youth Action Fund,Grant,Global,2/28/2025,"The International Baccalaureate is seeking applications for its Global Youth Action Fund to identify and recognize motivated students between the ages of 12 and 19 who demonstrate the skills needed to become the socially conscious leaders, innovators, entrepreneurs the world needs today.","Entrepreneurship, Community Development, Innovation, Leadership, Youth & Adolescents",https://www.ibo.org/news/news-about-the-ib/global-youth-action-fund/ 
CFAs: Residency Program in Switzerland,Events,"Asia, Africa, Latin America",3/1/2025,The Swiss Arts Council Pro Helvetia is seeking applications for its Residency Program to support artists and cultural practitioners from various disciplines.,"Arts & Culture, Career Development, Research",https://prohelvetia.ch/en/find-support/residency-in-switzerland/#acc-arab-region 
Partner with Rainforest Trust Grant,Grant,Global,3/1/2025,"The Rainforest Trust is accepting grant applications to support non-profit organizations, Indigenous Peoples, and communities to protect ecosystems in the tropics and subtropics critical to endangered species and climate mitigation.","Community Development, Climate Change, Enviroment",https://www.rainforesttrust.org/get-involved/apply-for-funding/#criteria 
CFAs: UN Voluntary Fund for Victims of Torture,Grant,Global,3/1/2025,The United Nations General Assembly mandated the UN Voluntary Fund for Victims of Torture to distribute voluntary contributions to victims of torture through “established channels of assistance”.,"Civil Society Development, Capacity Building, Human Rights",https://www.ohchr.org/en/about-us/funding-and-budget/trust-funds/united-nations-voluntary-fund-victims-torture/how-apply-annual-grant
United Nations Voluntary Trust Fund on Contemporary Forms of Slavery ,Grant,Global,3/1/2025,The United Nations Human Rights is pleased to announce call for “United Nations Voluntary Trust Fund on Contemporary Forms of Slavery”.,"Civil Society Development, Democracy & Good Governance",https://www.ohchr.org/en/about-us/funding-and-budget/trust-funds/united-nations-voluntary-trust-fund-contemporary-forms-slavery/how-apply-grant
The Uproot Project Fellowship,Fellowship,,3/1/2025,"This year, Uproot is delighted to support seven fellows with reporting projects in the following categories: Environmental Justice, Water, Food, and Culture, Climate Solutions, Science
",Journalism,https://uprootproject.org/initiatives/fellowships/apply/ 
Entries open for Climate Investment Challenge 2025,Awards,Global,3/2/2025,The Climate Investment Challenge calls on students to develop and describe creative financial solutions and innovations addressing the defining challenge of the time climate change.,"Climate Change, Enviroment",https://www.climateinvestmentchallenge.org/
KBF Africa Prize 2025-2026 (Africa),Awards,Africa,3/3/2025,The King Baudouin Foundation is pleased to announce its BF Africa Prize to reward African organisations which contribute to transforming society and sustainably improving the lives of people in Africa.,"Community Development, Sustainable Development",https://kbs-frb.be/en/kbf-africa-prize-2025-2026 
Ochberg Fellowship Program,Fellowship,Global,3/3/2025,"Applications are now open for the Dart Center Ochberg Fellowship, a unique seminar program for senior and mid-career journalists who wish to deepen their knowledge of emotional trauma and psychological injury, and improve reporting on violence, conflict and tragedy.","Career Development, Journalism, Leadership, Media",https://dartcenter.org/resources/2025-ochberg-fellowship 
Applications open for STDF Project Grants,Grant,Global,3/3/2025,The Standards and Trade Development Facility (STDF) funds projects that improve sanitary and phytosanitary (SPS) capacity in developing countries to facilitate safe trade.,Capacity Building,https://standardsfacility.org/project/apply 
TWAS-Samira Omar Innovation for Sustainability Award,Awards,MENA,3/14/2025,The World Academy of Sciences is seeking applications for its TWAS-Samira Omar Innovation for Sustainability Award to recognize the significant impact on the environment and biodiversity of scientists from least developed countries.,"Agriculture Food & Nutrition, Community Development, Biodiversity, Climate Change, Energy, Enviroment, Innovation, Science, Technology, Sustainable Development",https://twas.org/opportunity/twas-samira-omar-innovation-sustainability-award 
ISC2 Women's Cybersecurity Scholarships Program 2025,Scholarship,Global,3/3/2025,The Center for Cyber Safety is currently accepting applications for the Center for Cyber Safety and Education Program.,Education,https://www.iamcybersafe.org/s/womens-scholarships
"RFAs: Advancing Innovative Smoking Cessation through Dissemination, Implementation & Training Grants",Grant,"Europe, Africa, Latin America, Asia",3/3/2025,"The Global Action to End Smoking is seeking proposals for innovative grant programs that disseminate science-based information about smoking cessation tools that are available to people who smoke, their healthcare providers, health journalists including the wider media community and the general public.","Education, Health Care, Innovation, Journalism, Research, Science",https://globalactiontoendsmoking.org/grants/requests-for-proposal/advancing-innovative-smoking-cessation-through-dissemination-implementation-training-grants/ 
2025 Right Livelihood Award,Awards,Global,3/3/2025,"Nominations for the Right Livelihood Award are fully open to the public and can be submitted through our online form below. Nominations are accepted in English, French and Spanish and can be submitted from mid-December until early March.
",Youth Development,ttps://rightlivelihood.org/get-involved/support-us/nominate/    
RFPs: Global Innovation Challenge to accelerate Youth Employability,Grant,"Latin America, Africa",3/4/2025,The Citi Foundation is requesting proposals for the Global Innovation Challenge to accelerate Youth Employability.,"Business & Industry, Innovation, Youth & Adolescents",https://www.citigroup.com/global/foundation/apply-for-funding 
This is Gender - Gender and Disability Photography & Visual Arts Competition,Events,Global,3/4/2025,"The Global Health 50/50 is thrilled to seek applications for its Gender and Disability Photography & Visual Arts Competition to explore disability as the product of social, institutional, architectural and representational systems that invoke different forms of participation of people with physical and cognitive differences in society.","Arts & Culture, Community Development, Education, Health Care, Enviroment, Employment & Labor",https://globalhealth5050.org/updates/open-now-this-is-gender-gender-and-disability-open-call-2025/
STARTS Prize Africa,Awards,Africa,3/5/2025,"Submissions are now open for STARTS, an initiative of the European Commission to foster alliances of science, technology, and artistic practice.","Arts & Culture, Business & Industry, Economic Development, Science, Enviroment, Technology, Sustainable Development",https://starts.eu/starts-prize-africa-open-call-2025/ 
RFPs: Government of Ireland International Education Scholarships Program 2025,Scholarship,Global,3/5/2025,"The Government of Ireland International Education Scholarship (GOI-IES) programme supports high-calibre international students who wish to study at NFQ levels 9 or 10 (master’s, postgraduate diploma or PhD) in Ireland.","Education, Youth & Adolescents",https://hea.ie/policy/internationalisation/goi-ies/
CFPs: Capacity Building Programme for Youth in Sub-Saharan Africa,Grant,"Europe, Africa",3/6/2025,"The European Commission is accepting applications for the capacity building programme aimed at supporting international cooperation in the field of youth and non-formal learning, as a driver of sustainable socio-economic development and well-being among youth organisations and young people.","Entrepreneurship, Capacity Building, Democracy & Good Governance, Economic Development, Learning, Employment & Labor, Climate Change, Enviroment, Information Technology, Leadership, Youth & Adolescents","https://ec.europa.eu/info/funding-tenders/opportunities/portal/screen/opportunities/topic-details/ERASMUS-YOUTH-2025-CB-SSA?isExactMatch=true&status=31094501,31094502&order=DESC&pageNumber=1&pageSize=50&sortBy=startDate "
Call for Kindness,Fellowship,North America,3/9/2025,"The Call For Kindness (C4K) Fellowship gives young leaders (ages 13-23) across the country the skills, connections, and funding they need to run social impact projects that inspire kindness and strengthen their local, national, or global communities. The Fellowship consists of a 12-month leadership development fellowship and a startup grant of up to $5,000. Fellows receive 1:1 coaching and project support, virtual skill-building sessions, an in-person leadership Retreat, mentorship opportunities, and a peer community of other young changemakers. Fellows can also apply for Continuation Grants with ongoing project support and coaching","Youth & Adolescents, Youth Development, Community Development", https://www.rileysway.org/call-for-kindness/ 
RFAs: Next Generation Women Leaders EMEA Program,Events,"Europe, MENA",3/11/2025,"The Next Generation Women Leaders (NGWL) EMEA Program is a three-day virtual program where attendees will explore the importance of women in leadership, develop their own leadership abilities, and create a long-lasting community.","Career Development, Leadership",https://www.mckinsey.com/next-generation-women-leaders/emea 
UAE Research Program for Rain Enhancement Science,Grant,Global,3/13/2025,"The UAE Research Program for Rain Enhancement (UAEREP) requests innovative research and technology proposals that advance the field of rain enhancement, particularly in arid regions.","Capacity Building, Enviroment, Research, Science, Technology",https://www.uaerep.ae/section/outreach/applicants/solicitation?nID=2028&locale=en#breadcrumb 
 African Elephant Fund Program 2025,Grant,Africa,3/15/2025,The United Nations Environment Programme is accepting applications for the African Elephant Fund Program to allow African elephant range States to apply for funding for projects aimed at supporting the implementation of the revised African Elephant Action Plan (AEAP 2023).,Capacity Building,https://www.unep.org/events/award/call-proposals-african-elephant-fund-2025 
World IP Day Youth Video Competition 2025,Events,Global,3/16/2025,"Submissions are open for the World IP Day Youth Video Competition to raise awareness among young people about how IP rights support creation and innovation in the music industry, highlighting their collaborative potential to foster a brighter future for creators, inventors, and entrepreneurs worldwide.","Entrepreneurship, Career Development, Innovation, Youth & Adolescents",https://www.wipo.int/en/web/ipday/2025/video-competition 
Cooperation Grants Programme,Grant,Europe,3/16/2025,"Are you ready to tackle some of their world’s global challenges? The Cooperation Grants has launched its call to support youth organisations, particularly marginalised youth, to engage in policy-making and cross-continental collaboration between Africa and Europe.","Climate Change, Youth & Adolescents, Education", https://aueuyouth.com/cooperation-grants/ 
NGO Whisperer Global Fellowship Programme 2025,Grant,Global,3/17/2025,"The NGO Whisperer® Global Fellowship Programme is an accredited seven-month rigorous virtual leadership programme for exceptional leaders and founders of non-governmental organisations (NGOs) and social enterprises worldwide, especially those from low and middle-income countries.","Entrepreneurship, Capacity Building, Leadership",https://ngowhisperer.com/fellowship/ 
Zealous Amplify - Award for Creatives,Awards,Global,3/17/2025,"The Zealous Co is delighted to invite applications for its Amplify Award, designed to celebrate the most impactful works related to the future.","Arts & Culture, Literacy, Community Development, Innovation, Technology, Sustainable Development",https://zealous.co/zealous/opportunity/Zealous-Amplify-Future/ 
International Fellowship Programme,Fellowship,Global,3/18/2025,"The British Academy is pleased to invite applications for its International Fellowship Programme, enabling researchers to work for two years at a UK institution with the aim of building a globally connected, mobile research and innovation workforce.","Career Development, Research, Innovation",https://www.thebritishacademy.ac.uk/funding/international-fellowships/ 
Newton International Fellowship Programme,Fellowship,"Africa, Latin America, Europe, MENA, Asia",3/18/2025,The Newton International Fellowship programme provides support for outstanding early career researchers to make a first step towards developing an independent research career through gaining experience across international borders.,"Career Development, Research, Innovation, Science",https://royalsociety.org/grants/newton-international/ 
GSMA Innovation Fund for Impactful AI,Grant,Africa,3/19/2025,"GSMA is excited to introduce the Innovation Fund for Impactful AI (“the Fund”), designed to support small and growing enterprises in low- and middle-income countries (LMICs) across Africa, South Asia, Southeast Asia and the Pacific.","Agriculture Food & Nutrition, Business & Industry, Education, Climate Change, Health Care, Information Technology, Innovation",https://www.gsma.com/solutions-and-impact/connectivity-for-good/mobile-for-development/blog/announcing-the-launch-of-the-gsma-innovation-fund-for-impactful-ai/ 
Columbia Global Emerging Scholars Fellowship Program,Fellowship,"Latin America, MENA",3/19/2025,The Columbia Global Emerging Scholars Fellowship Program provides opportunities for early-career scholars in the humanities and humanistic social sciences who hold refugee status or have been forcibly displaced.,"Career Development, Refugee & Asylum Seekers, Research, Social Sciences",https://globalcenters.columbia.edu/emerging-scholars-fellowship-program 
GCSP launches Prize for Transformative Futures in Peace and Security 2025,Grant,Global,3/20/2025,The Geopolitics and Global Futures (GCSP) has launched the Prize for Transformative Futures in Peace and Security to reward groundbreaking concepts that offer exceptional promise in addressing peace and security challenges.,"Education, Innovation, Climate Change, Cyber Security, Human Rights, Information Technology, Peace & Conflict Resolution",https://www.gcsp.ch/events/apply-2025-gcsp-prize-transformative-futures-peace-and-security
Fulbright Foreign Student Program (Uganda),Events,Uganda,3/21/2025,The U.S. Mission Uganda is now accepting applications for the Fulbright Foreign Student Program to?pursue advanced degree and research?programs in the United States.?,"Education, Research",https://ug.usembassy.gov/2026-fulbright-foreign-student-program-call-for-applications-closing-march-21-2025/ 
AMEL Institute Spring Cohort Training,Accelerator,Africa,3/22/2025,The African Middle Eastern Leadership Project is seeking applications for its AMEL Institute Spring Cohort Training to recognize that every single human being on earth is equal in rights and dignity and that there is a critical need for new and creative approaches to ensure rights and equality for all.,"Community Development, Human Rights, Leadership, Youth & Adolescents",https://www.amelproject.org/apply 
Afrika Kommt Fellowship Programme,Fellowship,Africa,3/23/2025,"Afrika Kommt is a fellowship programme that connects visionary African professionals and leading German companies, together they pave the way for global inclusive business and mutually beneficial cooperation.","Career Development, Youth & Adolescents, Innovation, Leadership",https://afrika-kommt.de/become-a-fellow/
LAND - Landscape + Art + Nature + Design Initiative,Events,Global,3/24/2025,"The Bernheim Arboretum and Research Forest is requesting proposals for its LAND - Landscape + Art + Nature + Design Initiative that annually celebrates innovative design concepts for immersive outdoor installations on a grand scale that spark imaginations, conversations, and a deeper appreciation of the natural world.","Arts & Culture, Community Development, Climate Change, Enviroment, Research, Innovation, Sustainable Development",https://bernheim.org/arts-in-nature/land/ 
Youth Empowerment Fund,Grant,Global,3/24/2025,"Youth Empowerment Fund (YEF), a partnership between the European Union (EU) and the Global Youth Mobilization (GYM), an initiative of the Big Six Youth Organisations (Big Six), provides direct financial support for youth-led initiatives focusing on the implementation of the Sustainable Development Goals at the local level.","Climate Change, Enviroment, Sustainable Development, Youth & Adolescents",https://globalyouthmobilization.org/youth-led-solutions-open-call
Transatlantic Media Fellowship Program,Fellowship,Global,3/24/2025,The Heinrich Böll Foundation is seeking applications for its Transatlantic Media Fellowship Program to support well-researched transatlantic journalism.,"Agriculture Food & Nutrition, Community Development, Democracy & Good Governance, Economic Development, Climate Change, Energy, Enviroment, Health Care, Sustainable Development, Technology",https://us.boell.org/en/categories/media-fellowships
Scale Accelerator Programme: Women's Economic Empowerment,Accelerator,Africa,3/26/2025,"Are you an established NGO or social enterprise working in Kenya, Uganda, and Tanzania? Do you have a proven solution that advances the economic resilience of women working in rural settings? Apply for Scale Accelerator and get fully-funded consultancy support to help you expand your impact","Agriculture Food & Nutrition, Business & Industry, Economic Development",https://www.springimpact.org/scale-accelerator-womens-economic-empowerment/?utm_source=Referrals&utm_medium=Social+Media&utm_campaign=ScA+WEE
CFPs: Seed Grant for New African Principal Investigators,Grant,Africa,3/27/2025,"The World Academy of Sciences is seeking applications for its Seed Grant for New African Principal Investigators to support early-career scientists in Sub-Saharan Africa, with particular emphasis on Least Developed Countries.","Agriculture Food & Nutrition, Career Development, Research, Information Technology, Science",https://twas.org/opportunity/seed-grant-new-african-principal-investigators-sg-napi 
Sustainable Peering Infrastructure Funding Program 2025,Grant,Global,3/27/2025,Submissions are now open for the Sustainable Peering Infrastructure Funding Program.,"Capacity Building, Community Development, Information Technology, Sustainable Development",https://www.internetsociety.org/funding-areas/sustainable-peering-ixp/ 
Sandoz Scholarship Program 2025,Scholarship,Global,3/28/2025,"The One Young World is thrilled to invite applications for the Sandoz Scholarship Program to support young leaders who are tackling systemic barriers to healthcare access or creating innovative solutions to promote equitable access to healthcare and medication in their communities, countries, or the world at large.","Education, Health Care, Youth & Adolescents, Innovation, Leadership",https://www.oneyoungworld.com/scholarships/sandoz-foundation/2025 
ReGRoW: Funding for Underresourced Researchers in Low and Lower-Middle Income Countries,Grant,"Latin America, Africa, Asia, MENA",3/28/2025,The Cures Within Reach is requesting for proposals to address any unsolved disease facing patients in LMICs and to build capacity for clinical research while finding available and affordable treatments for patients through repurposing research.,"Research, Capacity Building",https://www.cureswithinreach.org/wp-content/uploads/2025/02/CWR-ReGRoW-RFP-2025.pdf 
UNESCO ICT in Education Prize,Grant,Global,3/28/2025,"The UNESCO King Hamad Bin Isa Al-Khalifa Prize for the Use of ICT in Education recognizes innovative approaches in leveraging new technologies to expand educational and lifelong learning opportunities for all, in line with the 2030 Agenda for Sustainable Development and its Goal 4 on education.","Community Development, Education, Learning, Enviroment, Information Technology, Innovation, Sustainable Development, Youth & Adolescents",https://www.unesco.org/en/prizes/ict-education
UNNF Strategic Needs Fellowship Programme,Fellowship,"Latin America, Europe, Africa",3/30/2025,"The United Nations in partnership with Nippon Foundation are seeking applications for the Strategic Needs Fellowship Programme to enable the most vulnerable States, particularly least developed countries, small island developing States and landlocked developing countries, to better address strategically important and time-sensitive issues facing them in ocean affairs and the law of the sea.","Capacity Building, Community Development, Climate Change, Enviroment, Research, Sustainable Development",https://www.un.org/oceancapacity/content/unnf-strategic-fellowship 
Women PeaceMakers Fellowship Program,Fellowship,Global,3/30/2025,"The Kroc Institute for Peace and Justice at the University of San Diego’s Kroc School of Peace Studies is inviting applications for its Women PeaceMakers Fellowship program to offer a unique opportunity for peacebuilders who focus on gender, peace and conflict to engage in a cycle of learning, practice, research and participation that strengthens peacebuilding partnerships.","Education, Learning, Career Development, Research, Innovation, Peace & Conflict Resolution",https://krocresources.sandiego.edu/wpm-application-2025-2026?utm_campaign=9488910-%5BKROC%5D%20IPJ%20Women%20PeaceMakers%20Application%202025-2026&utm_content=326989241&utm_medium=social&utm_source=facebook&hss_channel=fbp-251131344982699
World Sustainability Award,Awards,Global,3/31/2025,The World Sustainability Award is presented by the Molecular Diversity Preservation International Sustainability Foundation to individuals that have made significant contributions to scholarly research on sustainability.,"Community Development, Economic Development, Education, Enviroment, Research, Sustainable Development",https://mdpi-foundation.org/award 
IMPACT Program to educate Youth about Road Safety,Events,Global,3/31/2025,"The Antoine Alléno Association is inviting applications from any startup capable of providing any form of solution that either avoids an accident, limits the impact of a collision or encourages more responsible driving behaviour.","Startups, Children, Innovation, Technology, Youth & Adolescents",https://vivatechnology.com/challenges/association-antoine-alleno 
African Scholarship Programme,Scholarship,Africa,3/31/2025,The Nordic Africa Institute is inviting applications from early career researchers in Africa to pursue their own research projects in the fields of Social Sciences and Humanities.,"Capacity Building, Research, Humanities, Social Sciences",https://nai.uu.se/opportunities/scholarships/african-guest-researchers-scholarship-programme.html 
Aga Khan Foundation International Scholarship Programme,Scholarship,"Africa, Asia",3/31/2025,"The Aga Khan Foundation’s International Scholarship Programme is an opportunity for outstanding scholars from selected countries, who have no other means of financing their studies, to pursue postgraduate education.","Education, Youth & Adolescents, Leadership", https://the.akdn/en/what-we-do/developing-human-capacity/education/international-scholarships 
EMBL-UNESCO Residency in Infection Biology Research,Fellowship,Africa,3/31/2025,"The European Molecular Biology Laboratory in partnership with United Nations Educational, Scientific and Cultural Organization are seeking applications to promote greater collaboration in the areas of open science, capacity building in developing countries, sharing of scientific resources and the promotion of gender equality in science.","Capacity Building, Research, Leadership, Science",https://www.embl.org/about/info/scientific-visitor-programme/fellowships/embl-unesco-fellowships/ 
CFAs: Summer Training Programme for Undergraduate Students,Accelerator,Global,3/31/2025,"The Spanish National Cancer Research Centre (CNIO; Centro Nacional de Investigaciones Oncológicas), in Madrid, Spain, is pleased to invite applications to offer research training opportunities to students of all nationalities interested in pursuing a research career in the Biomedicine and Life Sciences during summer time.","Career Development, Research, Science",https://www.cnio.es/en/education-and-career-development/career-development-programmes/undergraduate-students/ 
develoPPP Classic Funding Programme,Grant,MENA,3/31/2025,The develoPPP Classic funding instrument of the German Federal Ministry for Economic Cooperation and Development (BMZ) is aimed at already established companies that want to invest sustainably in a developing or emerging country and expand their business activities locally.,"Business & Industry, Enviroment, Technology, Sustainable Development",https://www.developpp.de/en/funding-programme/companies 
Asia Global Fellowship Program,Fellowship,Global,3/31/2025,The AsiaGlobal Fellows Program is an interdisciplinary global leadership development initiative for mid-career professionals with a strong interest and track record in public policy.,"Business & Industry, Civil Society Development, Learning, Career Development, Leadership, Research",https://www.asiaglobalinstitute.hku.hk/agf/application-guidelines
reach52 Community Growth Partner Program,Grant,Africa,3/31/2025,"reach52 is seeking expressions of interest from established Growth Partners (which can include community-based organisations, such as NGOs, socially-minded private sector firms, and civil society organisations) to help them recruit and train Community Health Workers.","Community Development, Health Care",https://impact.reach52.com/community-partnerss
Fulbright Research Awards for African Scholars (Uganda),Grant,,3/31/2025,"The U.S. Mission in Kampala is accepting applications for the Fulbright African Research Scholar Program to support African university faculty, administrators and research institute professionals to conduct postdoctoral research or curriculum development and research at a U.S. academic or research institution during the 2026-2027 academic year.","Languages, Community Development, Education, Health Care, Peace & Conflict Resolution, Research, Technology, Sustainable Development",https://ug.usembassy.gov/2026-fulbright-research-awards-for-african-scholars-closing-31st-march-2025/
United Nations Public Service Awards,Grant,Global,3/31/2025,"The Department of Economic and Social Affairs is pleased to announce its United Nations Public Service Awards to recognize creativity and innovation within public institutions to enhance effectiveness, transparency, and inclusiveness.","Education, Innovation, Sustainable Development, Health Care",https://publicadministration.desa.un.org/2026-un-public-service-awards
RFAs: Medium-term Advanced and Translational Training Fellowship Program,Fellowship,Africa,3/31/2025,The Centre for Epidemic Response and Innovation is requesting applications for its Advanced and Translational Training Fellowship Program to enable hands-on and immersive training for 4-6 months.,"Capacity Building, Community Development, Health Care, Sustainable Development, Science, Research, Leadership, Innovation, Enviroment",https://www.starsfellows.africa/advanced-translational-training/
Visiting PhD Fellowship Programme,Fellowship,"Africa, Asia, Latin America",3/31/2025,The World Institute for Development Economics Research Visiting PhD Fellowship Programme gives registered doctoral students the opportunity to utilize the resources and facilities at UNU-WIDER for their PhD dissertation or thesis research on developing economies and to work with their researchers in areas of mutual interest.,"Economic Development, Education, Research",https://www.wider.unu.edu/opportunity/visiting-phd-fellowship
“Right to the Discipline” Grant Program,Grant,Global,3/31/2025,"The Antipode Foundation is excited to announce its “Right to the Discipline” Grant Program, intended to facilitate creative intellectual and political interventions, inventive forms of collaboration and tears in the fabric of extant orthodoxies in the discipline.","Arts & Culture, Literacy, Education, Research, Media, Humanities, Social Sciences",https://antipodeonline.org/a-right-to-the-discipline/?fbclid=IwY2xjawI7UD5leHRuA2FlbQIxMAABHRogr2i8t_weaRqrzgWavF5NtLhwXDsPjTDfOx6rpaSp4HxnGicq9eEcfw_aem_utzo3w72iHKg0w3-gKew8Q
CFAs: Fernand Braudel Senior Fellowship Programme,Fellowship,Global,3/31/2025,The European University Institute is seeking applications for its Fernand Braudel Senior Fellowship Programme to provide a framework for established academics with an international reputation to pursue their research at the institute.,"Arts & Culture, Economic Development, Education, Research, Social Sciences",https://www.eui.eu/apply?id=fernand-braudel-senior-fellowships
All Good Ventures 2025: Funding & Mentorship for Social Entrepreneurs,Accelerator,Global,3/31/2025,Applications are now open for All Good Ventures Programme.,"Agriculture Food & Nutrition, Business & Industry, Entrepreneurship, Community Development, Education, Employment & Labor, Health Care", https://www.allgood.ventures/
Social Art Award 2025,Grant,Global,3/31/2025,"The Social Art Award 2025, launched by the Institute for Art and Innovation is calling on artists worldwide to contribute their visionary works under the theme: “Planetary Healing – Blue Tribes for Ocean Health.”","Arts & Culture, Community Development, Biodiversity, Climate Change, Innovation, Sustainable Development",https://social-art-award.org/social-art-award-2025/ 
Close The Gap Foundation Summer Fellowship,Fellowship,North America,3/30/2025,"The Social Impact Fellowship is a 3-month summer online fellowship for low-income, first-gen students in grades 10 and 11 to find mentors, grow their confidence, and give back.","Youth Development, Youth & Adolescents",https://www.closethegapfoundation.org/program/fellowship-2025?utm_source=Close+the+Gap&utm_campaign=aa3dbad7ca-EMAIL_CAMPAIGN_2024_02_29_05_06_COPY_01&utm_medium=email&utm_term=0_-27a33a5d2b-665355165#apply 
Academic Scholarship Program,Scholarship,Global,4/1/2025,The BeArt-Presets is pleased to announce the Academic Scholarship program to recognize the importance of education and the role it plays in personal and professional fulfillment.,Education,https://www.beart-presets.com/beart-scholarship-program
Entries open for BfE Incubation Programme,Training,Global,4/1/2025,The Bridges for Enterprise (BfE) is inviting applications for its Incubation Programme to support social enterprises on the path to financial sustainability and creating impact in their communities.,"Business & Industry, Entrepreneurship, Community Development",https://www.bridgesforenterprise.com/for-startups/incubation/sign-up 
Obama-Chesky Voyager Scholarship,Scholarship,,4/1/2025,"The Obama-Chesky Scholarship for Public Service supports students who have a passion for helping others, experience serving their communities, and can demonstrate an expansive view of what’s possible through public service.","Youth Development, Youth & Adolescents, Community Development",https://www.obama.org/programs/voyager-scholarship/   
Outstanding Research Team Prize,Grant,"Europe, Africa",4/1/2025,The European Commission is inviting applications for its Outstanding Research Team Prize to support scientific collaborations.,"Capacity Building, Health Care, Research, Science","https://ec.europa.eu/info/funding-tenders/opportunities/portal/screen/opportunities/topic-details/HORIZON-JU-EDCTP3-2025-OutsResearchTeamPrize?isExactMatch=true&status=31094501,31094502,31094503&order=DESC&pageNumber=2&pageSize=50&sortBy=startDate"
HIV Research Trust Scholarship,Scholarship,"MENA, Asia",4/2/2025,Applicants are now invited to submit applications for the HIV Research Trust Scholarship.,Research,https://www.tht.org.uk/hiv-research-trust/apply-for-scholarship 
TWAS Research Grants for Interdisciplinary Research: Collaborative Grants Programme,Grant,Africa,4/3/2025,The World Academy of Sciences is pleased to invite applications to support high-level scientists for interdisciplinary research projects.,"Capacity Building, Research, Science, Technology",https://twas.org/opportunity/twas-research-grants-programme-interdisciplinary-research-collaborative-grants 
TWAS Research Grants Programme in Basic Sciences- Groups,Grant,Africa,4/3/2025,"Applicants are now invited to submit applications for the TWAS Research Grants Programme in Basic Sciences - Groups to promising high-level research projects in biology, chemistry, mathematics and physics carried out by research units in the S&T-lagging countries identified by TWAS.","Capacity Building, Research, Innovation, Science, Technology, Youth & Adolescents", https://twas.org/opportunity/twas-research-grants-programme-basic-sciences-groups 
TWAS Research Grants Programme in Basic Sciences for Individuals,Grant,Africa,4/3/2025,"The World Academy of Sciences has launched its Research Grants Programme to promising high-level research projects in biology, chemistry, mathematics and physics carried out by individual scientists in one of the S&T-lagging countries identified by TWAS.","Capacity Building, Innovation, Research, Science, Technology, Youth & Adolescents",https://twas.org/opportunity/twas-research-grants-programme-basic-sciences-individuals 
re:constitution Fellowships,Fellowship,Global,4/3/2025,The Forum Transregionale Studien invites applications for re:constitution Fellowships in two tracks for the period from October 2025 until July 2026.,"Community Development, Democracy & Good Governance, Learning, Research, Journalism, Sustainable Development",https://www.reconstitution.eu/en/news/news-detail/call-for-applications-reconstitution-fellowships-2025-2026 
Pau Casals UNESCO Chair Research Grants,Grant,Global,4/3/2025,The Pau Casals Foundation is requesting applications for its Pau Casals UNESCO Chair Research Grants.,"Arts & Culture, Democracy & Good Governance, Sustainable Development, Research, Media, Humanities",https://www.catedra.paucasals.eu/en/research-grants-2025/
Foodtech Innovations Awards 2025,Grant,Global,4/4/2025,Applications are now open for Foodtech Innovations Awards 2025. The awards recognize the most innovative proposals that offer a disruptive approach to Customer Experience or Management. Innovative business models or technology that can make a change in the food sector.,"Agriculture Food & Nutrition, Business & Industry, Sustainable Development, Technology, Science, Research, Innovation, Enviroment, Climate Change, Startups",https://www.expofoodtech.com/awards/
Felix Schoeller Photo Award,Grant,Global,4/5/2025,The Felix Schoeller Photo Award is an international photography award for professional photographers and young photographic talent.,"Arts & Culture, Media, Community Development, Youth & Adolescents, Sustainable Development",https://www.felix-schoeller-photoaward.com/en/award
Startup Challenge by The China Pavilion,Grant,Global,4/6/2025,Applications are now open for the Startup Challenge by The China Pavilion.,"Business & Industry, Startups, Education, Enviroment, Health Care, Innovation, Technology",https://vivatechnology.com/challenges/china-pavillon-2025
Fluid Earth GroundWork Residency Exhibition Programme,Events,Global,4/6/2025,"Applications are now open for Fluid Earth, the title of GroundWork Gallery’s fifth annual artist residency and exhibition programme for 2025.","Arts & Culture, Enviroment, Sustainable Development",https://www.groundworkgallery.com/groundwork_projects/the-groundwork-residency-2025/
Academy of Fine Arts x International City of Arts Residency Programmes,Events,Global,4/6/2025,The Academy of Fine Arts in partnership with the International City of Arts are pleased to invite applications for their Arts Residency Programmes to provide professional support for artists in residence on the Cité’s Montmartre and Marais sites.,"Arts & Culture, Media, Career Development",https://www.citedesartsparis.net/en/2023--2024-residency-programmes
Echo360 e3 Tech Grant Program,Grant,Global,4/7/2025,"Submissions are now open for the Echo360 e3 Tech Grant Program that provide educators and trainers resources to advance equity, engagement, and evidence in every learning environment.",Technology,https://echo360.com/company/grants/ 
Sub-Saharan Africa Regional Program,Events,Africa,4/7/2025,The Fondation l'Oreal is requesting applications for its Sub-Saharan Africa Regional Program to promote and encourage the participation of young African women in science.,"Career Development, Research, Science, Youth & Adolescents",https://www.forwomeninscience.com/challenge/show/129 
The WE Award - Together Against Loneliness,Grant,Global,4/7/2025,"The One Young World is delighted to invite applications for its WE Award to recognize five exemplary young leaders who are putting in the work to bring people back together. By spotlighting their efforts, they hope to inspire others and reaffirm their shared commitment to building a more authentically connected future.","Community Development, Leadership, Youth & Adolescents",https://www.oneyoungworld.com/scholarships/weaward/2025
Youth for Biosecurity Fellowship Programme,Fellowship,Global,4/7/2025,The United Nations Office for Disarmament Affairs in Geneva in partnership with key international actors that empower youth in science diplomacy and global biosecurity are inviting applications for the Youth for Biosecurity Fellowship Programme to provide a unique learning and networking experience in the framework of the Biological Weapons Convention.,"Learning, Health Care, Research, Youth & Adolescents, Leadership, Science",https://disarmament.unoda.org/youth4biosec-fellowship-2025/
Atlantic Fellows for Health Equity Program,Fellowship,Global,4/10/2025,The George Washington University is seeking applications from leaders who have the courage and compassion to confront life-limiting disparities in health.,"Arts & Culture, Business & Industry, Democracy & Good Governance, Education, Health Care, Leadership, Research, Media",https://healthequity.atlanticfellows.org/apply/ 
Resilience Innovation through Scaling Entrepreneurship Urban Challenge,Grant,"Africa, Latin America",4/11/2025,The Global Resilience Partnership (GRP) is launching the Resilience Innovation through Scaling Entrepreneurship (RISE) Urban Challenge to convert idea- and concept-level innovative ideas that are meeting resilience needs in urban informality contexts and scale them to sustainable ideas.,"Business & Industry, Entrepreneurship, Biodiversity, Climate Change, Innovation, Youth & Adolescents",https://www.globalresiliencepartnership.org/now-open-resilience-innovation-through-scaling-entrepreneurship-rise-urban-challenge/
Youth Leader Fund for a World without Nuclear Weapons,Events,Global,4/13/2025,The applications for the second phase of the Youth Leader Fund (YLF) Programme are now open!,"Education, Youth & Adolescents, Journalism, Media, Enviroment",https://www.disarmamenteducation.org/#/en/resources/type-41/project/798
CFPs: Media Studies Grant Program,Grant,Global,4/14/2025,The Media Studies Commission of the International Federation of Television Archives is excited to invite researchers from different disciplinary backgrounds to carry out research into broadcast archives.,"Arts & Culture, Media, Community Development, Climate Change, Research, Enviroment, Sustainable Development, Science, Technology",https://fiatifta.org/media-studies-grant-2025/
I AM NALA Fellowship Programme,Fellowship,Africa,4/14/2025,"Nala Feminist Collective invites young African women who are refugees, internally displaced persons or stateless to apply for I AM NALA Fellowship Programme for the period of July 2025 to July 2026.","Capacity Building, Peace & Conflict Resolution, Refugee & Asylum Seekers",https://x.com/_Nalafem/status/1898342538571821432 
Roots Micro-Grants Program,Grant,"Latin America, MENA, Africa",4/14/2025,"Applicants are now invited to submit applications for its Roots Micro-Grants Program to support youth-led projects, initiatives, research, or campaigns that advocate for climate justice through an intersectional lens, have strategies rooted in radical systemic change; and reach new, persuadable audiences, and create intergenerational ties.","Capacity Building, Community Development, Climate Change, Youth & Adolescents, Innovation, Research",https://poweredbyroots.org/resourcing-campaigns
James Buchanan Fellowship Program,Fellowship,Global,4/15/2025,The Mercatus Center at George Mason University is requesting applications for its James Buchanan Fellowship Program to support scholars in any discipline who have recently graduated from their doctoral programs.,"Economic Development, Education, Research",https://www.mercatus.org/students/james-buchanan-fellowship#2392643287-3461968976 
IMU-Simons Research Fellowship Program for Developing Countries,Fellowship,"Africa, Latin America, MENA, Asia",4/15/2025,The IMU-Simons Research Fellowship Program for Developing Countries supports mathematicians from developing countries to travel to a mathematical institution for collaborative research for up to three months.,"Education, Research, Science", https://www.mathunion.org/cdc/grants/grants-research-visits/imu-simons-research-fellowship-program-developing-countries 
Lee Schipper Memorial Scholarship for Sustainable Transport and Energy Efficiency,Scholarship,Global,4/15/2025,"Looking for an opportunity to catalyze sustainable, people-centered urban mobility? The Lee Schipper Memorial Scholarship wants to help you transform ideas into reality.","Community Development, Research, Youth & Adolescents, Sustainable Development",https://www.wri.org/update/2025-lee-schipper-memorial-scholarship-now-open-submissions 
Don Lavoie Fellowship Program,Fellowship,Global,4/15/2025,"The Don Lavoie Fellowship is a competitive, renewable, and online fellowship program for advanced undergraduates, recent graduates and early-stage graduate students.","Economic Development, Education, Research",https://www.mercatus.org/students/don-lavoie-fellowship?gad_source=1&gclid=CjwKCAiA5eC9BhAuEiwA3CKwQvXIuLVrfUlMfJ_-h2MSXZQCXw_wh8lNDk9oclkOkZTbv8E5F93KVBoCmTQQAvD_BwE
Iris Prize 2025,Grant,Global,4/15/2025,"Are you aged 14-24? Do you have an idea or an established project protecting or restoring nature in your local community? If yes, then apply now for the Iris Prize.","Community Development, Enviroment, Youth & Adolescents",https://theirisproject.org/how-to-apply?fbclid=IwY2xjawI1BedleHRuA2FlbQIxMAABHRvIY-JplEFv9Fe5c6vpMdKCF0_6tnPG99NIOxdIA80s0BkctPdUHSnl9g_aem_Pj45ztlUxsDcxS7-Hv-XiQ
Environmental Justice in Tech Fellowship Program,Fellowship,Global,4/15/2025,"The Rooted Futures Lab is excited to announce its Environmental Justice in Tech Fellowship Program which offers a unique opportunity to shape the intersection of environmental justice and technology while building expertise in research, education and creative intervention.","Education, Climate Change, Enviroment, Information Technology, Research",https://www.rootedfutureslab.io/ejit-fellowship
"CFPs: Informing Humanitarian response through Research, Learning and Innovation",Grant,"Africa, Asia",4/16/2025,"The Novo Nordisk Foundation is seeking submissions for its grant program to support humanitarian actors and the humanitarian system in identifying, adapting, or integrating research, learning, and innovative approaches to improve the quality of humanitarian response and deliver better outcomes for people affected by humanitarian crises.","Learning, Climate Change, Health Care, Innovation, Research",https://novonordiskfonden.dk/en/grant/informing-humanitarian-response-through-research-learning-and-innovation/ 
CFPs: Small Research Grants on Education Program,Grant,Global,4/16/2025,"The Spencer Foundation is inviting proposals for its Small Research Grants on Education Program to support rigorous, intellectually ambitious and technically sound research that is relevant to the most pressing questions and compelling opportunities in education.","Arts & Culture, Economic Development, Education, Research, Science",https://www.spencer.org/grant_types/small-research-grant 
Deloitte Scholarship Program 2025,Scholarship,Global,4/16/2025,"The One Young World is seeking applications for its Deloitte Scholarship Program designed for young leaders who are pioneering innovative solutions to either address the causes and effects of climate change and protect natural ecosystems, or transform education and skills development for the future workforce.","Entrepreneurship, Community Development, Education, Biodiversity, Youth & Adolescents, Leadership, Energy, Climate Change, Information Technology, Sustainable Development",https://www.oneyoungworld.com/scholarships/deloitte/2025
Global Climate Challenge 2025,Awards,Global,4/17/2025,The Massachusetts Institute of Technology: Solve seeks exceptional solutions that leverage technology to address any aspect of the climate crisis.,"Agriculture Food & Nutrition, Capacity Building, Community Development, Economic Development, Education, Employment & Labor, Climate Change, Energy, Innovation, Leadership, Technology, Sustainable Development",https://solve.mit.edu/challenges/2025-global-climate-challenge 
Global Economic Prosperity Challenge 2025,Awards,Global,4/17/2025,The Massachusetts Institute of Technology: Solve is seeking exceptional technology-driven solutions to increase economic prosperity for all.,"Agriculture Food & Nutrition, Capacity Building, Community Development, Economic Development, Education, Career Development, Employment & Labor, Cyber Security, Innovation, Leadership, Science, Technology, Sustainable Development",https://solve.mit.edu/challenges/2025-global-economic-prosperity-challenge 
Global Health Challenge 2025,Awards,Global,4/17/2025,The Massachusetts Institute of Technology: Solve seeks exceptional solutions that leverage technology to increase access to good health and healthcare.,"Capacity Building, Community Development, Economic Development, Education, Employment & Labor, Health Care, Innovation, Leadership, Technology", https://solve.mit.edu/challenges/2025-global-health-challenge 
Global Learning Challenge 2025,Awards,Global,4/17/2025,The Massachusetts Institute of Technology: Solve is thrilled to seek exceptional solutions that leverage technology to improve learning outcomes for all.,"Community Development, Education, Learning, Literacy, Employment & Labor, Technology, Sustainable Development",https://solve.mit.edu/challenges/2025-global-learning-challenge 
AstraZeneca Young Health Programme Impact Fellowship,Fellowship,Global,4/17/2025,"The AstraZeneca is looking for passionate, driven young leaders to join its 2025 Young Health Programme (YHP) Impact Fellowship.","Community Development, Learning, Career Development, Youth & Adolescents, Leadership, Health Care", https://www.oneyoungworld.com/scholarships/astrazeneca-yhp/2025
Seeds of Sustainability Fund Program 2025,Grant,Global,4/18/2025,"The Ceiba Foundation for Tropical Conservation is accepting applications for the Seeds of Sustainability Fund Program to stimulate or catalyze projects that address biodiversity loss, climate change, and environmental inequality.","Agriculture Food & Nutrition, Education, Climate Change, Enviroment, Sustainable Development",https://ceiba.org/partners/#seedsofsustainability
 EquityTech Fellowship 2025,Fellowship,Global,4/18/2025,Applications are now open for the EquityTech Fellowship 2025. The program will bring together entrepreneurs from across the U.S. and the globe leveraging technology to close gaps in education and the workforce.,"Startups, Education, Learning, Information Technology",https://www.halcyonhouse.org/programs/equitytech-fellowship-2025/
 Indo-Pacific Futures Fellowship,Fellowship,Global,4/18/2025,"Submissions are now open for Indo-Pacific Futures Fellowship from the East-West Center and the Doris Duke Foundation to examine the vital connections between food security, energy systems, and leadership for the greater good.","Agriculture Food & Nutrition, Business & Industry, Arts & Culture, Entrepreneurship, Community Development, Democracy & Good Governance, Energy, Leadership, Media, Technology, Sustainable Development",https://www.eastwestcenter.org/apply/indo-pacific-futures-fellowship
 PAVE Global Student Aid Program,Events,Global,4/18/2025,The PAVE Global Student Aid Program provides financial assistance to college students worldwide who are experiencing economic hardship while pursuing degrees in design-related fields.,"Arts & Culture, Education, Career Development",https://www.paveglobal.org/studentaid?fbclid=IwY2xjawJEnilleHRuA2FlbQIxMAABHYEFRVxBLY4TiuZ0TbpQhE0o_v47LhDz5quXQ8-c2k35ONK4Jr4MKEfvIw_aem_nNWUihmWN8KhGSUF6c7UyA
Almond Round Grant Program,Grant,Global,4/18/2025,Applications are now open for the Almond Round Grant Program.,"Business & Industry, Community Development, Democracy & Good Governance, Education",https://www.prezenti.xyz/grants
Call for Applications: Global Energy Prize,Awards,Global,4/20/2025,Applications are now open for the Global Energy Prize.,"Community Development, Energy, Enviroment, Research, Science, Technology, Sustainable Development",https://globalenergyprize.org/en/the-statute-about-the-international-energy-award-prize-for-research-in-the-field-of-energy/
Center for Iberian Studies Competition Regulation 2025,Events,Global,4/21/2025,"The Center for Iberian Studies is now accepting applications for its Competition Regulation to strenghthen the cultural and scientific axis organized by Coimbra, Guarda and Salamanca and, through an active involvement in territorial cooperation, committed to low density territories, particularly the most peripheral and border ones.","Agriculture Food & Nutrition, Arts & Culture, Community Development, Enviroment, Poverty Alleviation, Technology, Sustainable Development, Youth & Adolescents, Civil Society Development",https://www.cei.pt/transversalidades/competition-regulation.html 
"AI, Tech, and #huManpower Challenge: Redefining the Future of Work",Grant,Global,4/21/2025,"Applications are now open for the AI, Tech, & #huManpower Challenge: Redefining the Future of Work—a startup challenge by ManpowerGroup.","Startups, Employment & Labor",https://vivatechnology.com/challenges/manpower-group-2025
EDF Startup Challenge: Innovative Solutions for Workplace Health and Safety,Events,Global,4/21/2025,Applications are now open for the EDF Startup Challenge! EDF Group is seeking innovative solutions for health and safety at work to protect the lives of the women and men who make up the Group.,"Startups, Health Care, Innovation",https://vivatechnology.com/challenges/edf-2025
Play Learn Thrive Program 2025,Grant,Africa,4/24/2025,"The Grand Challenges Canada is launching a new portfolio, Play Learn Thrive, to respond to gaps in current Early Childhood Development in Emergencies (ECDiE) and Education in Emergencies (EiE) approaches.","Arts & Culture, Children, Capacity Building, Education, Learning, Innovation",https://www.grandchallenges.ca/funding-opportunities/ 
The Trinity Challenge: Community Access to Effective Antibiotics 2025,Grant,"Africa, Asia",4/24/2025,The Massachusetts Institute of Technology is now accepting applications for its Trinity Challenge: Community Access to Effective Antibiotics.,Community Development,https://solve.mit.edu/challenges/trinity-challenge-community-access-antibiotics
Next Work Environment Student Scholarship Competition,Events,Global,4/25/2025,The Work Design Magazine is excited to invite applications for its Next Work Environment Competition to shape the future of work environments.,"Community Development, Employment & Labor, Youth & Adolescents, Civil Society Development",https://www.workdesign.com/2025-next-work-environment-student-competition/
International Children’s Peace Prize,Grant,Global,4/27/2025,The KidsRights is inviting nominations for its International Children’s Peace Prize to promote the wellbeing of children across the world and advocate for the realization of their rights.,"Children, Leadership, Peace & Conflict Resolution",https://www.kidsrights.org/news/nominate-international-childrens-peace-prize-2025/
EMA Small Grant Program,Grant,"Africa, Asia",4/28/2025,The Elephant Managers Association is seeking applications for its Small Grant Program which will focus on field-based elephant conservation projects in Africa and Asia.,"Capacity Building, Community Development, Education, Land Conservation, Research",https://www.elephantmanagers.org/Small-Grants-Program
Einstein Award for Promoting Quality in Research,Awards,Global,4/29/2025,"The Einstein Award for Promoting Quality in Research in cooperation with the QUEST Center for Responsible Research at the Berlin Institute of Health at Charité honors researchers, institutions, and early career researchers around the globe whose work helps to fundamentally advance the quality, transparency, and reproducibility of science and research.","Education, Research, Innovation, Science, Humanities, Social Sciences",https://award.einsteinfoundation.de/ 
Abel Visiting Scholar Program,Scholarship,Global,4/30/2025,The Abel Visiting Scholar Program is intended for mathematicians professionally based in developing countries to visit an international research collaborator for a period of one month.,"Education, Career Development, Research",https://www.mathunion.org/cdc/grants/grants-research-visits/abel-visiting-scholar-program 
Entries open for Voice Talent Online Scholarship Competition,Scholarship,Global,4/30/2025,The Voice Talent Online is thrilled to invite applications from outstanding students who are interested to compete for its Annual Scholarship Competitions.,"Arts & Culture, Education",https://www.voicetalentonline.com/scholarship/about-the-scholarship/ 
STIAS Individual Fellowship Program,Fellowship,Global,4/30/2025,The Stellenbosch Institute for Advanced Study is delighted to invite applications for its Individual Fellowship Program to provide and maintain an independent ‘creative space for the mind’ to advance the cause of science and scholarship across all disciplines.,"Education, Innovation, Science, Research",https://stias.ac.za/fellowships/individual/ 
Africa Fellows in Education Program,Fellowship,Africa,4/30/2025,The Partnership for Economic Policy is inviting applications for its Africa Fellows in Education Program to enhance education decision-making across Sub-Saharan Africa as part of a broader strategy for long-term economic development through a skilled population.,"Economic Development, Education, Leadership, Research",https://www.pep-net.org/news/call-applications-africa-fellows-education-program-20252026 
Jacobs Teen Innovation Challenge,Grant,Global,4/30/2025,The Jacobs Teen Innovation Challenge is a global virtual competition that empowers students aged 13-18 to become changemakers by using design thinking to develop innovative solutions to real-world problems.,"Children, Community Development, Economic Development, Enviroment, Leadership, Teacher Education, Learning, Youth & Adolescents",https://www.pactful.org/jtic25/
Marcus Wallenberg Prize,Grant,Global,4/30/2025,"The Board of the Marcus Wallenberg Foundation and its Selection Committee invite individuals and institutions, globally, to nominate candidates for the Marcus Wallenberg Prize.","Community Development, Innovation, Science, Technology, Sustainable Development",https://www.mwp.org/nomination/
 IOI Fund for Network Adoption,Grant,"Africa, Latin America",4/30/2025,"The Invest in Open Infrastructure is pleased to announce its IOI Fund for Network Adoption to support the shared adoption, implementation, and expansion of open data infrastructure to foster collaborative research, with a particular focus on Africa, North America, and Latin America.","Agriculture Food & Nutrition, Community Development, Climate Change, Sustainable Development, Research, Civil Society Development",https://investinopen.org/blog/call-for-proposals-ioi-fund-for-network-adoption/
John Allwright Fellowship Program,Fellowship,"Africa, Asia",4/30/2025,"The John Allwright Fellowship Program is an opportunity to obtain formal postgraduate qualifications, such as a Master by Research or PhD degree at an Australian tertiary institution.","Education, Career Development, Climate Change, Research",https://www.aciar.gov.au/scholarships/john-allwright-fellowship
RFAs: Essential Skills Training for Women Enterprises Under the Grow Project (Uganda),Accelerator,,4/30/2025,"The Government of the Republic of Uganda received ­financing from the World Bank to implement the Generating Growth Opportunities and Productivity for Women Enterprises (GROW) Project, which is being implemented by the Ministry of Gender, Labour, and Social Development (MGLSD) and Private Sector Foundation Uganda (PSFU).","Business & Industry, Entrepreneurship, Literacy",https://grow.go.ug/informationcenter/applications/essentialskills/
Business Partnership Facility,Grant,Europe,4/30/2025,Are you a Luxembourg or European Union enterprise with impactful know-how or technology? Keen to leverage your innovation for impactful business partnerships in new markets? Explore new business horizons in developing countries with financial boost from the BPF!,"Agriculture Food & Nutrition, Education, Climate Change, Innovation, Technology, Enviroment, Sustainable Development",https://www.luxaidbusiness4impact.lu/en/business-partnership-facility/
Innovative WASH Solutions,Grant,"Europe, MENA, Latin America",4/30/2025,United Nations International Children's Emergency Fund (UNICEF) Sustainable WASH Innovation Hub is looking for proven innovative WASH solutions with potential for accelerated scale.,Children, https://www.unicef.org/innovation/call-innovative-wash-solutions
African Continental Free Trade Area Digital Innovation Challenge (Africa),Awards,Africa,4/18/2025,"The African Continental Free Trade Area (AfCFTA) Secretariat is excited to launch the 2025 Digital Innovation Challenge in Trade, an initiative aimed to empower young African innovators to develop digital solutions that address cross-border trade barriers for MSMEs.","Business & Industry, Startups, Capacity Building, Innovation, Youth & Adolescents, Information Technology",https://events.au-afcfta.org/digital-innovation-challenge
CFAs: World Heritage Young Professionals Forum,Events,Global,4/22/2025,"The United Nations Educational, Scientific and Cultural Organization is seeking applications for its World Heritage Young Professionals Forum to enhance the understanding and expertise of young professionals in protecting, preserving, and promoting the natural and cultural World Heritage through the implementation of emerging technologies.","Arts & Culture, Learning, Information Technology, Innovation, Youth & Adolescents",https://whc.unesco.org/en/news/2765
Go Global MBA Scholarship Program,Scholarship,Global,4/24/2025,"Are you looking to take the next step in your business career? Are you looking for an MBA scholarship? If your answer is yes, then now is your chance to apply for the Go Global MBA Scholarship Program.","Business & Industry, Education, Career Development",https://www.educations.com/scholarships/go-global-mba-scholarship-20629
Varkey Foundation Global Student Prize,Awards,Global,4/27/2025,"The Global Student Prize, presented by the Varkey Foundation in partnership with Chegg.org, is an annual award recognising exceptional students worldwide who make a significant impact on learning, their peers, and society.","Learning, Leadership",https://globalteacherprize.org/pages/globalstudentprize
Impact Pioneers Programme: Enabling Climate Tech Entrepreneurship,Events,MENA,4/30/2025,"Are you dedicated to nurturing and growing your local ecosystem for Climate Tech entrepreneurship? If yes, apply for Impact Pioneers '25, a leadership programme that welcomes you to exchange experiences with an international network of peers and gain firsthand insights and experience from Sweden’s most successful Climate Tech entrepreneurship leaders and environments.","Entrepreneurship, Startups, Economic Development, Employment & Labor, Climate Change, Innovation, Leadership, Technology",https://si.se/en/apply/si-leadership-programmes/impact-pioneers/
IBM Sustainability Accelerator,Accelerator,Global,4/30/2025,"IBM is accepting proposals for projects focused on sustainable consumption and production, driven by AI innovation.","Capacity Building, Economic Development, Innovation",https://www.ibm.com/campaign/2025/sustainability-accelerator-rfp
Pulitzer Center ACE Micro Grants,Grant,Africa,4/30/2025,"The Pulitzer Center is currently accepting applications for the Africa Climate and Environment Micro Grants, a call for outreach proposals for local movements in Africa to apply with innovative ideas for outreach activities that clearly and creatively integrate one or more Pulitzer Center stories, while targeting young professionals or communities on topics including the rainforest, ocean and marine protection, spaces, and the impacts of climate change on labor and workers.","Employment & Labor, Biodiversity, Climate Change, Enviroment, Human Rights",https://pulitzercenter.org/grants-fellowships/opportunities-journalists/ace-micro-grants-2025
Norwegian Studies at Universities outside of Norway,Grant,Global,4/30/2025,"The Norwegian Directorate for Higher Education and Skills has launched its Call for applications for Norwegian Studies at Universities outside of Norway to support projects that aim to strengthen Norwegian language, literature and culture studies at universities outside of Norway.","Arts & Culture, Literacy, Education",https://hkdir.no/en/grants-and-open-calls/call-for-applications-for-norwegian-studies-at-universities-outside-of-norway-2025#Who%20can%20apply?
Scroll of Honour Award,Awards,Global,4/30/2025,The UN-Habitat has launched its call for nominations for the Scroll of Honour Award – one of the most prestigious global awards recognizing major contributions to sustainable urban development.,"Climate Change, Peace & Conflict Resolution, Sustainable Development",https://unhabitat.org/news/17-feb-2025/un-habitat-opens-nominations-for-2025-scroll-of-honour-award
 QBE AcceliCITY Resilience Challenge,Awards,Global,4/30/2025,"Applications are now open for the QBE AcceliCITY Resilience Challenge, a virtual global start-up accelerator designed to identify, accelerate, and implement groundbreaking solutions that help communities prepare for, respond to, and recover from the growing risks of climate change, infrastructure failures, and urban challenges.","Business & Industry, Startups, Innovation", https://leadingcities.org/qbe-accelicity-resilience-challenge/13c190b9-7f01-4aa2-a436-f1ab5b40d92b
RFPs: Sawfish Conservation Society Small Research Grant 2025,Grant,Global,4/30/2025,"The Sawfish Conservation Society Small Research Grant connect the world to advance global sawfish education, research, and conservation.","Education, Research",https://www.sawfishconservationsociety.org/
Finca Ventures Prize Competition 2025,Awards,Africa,4/30/2025,Are you an African entrepreneur working to disrupt the market with a bold idea that could help end poverty in their lifetime? FINCA Ventures is hosting the second annual Prize Competition to fund early-stage companies with visionary leaders looking to drive impact and innovation in climate-smart agriculture and fintech in Sub-Saharan Africa.,"Agriculture Food & Nutrition, Entrepreneurship, Literacy, Innovation, Technology",https://finca.org/finca-ventures-prize-competition
Nominations open for World Food Prize,Awards,Global,5/1/2025,"Nominations are now open for the World Food Prize which is awarded for a specific, exceptionally significant, individual achievement that advances human development with a demonstrable increase in the quantity, quality, availability of or access to food through creative interventions at any point within the full scope of the food system.","Agriculture Food & Nutrition, Economic Development, Health Care, Entrepreneurship, Leadership, Poverty Alleviation, Science",https://www.worldfoodprize.org/index.cfm?nodeID=87515&audienceID=1 
NWN Community Investments Grant Program,Grant,Global,5/1/2025,The NextWorldNow Community Investments (NWN) is now accepting grant applications to provide resources for projects defined by local leaders to improve the lives and well-being of the people in the community.,"Community Development, Innovation, Leadership",https://sites.google.com/site/nextworldnowcommunity/home 
" Workshop on Geoheritage Management in UNESCO designated Sites
",Events,"Africa, Latin America, Europe",5/1/2025,The United Nations Educational Scientific and Cultural Organisation is pleased to announce its International Geoscience and Geoparks Programme to support research and capacity building in Earth Sciences.,"Capacity Building, Biodiversity, Climate Change, Research",https://www.unesco.org/en/articles/call-participation-workshop-geoheritage-management-unesco-designated-sites-0 
CFAs: AIG Public Leaders Programme (Africa),Events,Africa,5/1/2025,The AIG Public Leaders Programme (AIG PLP) offers emerging African public sector leaders a unique opportunity to develop their leadership capacity and acquire the skills and knowledge necessary to drive change.,"Capacity Building, Leadership, Technology",https://www.aigimoukhuedefoundation.org/developing-leaders-in-government/aig-public-leaders-programmee
HundrED Global Collection 2026,Events,Global,5/1/2025,"Share your work with them for the opportunity to be featured in their HundrED Global Collection, highlighting the 100 brightest education innovations from around the world.","Business & Industry, Education, Innovation, Technology","https://hundred.org/en/collections/hundred-global-collection-2026#:~:text=The%20application%20period%20for%20submissions,Click%20%E2%80%9CSubmit%20innovation%E2%80%9D."
Ivan Karp Doctoral Research Awards,Grant,Africa,5/1/2025,The African Critical Inquiry Programme is pleased to announce the Ivan Karp Doctoral Research Awards to support African doctoral students in the humanities and humanistic social sciences who are enrolled at South African universities and conducting dissertation research.,"Education, Research, Humanities, Social Sciences",https://graduateschool.emory.edu/_includes/documents/sections/about/acip/acip_cfp_researchgrants2025_fillableform.pdf
Z Zurich Foundation Scholarship Progra,Scholarship,Global,5/1/2025,"The One Young World is thrilled to invite applications for its Z Zurich Foundation Scholarship Program allowing 25 young leaders working on prevention-focused mental well-being projects, adaptation-focused climate resilience projects or projects enabling social equity through education, employability or entrepreneurship solutions to participate in the One Young World Summit.","Entrepreneurship, Community Development, Education, Employment & Labor, Leadership, Youth & Adolescents, Climate Change", https://www.oneyoungworld.com/scholarships/z-zurich-foundation/2025
CFPs: Environmental Research & Education Foundation Research Grant Program,Grant,Global,5/1/2025,The Environmental Research & Education Foundation is seeking proposals for its Research Grant Program.,"Community Development, Climate Change, Energy, Enviroment, Health Care, Research, Sustainable Development",https://erefdn.org/research-grants/
Elevate Bridge Builders - Sanitation and Hygiene Awards,Awards,Global,5/1/2025,"Applications are open for the Elevate Bridge Builders UK Middle East & Africa Cleaning, Sanitation & Hygiene Awards 2025.","Community Development, Democracy & Good Governance, Education, Health Care, Innovation, Leadership, Technology",https://www.elevatehygieneawards.org/
International Geoscience and Geoparks Programme (Africa),Events,Africa,5/2/2025,"The United Nations Educational, Scientific and Cultural Organization's International Geoscience Programme (IGCP) is inviting expressions of Interest for research projects led by geoscientists based in African institutions.","Capacity Building, Community Development, Climate Change, Enviroment, Research, Science, Technology, Sustainable Development",https://www.unesco.org/en/articles/call-expressions-interest-geoscience-funding-africa
Yerevan Dialogue Young Fellows Program,Events,Global,5/3/2025,"Are you passionate about international affairs, diplomacy, governance, or global policy? The Ministry of Foreign Affairs of the Republic of Armenia is excited to announce the launch of Yerevan Dialogue Young Fellows 2025 – a new youth-centered initiative under the umbrella of the Yerevan Dialogue international forum.","Learning, Leadership, Youth & Adolescents",https://www.facebook.com/MFA.Armenia/posts/pfbid07vg9YEDdZgaP4kt49p25zyfxZGtiZNXZ3gLfX3nHGV3TMNBBeVbEmTxEjpGe3eK5l
BRICS Women's Startups Contest,Events,"Latin America, Africa, Europe, Asia",5/4/2025,The BRICS Women's Business Alliance (BRICS WBA) is now inviting applications for the BRICS Women's Startups Contest to empower women entrepreneurs across BRICS nations.,"Business & Industry, Entrepreneurship, Startups, Education, Climate Change, Energy, Sustainable Development",https://bricswomen.com/brics-womensstartups-contest/
Audi Environmental Foundation Scholarship,Scholarship,Global,5/5/2025,"The Audi Environmental Foundation is collaborating with One Young World to offer scholarships to seven inspiring young leaders to attend this year’s One Young World Summit 2025 in Munich, Germany.","Community Development, Education, Climate Change, Enviroment, Innovation, Youth & Adolescents, Sustainable Development, Leadership",https://www.oneyoungworld.com/scholarships/audi_environmental_foundation_2025
"CFPs: Promoting Financial Integrity, Economic Justice and Domestic Resource Mobilization",Grant,Africa,5/6/2025,"The Norad - The Norwegian Agency for Development Cooperation is seeking proposals from non-governmental organizations to advance advocacy, public discourse and solutions that promote financial integrity, economic justice and domestic resource mobilization.","Agriculture Food & Nutrition, Civil Society Development, Democracy & Good Governance, Climate Change, Enviroment, Human Rights", https://grants.mfa.no/#call/4083/details
The Heroes of Tomorrow: UN SDG Action Awards,Awards,Global,5/7/2025,"Nominations are now open for the Heroes of Tomorrow: UN SDG Action Awards, a signature programme of the UN SDG Action Campaign, to champion initiatives and committed individuals who wield the power of creativity and innovation to bring them closer to a more sustainable, equitable and peaceful world.","Arts & Culture, Community Development, Economic Development, Enviroment, Human Rights, Leadership, Peace & Conflict Resolution, Sustainable Development",https://sdgactionawards.org/
dsm-firmenich Progress Foundation Scholarship,Scholarship,Global,5/7/2025,"The One Young World is seeking applications for its dsm-firmenich Progress Foundation Scholarship to driving sustainable change, empowering communities and supporting the next generation of changemakers.","Agriculture Food & Nutrition, Community Development, Biodiversity, Climate Change, Youth & Adolescents, Leadership, Sustainable Development",https://www.oneyoungworld.com/scholarships/dsm-firmenichProgressFoundation/2025
AI Policy Fellowship,Fellowship,Global,5/7/2025,"The IAPS AI Policy Fellowship is a fully-funded, three-month program for professionals from varied backgrounds seeking to strengthen practical policy skills for managing the challenges and opportunities of advanced AI.",Career Development,https://www.iaps.ai/fellowship
Equity-Free Funding Opportunity for Fem Tech Solutions,Grant,Global,5/8/2025,"The UNICEF Venture Fund is calling for applications from start-ups developing cutting edge tech solutions improving access to quality health care and services, and ensuring socio-economic participation of women and girls.","Business & Industry, Startups, Community Development, Education, Youth & Adolescents, Information Technology",https://www.unicef.org/innovation/FemTechCall
Youth Fellowship Competition,Events,Africa,5/8/2025,"Are you a young leader between 18-35 committed to shaping Africa’s food systems? The FANRPAN and AGRA are inviting applications for the Youth Fellowship Competition focused on ""Enhancing Youth Representation and Influence in Regional Food Systems Policy Processes in ESA"".","Agriculture Food & Nutrition, Capacity Building, Leadership, Innovation, Youth & Adolescents",https://fanrpan.org/wp-content/uploads/2025/04/Call-for-Applications-Youth-Fellowship-v3-07042025.pdf
Improving Citizen Participation and Accountability in Local Government Service Delivery Processes in Health and Education - Uganda,Grant,,5/8/2025,The Enabel is seeking applications to improve citizen participation and accountability in local government service delivery processes in health and education.,"Agriculture Food & Nutrition, Education, Health Care, Human Rights, Refugee & Asylum Seekers, Youth & Adolescents",https://www.enabel.be/grants/
P&G Alumni Foundation Grant Program 2025,Grant,Global,5/10/2025,"In the 20th year of grant-making, the P&G Alumni Foundation encourage a charitable organization to apply for its grant program if their mission aligns with the Foundation’s focus on economic empowerment and a P&G Alum is actively and meaningfully involved.","Business & Industry, Entrepreneurship, Education, Employment & Labor",https://pgalumnifoundation.org/grant-process/
Kuonyesha Art Fund Program,Grant,Africa,5/11/2025,"Are you an artist/creative living and working in Africa? Kuonyesha Art Fund is here to support, promote, celebrate Art and Artists in all their diversity in Africa.","Arts & Culture, Research, Career Development",https://kuonyesha.civsourceafrica.com/call-for-applications
UNESCO Prize for Girls’ and Women’s Education,Awards,Global,5/12/2025,"Are you driving transformative change for girls’ and women’s education? If yes, this is your chance to submit your initiative and become a laureate of the prestigious UNESCO Prize for Girls’ and Women’s Education.",Education,https://www.unesco.org/en/articles/unesco-prize-girls-and-womens-education-now-open-2025-nominations
EE 30 Under 30 Initiative,Events,Global,5/12/2025,The EE 30 Under 30 recognizes young people across the globe who are building a sustainable future through education. Nominate yourself or someone you know today!,"Education, Youth & Adolescents, Leadership",https://naaee.org/programs/ee-30-under-30
2.0 Spotlight Initiative Africa Regional Programme (SIARP),Events,Africa,5/12/2025,"The second phase of the Spotlight Initiative Africa Regional Programme (SIARP 2.0), led by the UN Development Cooperation Office for Africa, in partnership with the African Union Commission, aims to improve engagement between civil society, AUC, RECs and UN, ensuring more systematic participation of civil society organizations (CSOs) in decision-making processes, which will enhance the Initiative’s deeper accountability to women’s social movements, youth networks and feminist civil society.","Civil Society Development, Human Rights, Youth & Adolescents",https://africa.unwomen.org/en/programme-implementation/2025/04/call-for-nominations-for-the-establishment-of-the-spotlight-initiative-africa-regional-programme-siarp-20-civil-society-regional-reference-group-csrrg
RSTMH Early Career Grants Programme,Grant,Global,5/14/2025,The RSTMH (Royal Society of Tropical Medicine and Hygiene) Early Career Grants Programme provides awards for those who have not had equivalent research funding in their own name before.,"Career Development, Health Care, Research, Science","https://afroscientric.com/2025/03/17/2025-rstmh-early-career-grants-applications/#:~:text=The%20RSTMH%20(Royal%20Society%20of,based%20anywhere%20in%20the%20world."
Research Grants on Education Program 2025,Grant,Global,5/14/2025,The Large Research Grants on Education Program supports education research projects that will contribute to the improvement of education.,"Education, Research",https://www.spencer.org/grant_types/large-research-grant
CFAs: Rotary Peace Centers Fellowship Program,Fellowship,Global,5/15/2025,The Rotary is pleased to announce its Rotary Peace Centers Fellowship Program to develop the capacity of peace and development professionals to become effective catalysts for peace.,"Capacity Building, Leadership, Peace & Conflict Resolution, Research",https://www.rotary.org/en/our-programs/peace-fellowships 
RFPs: Graduate Assistantship Program in Developing Countries,Events,"Latin America, MENA, Asia, Africa",5/15/2025,The International Mathematical Union is requesting proposals for its Graduate Assistantship Program to fund the most talented students to study full-time as graduate research assistants.,"Education, Career Development, Research, Science",https://www.mathunion.org/cdc/scholarships/graduate-scholarships/GRAID 
UIAA Mountain Protection Award,Grant,Global,5/15/2025,The International Climbing and Mountaineering Federation is thrilled to seek nominations for its Mountain Protection Award to promote and support projects that seek to protect mountain ecosystems and engage climbers and mountaineers in a direct and positive way.,"Community Development, Climate Change, Enviroment, Sustainable Development",https://www.theuiaa.org/mountain-protection-award/
African Fellowships for Research in Indigenous and Alternative Knowledges,Fellowship,Africa,5/15/2025,"The Council for the Development of Social Science Research in Africa is pleased to announce a call for proposals for a new research and fellowship programme, the African Fellowships for Research in Indigenous and Alternative Knowledges (AFRIAK).","Agriculture Food & Nutrition, Arts & Culture, Languages, Entrepreneurship, Community Development, Climate Change, Education, Innovation, Information Technology, Research, Science, Sustainable Development, Youth & Adolescents",https://codesria.org/call-for-proposals-african-fellowships-for-research-in-indigenous-and-alternative-knowledges-afriak/
Master's in Europe Scholarship 2025,Scholarship,Global,5/15/2025,Looking for a Master's degree scholarship in Europe? Applications are now open for Master Degree Scholarship to make your study abroad dreams a reality.,Education,https://www.educations.com/scholarships/study-a-masters-in-europe-15211
Arua Early-Career Research Fellowships Program (Africa),Fellowship,Africa,5/15/2025,"The African Research Universities Alliance, with support from the Mastercard Foundation and the Carnegie Corporation of New York, has launched this Early-Career Research Fellowship program.","Capacity Building, Democracy & Good Governance, Climate Change, Energy, Research, Youth & Adolescents, Technology",https://arua.org/early-career-research-fellowships-2025/
COFP Fellowship Program (Africa),Fellowship,Africa,5/16/2025,"Are you passionate about peacebuilding and sustainable development in Africa? Do you aspire to be part of a dynamic community of changemakers working to foster dialogue, resolve conflicts, and promote social cohesion? If so, the Cardinal Onaiyekan Foundation for Peace invites you to apply for the 2025/2026 COFP Fellowship Program—an opportunity to gain essential skills, build meaningful networks, and make a lasting impact in your community.","Community Development, Leadership, Peace & Conflict Resolution, Sustainable Development",https://cofpfoundation.org/call-for-applications-2025-2026-cofp-fellowship-program/
World Forum for Democracy 2025,Awards,Global,5/17/2025,"The World Forum for Democracy calls for expressions of interest from innovative initiatives, from all over the world, aiming at enhancing democracy and contributing to sustainable peace.","Democracy & Good Governance, Innovation, Peace & Conflict Resolution, Sustainable Development",https://www.coe.int/en/web/world-forum-democracy/-/world-forum-for-democracy-2025-call-for-initiatives
D-Prize Competition 2025,Events,Global,5/18/2025,Nominations are now open for the D-Prize Competition.,"Agriculture Food & Nutrition, Education, Energy, Health Care",https://d-prize.org/
UN Tourism - Best Tourism Villages Initiative,Events,Africa,5/19/2025,"The United Nations World Tourism Organization is seeking applications for its prestigious Best Tourism Villages Initiative committed to advancing rural tourism as a catalyst for sustainable development and inclusion, while celebrating the rich tapestry of cultural and natural heritage, community values, and sustainable practices that make the destinations unique.","Arts & Culture, Community Development, Economic Development, Enviroment, Health Care, Innovation, Sustainable Development",https://www.unwto.org/news/un-tourism-opens-call-for-best-tourism-villages-2025 
Queen’s Commonwealth Essay Competition,Events,Africa,5/23/2025,The Royal Commonwealth Society is delighted to announce that the Queen’s Commonwealth Essay Competition is now open for submissions.,"Community Development, Education",https://www.royalcwsociety.org/essay-competition/qcec2025
Africa's Business Heroes (ABH) Prize Competition 2025,Events,Africa,5/23/2025,"Applications are now open for the ABH Prize Competition. ABH is not just a competition; it’s a community of changemakers. Beyond the prize money, the ABH Prize connects you to a network of entrepreneurs, investors, mentors, and global thought leaders who can help take your business to the next level.","Business & Industry, Community Development",https://africabusinessheroes.org/en/the-prize/application-guidelines
Yves Rocher Foundation Photography Award,Awards,Global,5/25/2025,"Do you work as a photojournalist? Does your engaged photographic work address issues related to the environment, human-earth relationships, or major sustainable development challenges? Do you write and speak in French or English? If your answer is yes, then nothing can stop you! Send your application to the Yves Rocher Foundation!","Arts & Culture, Enviroment, Journalism, Sustainable Development",https://www.yves-rocher-fondation.org/en/how-to-apply-for-the-photo-award/
Building Tomorrow Scholarship Program,Scholarship,Global,5/27/2025,The Holcim in partnership with One Young World are pleased to invite applications for the Building Tomorrow Scholarship Program which focuses on broadening the conversation around AI and its uses in promoting sustainability and urban resilience.,"Community Development, Climate Change, Energy, Youth & Adolescents, Information Technology, Sustainable Development, Leadership",https://www.oneyoungworld.com/scholarships/holcim/2025
Collaborative Research Network in Mental Health Scheme,Grant,Global,5/30/2025,"The Health Research Board is seeking applications for its Collaborative Research Network in Mental Health Scheme to fund networks that demonstrate strong governance, meaningful knowledge user engagement, and a clear pathway to research impact.","Capacity Building, Community Development, Sustainable Development, Research", https://www.hrb.ie/funding-scheme/collaborative-research-network-for-mental-health-2025/
Doctor Juan Abarca International Award for Medical Science,Grant,Global,5/30/2025,The HM Hospitales Research Foundation is thrilled to invite nominations for its Doctor Juan Abarca International Award for Medical Science to recognize the work of a scientist of international standing who has achieved a biomedical finding of global significance.,"Community Development, Research, Science, Career Development, Health Care",https://www.abarcaprize.com/
The McGraw Fellowship for Business Journalism,Fellowship,Global,5/31/2025,Are you a journalist with a great idea for a high-impact story that “Follows the Money” but few resources to get it done? The McGraw Fellowship for Business Journalism would like to hear from you.,"Business & Industry, Community Development, Economic Development, Education, Enviroment, Health Care, Journalism",https://www.mcgrawcenter.org/the-harold-w-mcgraw-jr-business-journalism-fellowships/ 
IMU Breakout Graduate Fellowship Program,Fellowship,"Africa, Latin America, Asia, MENA",5/31/2025,"The International Mathematical Union is requesting applications for its Breakout Graduate Fellowship Program to support postgraduate studies, in a developing country, leading to a PhD degree in the mathematical sciences.
","Education, Career Development, Research, Science",https://www.mathunion.org/cdc/scholarships/graduate-scholarships/imu-breakout-graduate-fellowship-program 
Sustainable Tourism Awards,Grant,Global,5/31/2025,The Skål International Sustainable Tourism Awards recognize excellence in sustainability across the global tourism industry.,"Business & Industry, Community Development, Education, Biodiversity, Enviroment, Land Conservation, Information Technology",https://www.skal.org/sta-winners
Plant Science Research Fellowship,Fellowship,Global,5/31/2025,"The Oak Spring Garden Foundation has announced its Plant Science Research Fellowship to provide advanced graduate students, post-docs, and beginning faculty, working in organismal plant biology, with an extended a stay of 2 - 5 weeks on the Oak Spring estate to undertake independent writing and thinking, away from the day-to-day demands of their other responsibilities.","Community Development, Research, Science",https://www.osgf.org/fellowships/plant-science-research
 Interdisciplinary Residencies Program,Events,Global,5/31/2025,"Applications are now open for the Interdisciplinary Residencies Program to provide individuals with the time and space to pursue their own creative projects alongside other Residents who may be examining plants, landscapes, gardens, and the natural world from different perspectives.","Arts & Culture, Enviroment, Research, Science, Humanities, Sustainable Development",https://www.osgf.org/residencies/interdisciplinary-residency
CFAs: Stacy Lloyd III Fellowship for Bibliographic Study,Fellowship,Global,5/31/2025,"Applications are now open for Stacy Lloyd III Fellowship for Bibliographic to award one outstanding early-career scholar, working in some area related to the history, art, and culture of plants, gardens and landscapes.","Research, Humanities",https://www.osgf.org/fellowships/stacy-lloyd-bibliographic-study
ESD Okayama Award 2025,Awards,Global,5/31/2025,"The Okayama City is now accepting nominations for the ESD Okayama Award, which recognizes outstanding ESD (Education for Sustainable Development) initiatives anywhere in the world.","Education, Sustainable Development",https://www.city.okayama.jp/kurashi/0000070653.html
Cesium Ecosystem Grants Program,Grant,Global,5/31/2025,"Applications are now open for Cesium Ecosystem Grants Program to promote impactful contributions to 3D geospatial through projects that are open source, interoperable, and lower barrier to entry.","Business & Industry, Education, Climate Change, Innovation, Technology",https://cesium.com/cesium-ecosystem-grants/
TiE U Accelerator Program,Accelerator,Global,5/31/2025,"The TiE University is excited to launch its Accelerator Program to inspire and support future innovators by offering mentorship, education, investment readiness and opportunities that connect academia and industries.","Entrepreneurship, Education, Innovation",https://tie-u.org/tie-u-2025/
iF Social Impact Prize (Round One),Awards,Global,6/3/2025,The International Forum Design (iF Design) is inviting applications for its iF Social Impact Prize to support projects that contribute to their society.,"Business & Industry, Community Development, Education, Employment & Labor, Biodiversity, Climate Change, Energy, Health Care, Entrepreneurship, Innovation, Poverty Alleviation, Sustainable Development",https://ifdesign.com/en/if-social-impact-prize
FAPESP Grant for International Researchers,Grant,Global,6/3/2025,The São Paulo Research Foundation is pleased to invite applications for its Investigator Grant for International Researchers to boost the scientific and technological leadership of São Paulo in multiple areas of knowledge.,"Career Development, Biodiversity, Climate Change, Energy, Research, Leadership, Science, Technology, Sustainable Development, Enviroment",https://fapesp.br/17470/call-for-proposals-fapesp-grant-for-international-researchers
GoGettaz Agripreneur Prize Competition 2025,Events,Africa,6/10/2025,Applications are now open for the GoGettaz Agripreneur Prize Competition to take your agrifood business to the next level.,"Agriculture Food & Nutrition, Business & Industry, Entrepreneurship, Employment & Labor, Land Conservation, Innovation, Technology, Community Development",https://gogettaz.africa/2025-gogettaz-agripreneur-prize/
CFPs: Ideas Lab - Fifth Global Conference on Health and Climate,Events,Global,6/10/2025,"The World Health Organization is pleased to invite proposals for its Ideas Lab, an open and participatory space designed to showcase innovative initiatives, stimulate interdisciplinary dialogue, and promote solution-oriented discussions at the intersection of climate and health.","Leadership, Research, Youth & Adolescents",https://www.who.int/news-room/articles-detail/call-for-climate-health-proposals-for-the-ideas-lab
Presidential African Youth in Artificial Intelligence and Robotics Competition (Second Edition),Events,Africa,6/13/2025,"The Presidential African Youth in Artificial Intelligence and Robotics Competition is a pioneering initiative driving Africa’s leadership in the Fourth Industrial Revolution (4IR) through AI, robotics, and emerging technologies.","Agriculture Food & Nutrition, Business & Industry, Community Development, Economic Development, Education, Climate Change, Health Care, Youth & Adolescents, Information Technology, Innovation, Research, Technology, Sustainable Development",https://ele-vate.co.za/african-youth-in-artificial-intelligence-and-robotics
UNESCO survey on Quantum Science and Technology,Grant,Global,6/15/2025,"Are you working in quantum science or technology? United Nations Educational, Scientific and Cultural Organization is conducting a global survey to better understand the needs, challenges, and opportunities in the quantum field.","Education, Research, Science, Technology, Sustainable Development",https://www.unesco.org/en/articles/participate-unesco-survey-quantum-science-and-technology
2nd Global Artivism Convening (Global South),Events,Global,6/17/2025,"The Artivism is seeking proposals for sessions and cultural activations for the Second Global Artivism Convening in Salvador, where arts, culture and activism will converge to ignite social change!","Arts & Culture, Community Development, Climate Change",https://www.globalartivism.org/wp-content/uploads/2025/05/Call-for-Submissions_May20-2025.pdf
Irish Cancer Society Cancer Research Networking Award,Awards,Global,6/26/2025,The Irish Cancer Society is seeking applications for its Cancer Research Networking Award to offer all cancer researchers the opportunity to establish and strengthen collaborations and relationships with their cancer research peers.,"Learning, Research",https://www.cancer.ie/cancer-research/researchers-hub/apply-for-funding/open-calls/irish-cancer-society-cancer-research-networking-award-2025
Africa Food Prize 2025,Awards,Africa,6/27/2025,"Nominations are now open for the Africa Food Prize, a preeminent award recognizing an outstanding individual or institution that is leading the effort to change the reality of farming in Africa—from a struggle to survive to a business that thrives.","Agriculture Food & Nutrition, Community Development, Employment & Labor, Sustainable Development, Poverty Alleviation", https://africafoodprize.org/ 
Green Fellows Program 2025,Fellowship,Global,6/30/2025,Applicants are now invited to submit applications for Green Fellows Program to recognize and support individuals committed to addressing global sustainability challenges.,"Community Development, Research, Sustainable Development",https://greeninstitute.ng/fellows 
Al-Sumait Prize in Food Security 2025,Grant,Africa,6/30/2025,"The Al-Sumait Prize honors individuals or institutions who have, through their work or research, made significant advances in the fields of food security, health, and education in Africa.","Agriculture Food & Nutrition, Business & Industry, Economic Development, Education, Climate Change, Information Technology, Innovation, Research, Sustainable Development",https://www.alsumaitprize.org/nominations/
Recognizing Best Practices and Innovations in Sustainable Plant Production and Protection,Events,Global,6/30/2025,"The Food and Agriculture Organization of the United Nations is inviting nominations to commemorate its 80th anniversary and to recognize some of the outstanding best practices and innovative approaches in sustainable plant production and protection, which have occurred in the last 40 years.","Agriculture Food & Nutrition, Community Development, Innovation, Sustainable Development, Technology",https://www.fao.org/plant-production-protection/news-and-events/news/news-detail/recognizing-excellence-in-plant-production-and-protection/en
Leveraging Artificial Intelligence for Climate Resilience Solutions in Africa,Fellowship,Africa,6/30/2025,"The Leveraging Artificial Intelligence (AI) for Climate Resilience Solutions in Africa project, spearheaded by the Africa Research and Impact Network (ARIN) in collaboration with the University of Nairobi and other ARUA centers and funded by the International Development Research Centre(IDRC), seeks to explore AI’s role in fostering climate-resilient systems in Africa.","Agriculture Food & Nutrition, Capacity Building, Democracy & Good Governance, Research, Youth & Adolescents, Science, Innovation, Climate Change","https://www.arin-africa.org/2025/05/29/call-for-research-fellows-leveraging-artificial-intelligence-for-climate-resilience-solutions-in-africa/#:~:text=The%20Leveraging%20Artificial%20Intelligence%20(AI,aims%20to%20explore%20AI's%20role"
10th Call for Smile Together Partnership Fund 2025,Grant,Global,6/30/2025,"The Smile Together Partnership, launched by the Work Together Foundation of Korea aims to create locally-based sustainable jobs for low-income families, having already generated 6,478 jobs, while also alleviating child poverty and improving quality of life by providing support and education to over 90,000 disadvantaged children.","Children, Community Development, Education, Poverty Alleviation, Sustainable Development",https://eng.hamkke.org/archives/news/10th-call-for-the-stp-fundby-30-june-2025
Global Good Fund Fellowship for Social Entrepreneurs,Fellowship,Global,6/30/2025,Applications are now open for the Global Good Fund Fellowship to support social entrepreneurs who are creating social impact within their communities and are ready to scale their leadership to further develop their enterprises.,"Entrepreneurship, Community Development, Leadership",https://globalgoodfund.submittable.com/submit/328628/the-global-good-fund-fellowship-2026
Gbowee Peace Foundation Africa Scholarship,Scholarship,Africa,6/30/2025,Are you ready to take the next step in your academic journey? The Gbowee Peace Foundation is excited to announce that their fully-funded scholarship application is now open!,Education,https://docs.google.com/forms/d/e/1FAIpQLSdHoNpNFM1ErLDkWUC0FeNkkHpliOC6V-sWgaEZ0aAqn-jqRQ/viewform
Japan Water Forum Fund,Grant,"Africa, MENA",6/30/2025,The Japan Water Forum is holding a public call for applications for the JWF Fund.,Sustainable Development,https://www.waterforum.jp/news/23396/
lobal Good Fund Fellowship for Social Entrepreneurs,Fellowship,Global,6/30/2025,Applications are now open for the Global Good Fund Fellowship to support social entrepreneurs who are creating social impact within their communities and are ready to scale their leadership to further develop their enterprises.,"Community Development, Leadership",https://globalgoodfund.submittable.com/submit/328628/the-global-good-fund-fellowship-2026
Gbowee Peace Foundation Africa Scholarship,Scholarship,Global,6/30/2025,Are you ready to take the next step in your academic journey? The Gbowee Peace Foundation is excited to announce that their fully-funded scholarship application is now open!,Education,https://docs.google.com/forms/d/e/1FAIpQLSdHoNpNFM1ErLDkWUC0FeNkkHpliOC6V-sWgaEZ0aAqn-jqRQ/viewform
Research Fellowship Program,Fellowship,Global,6/30/2025,"The Matsumae International Foundation provides overseas researchers excellent academic ability, regardless of race, sex, religion, or ideology, with opportunities to carry out research activities in Japan, thereby contributing to academic development in Japan as well as international friendship and goodwill.","Learning, Research, Science, Technology",https://www.mif-japan.org/en/fellowship/announcement/
Seed Funding Program 2025-26,Grant,Global,6/30/2025,The Seed Funding Program has launched a new call for project proposals for its 2025–2026 edition to support youth-led and community-based efforts to develop ecological plans grounded in the principles of integral ecology.,"Sustainable Development, Youth & Adolescents",https://www.new-humanity.org/en/ecology/call-for-projects-get-up-to-e1500-for-your-ecological-project/
Women and Jobs in Africa Policy Research Workshop,Events,Africa,6/30/2025,"The African Center for Economic Transformation (ACET)(opens in a new tab), the University of Ghana-Legon(opens in a new tab), and the World Bank(opens in a new tab) has announced a competitive call for papers and participation in a two-day policy research workshop to be held on November 11-12, 2025, on the campus of the University of Ghana-Legon.","Agriculture Food & Nutrition, Entrepreneurship, Education, Research, Innovation",https://www.worldbank.org/en/events/2025/11/11/women-and-jobs-in-africa-policy-research-workshop
Inclusive Democracy Accelerator,Accelerator,Global,7/1/2025,The People Powered is looking for government and civil society leaders to form a new cohort of innovators seeking to embed best practices for the inclusion of marginalized groups in participatory programs.,"Democracy & Good Governance, Learning",https://www.peoplepowered.org/inclusive-democracy-accelerator
CFPs: Strengthening Governments’ evidence-based responses to Urban Forced Displacement Issues (SUIDAC),Grant,Africa,7/1/2025,The United Nations Global Marketplace (UNGM) has launched the call for proposals to Strengthen Governments’ evidence-based responses to Urban Forced Displacement Issues in Sub-Saharan African Cities Action.,"Capacity Building, Democracy & Good Governance, Research",https://www.ungm.org/Public/Notice/268158
Global E-STEM Awards,Awards,Global,7/2/2025,The North American Association for Environmental Education is excited to invite nominations for its Global E-STEM Awards to recognise excellence and innovation in E-STEM.,"Learning, Energy, Innovation, Science, Technology",https://naaee.org/programs/e-stem/e-stem-awards
 Space Systems Engineering Training Workshop (Africa),Accelerator,Africa,7/3/2025,"The African Space Agency and the European Space Agency are jointly organizing a Training of Trainers on Space Systems Engineering, which will take place from October 7 to 10, 2025, at the ESA Education Training Centre, ESEC-Galaxia, Belgium.","Capacity Building, Climate Change, Enviroment, Science, Technology",https://africanspaceagency.org/space-systems-engineering-training/
Export Readiness Online Training for Women,Accelerator,"Africa, MENA",7/6/2025,"Want to start exporting but don't know where to begin? Apply for ShowcaseHER, a program aimed to empower women business owners in Africa with requisite skills to prepare them for the export market.",Capacity Building,https://www.instagram.com/p/DKZII5nofiv/?igsh=MW55MGVvejl0ajljcw%3D%3D
CSO Budget Advocacy Accelerator,Accelerator,"Africa, MENA",7/7/2025,"The Global Health Advocacy Incubator (GHAI) invites civil society organizations (CSOs) from low- and middle-income countries in Africa and Asia to apply for the second cohort of its health budget capacity strengthening series, now called the “CSO Budget Advocacy Acceler","Agriculture Food & Nutrition, Health Care",https://www.advocacyincubator.org/news/2025-06-09-calling-on-african-and-asian-health-csos-to-apply-for-our-budget-advocacy-accelerator-deadline-july-7-2025
SparkChange: Make Voices Count. Lead Local Change (Tanzania and Uganda),Events,Africa,7/11/2025,Are you someone who’s already working to make sure youth and women are heard and included in the conversations and decisions that shape their community?... SparkChange is for you.,Community Development,https://akademie.dw.com/en/sparkchange-make-voices-count-lead-local-change/a-73100031
Gender Just Climate Solutions Awards,Awards,Global,7/13/2025,The Women & Gender Constituency is thrilled to invite nominations for the Gender Just Climate Solutions Awards.,"Climate Change, Human Rights, Sustainable Development",https://gender-just-climate-solutions-2025.selecteev.io/apply
NAWA Spinnaker Summer School Program,Events,Europe,7/13/2025,"The Eugeniusz Geppert Academy of Fine Arts is delighted to launch the 1st edition of the NAWA Spinnaker Summer School, taking place from 18 to 29 August 2025 in Wroclaw.",Education,https://www.asp.wroc.pl/pl/aktualnosci/open-call-nawa-spinaker-summer-school-2025
Community Sleep Health and Public Awareness Grant,Grant,Global,7/14/2025,The American Academy of Sleep Medicine (AASM) Foundation is now accepting applications for the Community Sleep Health and Public Awareness Grant Program.,"Community Development, Education, Health Care, Research",https://foundation.aasm.org/award-programs/community-sleep-health-award/
Youth Eyes on the Silk Roads International Photo Contest,Events,Global,7/20/2025,"The United Nations Educational, Scientific and Cultural Organization calls on young people around the world, aged 14 to 25 years old, to pick up their cameras and send their best photos to the 7th edition of our Youth Eyes on the Silk Roads International Photo Contest.","Learning, Peace & Conflict Resolution, Youth & Adolescents",https://unescosilkroadphotocontest.org/about-contest/
East African Photography Award (EAPA),Awards,Africa,7/20/2025,The FOTEA Foundation is seeking proposals for its East African Photography Award (EAPA).,"Community Development, Enviroment, Arts & Culture",https://www.ugandapressphoto.org/updates/the-2025-photography-competitions-are-now-open-for-submissio
PARA Fellowship Programme,Fellowship,Africa,7/20/2025,"The Sharjah Art Foundation invites emerging and mid-career art writers living and working in Asia and Africa to apply for PARA, a fellowship programme supporting the development and publication of new critical writing about contemporary art.","Arts & Culture, Community Development",https://www.sharjahart.org/en/open-calls/details/open-call-para
Dubai Design Week Urban Commissions Competition,Events,Global,7/20/2025,"Dubai Design Week announces the return of Urban Commissions, offering the opportunity to develop outdoor infrastructure in the public domain for Dubai Design District.",Arts & Culture,https://www.dubaidesignweek.ae/participate-2025/urban-commissions/
Dwell Here: One Year Residencies Programme 2026,Events,Global,7/22/2025,The Irish Museum of Modern Art welcomes applications for Dwell Here 2026: One Year Residencies for nationwide and internationally based practices to reside for one year at the Museum.,"Arts & Culture, Research, Community Betterment",https://imma.ie/whats-on/dwell-here-2026-one-year-residency-open-call/
Dwell Here: One Month Residencies Programme,Events,Global,7/22/2025,The IMMA welcomes applications for Dwell Here: One Month Residencies for nationwide and internationally based practices to reside for one year at the Museum.,"Arts & Culture, Community Development",https://imma.ie/whats-on/dwell-here-2026-one-month-residency-open-call/
Career Development Award Scheme,Grant,Global,7/24/2025,The Wellcome Trust is thrilled to seek applications for its Career Development Award Scheme to provide funding for mid-career researchers from any discipline who have the potential to be international research leaders.,"Career Development, Health Care, Research, Innovation, Leadership",https://wellcome.org/grant-funding/schemes/career-development-awards
Lloyd’s of London Foundation Grant Programme,Grant,Global,7/25/2025,"If you’re working on innovative research in risk management or climate adaptation, you can now apply for funding through the Lloyd’s of London Foundation’s new grant programme.","Climate Change, Research, Sustainable Development, Innovation",https://www.lloyds.com/about-lloyds/responsible-business/community/lloyds-foundation/grant-programme
Building Resilience Against Climate and Environmental Shocks Program (Africa),Events,Africa,7/27/2025,The African Food Changemakers is inviting applications for its Building Resilience Against Climate and Environmental Shocks Program to support agripreneurs (SMEs) in the agribusiness landscape.,"Agriculture Food & Nutrition, Entrepreneurship",https://brace.afchub.org/
IIE-SRF Fellowship Program,Fellowship,Global,7/27/2025,The IIE-SRF Fellowship supports threatened and displaced scholars through fellowships at higher education institutions worldwide.,Research,https://www.scholarrescuefund.org/for-scholars/
Commonwealth Startup Fellowship,Fellowship,Africa,7/30/2025,"Applications are now open for Commonwealth Startup Fellowship (CSF), a six-month programme designed to ignite and elevate high potential startups from low and middle-income countries across the Commonwealth.",Startups,https://www.imperialenterpriselab.com/programmes/commonwealth-startup-fellowship
Dyslexia Advocate Fellowship Program,Fellowship,"Africa, MENA",7/30/2025,"The Africa Dyslexia Organisation is delighted to seek applications for its Africa Dyslexia Advocate Fellowship Program to equip passionate individuals with the knowledge, tools, and confidence to become grassroots dyslexia advocates in their communities.","Education, Learning, Leadership",https://africadyslexia.org/fellowship/
Lisle International’s Global Seed Grants Program 2025,Grant,Global,7/31/2025,"The Lisle International provides Global Seed Grants to support innovative projects which advance intercultural understanding through shared experiences, with the goal of creating a more just social order.","Arts & Culture, Community Development, Innovation",https://lisleinternational.org/global-seed-grants/
Social Shifters Global Innovation Challenge,Awards,Global,7/31/2025,If you’re a young founder (18-30 years) leading a project or startup with a focus on social impact – their Global Innovation Challenge is for you.,"Community Development, Energy, Poverty Alleviation, Sustainable Development, Leadership",https://www.socialshifters.co/global-innovation-challenge/
Africa Impact Fundraising Grant Program,Grant,Africa,7/31/2025,"The New Africa Fund has announced an open call for applications for its Africa Impact Fundraising Grant Program aimed at empowering African NGOs, community-based organizations and social enterprises to address the pressing need for funding and fundraising expertise.","Research, Learning",https://www.newafricafund.org/aifgrants
Microgrants for strengthening OPDs’ Leadership,Grant,Africa,7/31/2025,"The Microgrants Initiative, supported by the International Disability Alliance... provides targeted financial and technical support to grassroots OPDs.","Arts & Culture, Capacity Building",https://www.internationaldisabilityalliance.org/content/opportunities
Fair Water Action Fund,Grant,Global,7/31/2025,"The Water Witness is accepting proposals for Fair Water Action Fund to provide grants and alongside technical and legal support, to organisations in the Global South working for water justice.","Research, Community Development",https://waterwitness.org/fair-water-action-fund
STEG Call for Institutional Partner Grants,Grant,"Afghanistan, Aland Islands, Albania, Algeria, American Samoa, Andorra, Angola, Anguilla, Antarctica, Antigua and Barbuda, Argentina, Armenia, Aruba, Australia, Austria, Azerbaijan, Bahamas, Bahrain, Bangladesh, Barbados, Belarus, Belgium, Belize, Benin, Bermuda, Bhutan, Bolivia, Bosnia And Herzegovina, Botswana, Bouvet Island, Brazil, British Indian Ocean Territory, Brunei, Bulgaria, Burkina Faso, Burundi, Cambodia, Cameroon, Canada, Cape Verde, Cayman Islands, Central African Republic, Chad, Chile, China, Christmas Island, Cocos (Keeling) Islands, Colombia, Comoros, Congo (Brazzaville), Congo DR, Cook Islands, Costa Rica, Cote DIvoire (Ivory Coast), Croatia, Cuba, Cyprus, Czech Republic, Denmark, Djibouti, Dominica, Dominican Republic, Ecuador, Egypt, El Salvador, Equatorial Guinea, Eritrea, Estonia, Ethiopia, Falkland Islands (Malvinas), Faroe Islands, Fiji, Finland, France, French Guiana, French Polynesia, French Southern Territories, Gabon, Gambia, Georgia, Germany, Ghana, Gibraltar, Greece, Greenland, Grenada, Guadeloupe, Guam, Guatemala, Guernsey, Guinea, Guinea-Bissau, Guyana, Haiti, Heard Island And Mcdonald Islands, Holy See (Vatican City State), Honduras, Hong Kong SAR, Hungary, Iceland, India, Indonesia, Iran, Iraq, Ireland, Isle Of Man, Israel, Italy, Jamaica, Japan, Jersey, Jordan, Kazakhstan, Kenya, Kiribati, South Korea, North Korea, Kuwait, Kyrgyzstan, Laos, Latvia, Lebanon, Lesotho, Liberia, Libya, Liechtenstein, Lithuania, Luxembourg, Macau, Macedonia, Madagascar, Malawi, Malaysia, Maldives, Mali, Malta, Marshall Islands, Martinique, Mauritania, Mauritius, Mayotte, Mexico, Micronesia Federated States Of, Moldova Republic Of, Monaco, Mongolia, Montserrat, Morocco, Mozambique, Burma(Myanmar), Namibia, Nauru, Nepal, Netherlands, Netherlands Antilles, New Caledonia, New Zealand, Nicaragua, Niger, Nigeria, Niue, Norfolk Island, Northern Mariana Islands, Norway, Oman, Pakistan, Palau, Palestinian Territories, Panama, Papua New Guinea, Paraguay, Peru, Philippines, Pitcairn, Poland, Portugal, Puerto Rico, Qatar, Reunion, Romania, Rwanda, Saint Helena, Saint Kitts And Nevis, Saint Lucia, Saint Pierre And Miquelon, Saint Vincent And The Grenadines, Samoa, San Marino, Sao Tome And Principe, Saudi Arabia, Senegal, Seychelles, Sierra Leone, Singapore, Slovak Republic, Slovenia, Solomon Islands, Somalia, South Africa, South Georgia And The South Sandwich Islands, Spain, Sri Lanka, Sudan, Suriname, Svalbard And Jan Mayen, Swaziland, Sweden, Switzerland, Syria, Taiwan, Tajikistan, Tanzania, Thailand, East Timor (Timor-Leste), Togo, Tokelau, Tonga, Trinidad And Tobago, Tunisia, Turkey, Turkmenistan, Turks And Caicos Islands, Tuvalu, Uganda, Ukraine, United Arab Emirates, United Kingdom, United States, United States Minor Outlying Islands, Uruguay, Uzbekistan, Vanuatu, Venezuela, Viet Nam, British Virgin Islands, United States Virgin Islands, Wallis And Futuna, Western Sahara, Yemen, Zambia, Zimbabwe, Montenegro, Saint BarthÃ©lemy, Serbia, Kosovo, South Sudan , CuraÃ§ao, Bonaire Sint Eustatius and Saba, Saint Martin (French Part), Sint Maarten (Dutch Part)",7/31/2025,The Structural Transformation and Economic Growth invites applications to the first call for proposals for Institutional Partner Grants (IPGs).,"Community Development, Research",https://steg.cepr.org/call-for-proposals/institutional-partner-grants
UEFA Foundation’s Program for Children 2025,Grant,Global,8/1/2025,The UEFA Foundation for Children issues a call for projects to promote the fundamental rights of vulnerable children all over the world.,Enviroment,https://uefafoundation.org/general-information/call-for-projects-2/
Economic Development Grants Program,Grant,"Afghanistan, Aland Islands, Albania, Algeria, American Samoa, Andorra, Angola, Anguilla, Antarctica, Antigua and Barbuda, Argentina, Armenia, Aruba, Australia, Austria, Azerbaijan, Bahamas, Bahrain, Bangladesh, Barbados, Belarus, Belgium, Belize, Benin, Bermuda, Bhutan, Bolivia, Bosnia And Herzegovina, Botswana, Bouvet Island, Brazil, British Indian Ocean Territory, Brunei, Bulgaria, Burkina Faso, Burundi, Cambodia, Cameroon, Canada, Cape Verde, Cayman Islands, Central African Republic, Chad, Chile, China, Christmas Island, Cocos (Keeling) Islands, Colombia, Comoros, Congo (Brazzaville), Congo DR, Cook Islands, Costa Rica, Cote DIvoire (Ivory Coast), Croatia, Cuba, Cyprus, Czech Republic, Denmark, Djibouti, Dominica, Dominican Republic, Ecuador, Egypt, El Salvador, Equatorial Guinea, Eritrea, Estonia, Ethiopia, Falkland Islands (Malvinas), Faroe Islands, Fiji, Finland, France, French Guiana, French Polynesia, French Southern Territories, Gabon, Gambia, Georgia, Germany, Ghana, Gibraltar, Greece, Greenland, Grenada, Guadeloupe, Guam, Guatemala, Guernsey, Guinea, Guinea-Bissau, Guyana, Haiti, Heard Island And Mcdonald Islands, Holy See (Vatican City State), Honduras, Hong Kong SAR, Hungary, Iceland, India, Indonesia, Iran, Iraq, Ireland, Isle Of Man, Israel, Italy, Jamaica, Japan, Jersey, Jordan, Kazakhstan, Kenya, Kiribati, South Korea, North Korea, Kuwait, Kyrgyzstan, Laos, Latvia, Lebanon, Lesotho, Liberia, Libya, Liechtenstein, Lithuania, Luxembourg, Macau, Macedonia, Madagascar, Malawi, Malaysia, Maldives, Mali, Malta, Marshall Islands, Martinique, Mauritania, Mauritius, Mayotte, Mexico, Micronesia Federated States Of, Moldova Republic Of, Monaco, Mongolia, Montserrat, Morocco, Mozambique, Burma(Myanmar), Namibia, Nauru, Nepal, Netherlands, Netherlands Antilles, New Caledonia, New Zealand, Nicaragua, Niger, Nigeria, Niue, Norfolk Island, Northern Mariana Islands, Norway, Oman, Pakistan, Palau, Palestinian Territories, Panama, Papua New Guinea, Paraguay, Peru, Philippines, Pitcairn, Poland, Portugal, Puerto Rico, Qatar, Reunion, Romania, Russia, Rwanda, Saint Helena, Saint Kitts And Nevis, Saint Lucia, Saint Pierre And Miquelon, Saint Vincent And The Grenadines, Samoa, San Marino, Sao Tome And Principe, Saudi Arabia, Senegal, Seychelles, Sierra Leone, Singapore, Slovak Republic, Slovenia, Solomon Islands, Somalia, South Africa, South Georgia And The South Sandwich Islands, Spain, Sri Lanka, Sudan, Suriname, Svalbard And Jan Mayen, Swaziland, Sweden, Switzerland, Syria, Taiwan, Tajikistan, Tanzania, Thailand, East Timor (Timor-Leste), Togo, Tokelau, Tonga, Trinidad And Tobago, Tunisia, Turkey, Turkmenistan, Turks And Caicos Islands, Tuvalu, Uganda, Ukraine, United Arab Emirates, United Kingdom, United States Minor Outlying Islands, Uruguay, Uzbekistan, Vanuatu, Venezuela, Viet Nam, British Virgin Islands, United States Virgin Islands, Wallis And Futuna, Western Sahara, Yemen, Zambia, Zimbabwe, Montenegro, Saint BarthÃ©lemy, Serbia, Kosovo, South Sudan , CuraÃ§ao, Bonaire Sint Eustatius and Saba, Saint Martin (French Part), Sint Maarten (Dutch Part)",8/1/2025,The Global Climbing Initiative is accepting proposals for its Economic Development Grants Program to support climbing communities worldwide in creating sustainable economic opportunities that benefit both climbers and their local communities.,"Community Development, Economic Development, Tourism &amp; Travel",https://globalclimbing.org/economic-development-grants
GCI Creative Grants Program,Grant,"Afghanistan, Aland Islands, Albania, Algeria, American Samoa, Andorra, Angola, Anguilla, Antarctica, Antigua and Barbuda, Argentina, Armenia, Aruba, Australia, Austria, Azerbaijan, Bahamas, Bahrain, Bangladesh, Barbados, Belarus, Belgium, Belize, Benin, Bermuda, Bhutan, Bolivia, Bosnia And Herzegovina, Botswana, Bouvet Island, Brazil, British Indian Ocean Territory, Brunei, Bulgaria, Burkina Faso, Burundi, Cambodia, Cameroon, Canada, Cape Verde, Cayman Islands, Central African Republic, Chad, Chile, China, Christmas Island, Cocos (Keeling) Islands, Colombia, Comoros, Congo (Brazzaville), Congo DR, Cook Islands, Costa Rica, Cote DIvoire (Ivory Coast), Croatia, Cuba, Cyprus, Czech Republic, Denmark, Djibouti, Dominica, Dominican Republic, Ecuador, Egypt, El Salvador, Equatorial Guinea, Eritrea, Estonia, Ethiopia, Falkland Islands (Malvinas), Faroe Islands, Fiji, Finland, France, French Guiana, French Polynesia, French Southern Territories, Gabon, Gambia, Georgia, Germany, Ghana, Gibraltar, Greece, Greenland, Grenada, Guadeloupe, Guam, Guatemala, Guernsey, Guinea, Guinea-Bissau, Guyana, Haiti, Heard Island And Mcdonald Islands, Holy See (Vatican City State), Honduras, Hong Kong SAR, Hungary, Iceland, India, Indonesia, Iran, Iraq, Ireland, Isle Of Man, Israel, Italy, Jamaica, Japan, Jersey, Jordan, Kazakhstan, Kenya, Kiribati, South Korea, North Korea, Kuwait, Kyrgyzstan, Laos, Latvia, Lebanon, Lesotho, Liberia, Libya, Liechtenstein, Lithuania, Luxembourg, Macau, Macedonia, Madagascar, Malawi, Malaysia, Maldives, Mali, Malta, Marshall Islands, Martinique, Mauritania, Mauritius, Mayotte, Mexico, Micronesia Federated States Of, Moldova Republic Of, Monaco, Mongolia, Montserrat, Morocco, Mozambique, Burma(Myanmar), Namibia, Nauru, Nepal, Netherlands, Netherlands Antilles, New Caledonia, New Zealand, Nicaragua, Niger, Nigeria, Niue, Norfolk Island, Northern Mariana Islands, Norway, Oman, Pakistan, Palau, Palestinian Territories, Panama, Papua New Guinea, Paraguay, Peru, Philippines, Pitcairn, Poland, Portugal, Puerto Rico, Qatar, Reunion, Romania, Russia, Rwanda, Saint Helena, Saint Kitts And Nevis, Saint Lucia, Saint Pierre And Miquelon, Saint Vincent And The Grenadines, Samoa, San Marino, Sao Tome And Principe, Saudi Arabia, Senegal, Seychelles, Sierra Leone, Singapore, Slovak Republic, Slovenia, Solomon Islands, Somalia, South Africa, South Georgia And The South Sandwich Islands, Spain, Sri Lanka, Sudan, Suriname, Svalbard And Jan Mayen, Swaziland, Sweden, Switzerland, Syria, Taiwan, Tajikistan, Tanzania, Thailand, East Timor (Timor-Leste), Togo, Tokelau, Tonga, Trinidad And Tobago, Tunisia, Turkey, Turkmenistan, Turks And Caicos Islands, Tuvalu, Uganda, Ukraine, United Arab Emirates, United Kingdom, United States Minor Outlying Islands, Uruguay, Uzbekistan, Vanuatu, Venezuela, Viet Nam, British Virgin Islands, United States Virgin Islands, Wallis And Futuna, Western Sahara, Yemen, Zambia, Zimbabwe, Montenegro, Saint BarthÃ©lemy, Serbia, Kosovo, South Sudan , CuraÃ§ao, Bonaire Sint Eustatius and Saba, Saint Martin (French Part), Sint Maarten (Dutch Part)",8/1/2025,The Global Climbing Initiative is accepting applications for its Creative Grants Program to support climbing communities worldwide in sharing their perspectives and experiences through innovative projects in the arts.,"Arts &amp; Culture, Education, Innovation",https://globalclimbing.org/creative-grants
Entries open for AWS AI and ML Scholars,Events,All Countries,8/1/2025,"Get ready for a career in AI with courses featuring cutting-edge AI tools, designed for learners facing limited access to AI &amp; ML opportunities.","Business &amp; Industry, Learning, Career Development, Individuals, Youth, Artificial Intelligence, Technology",https://aws.amazon.com/about-aws/our-impact/scholars/
Globus Forward – Strengthening the Capacities of Transnational Collaborations,Grant,Global,8/3/2025,The Globus FORWARD supports artistic and cultural collaborations that operate in wide transnational settings and that are ready for further development.,"Arts & Culture, Learning",https://nordiskkulturfond.org/en/funding-programmes/globus-forward-strengthening-the-capacities-of-transnational-collaborations
WISER Africa Co-Production Fellowship,Fellowship,Africa,8/8/2025,"Apply now for the Weather and Climate Information Services (WISER) Africa co-production fellowship, funded by the UK government’s Foreign, Commonwealth and Development Office (FCDO) through the Africa Regional Climate and Nature (ARCAN) Programme.","Community Development, Learning",https://www.metoffice.gov.uk/services/government/international-development/weather-and-climate-information-services-wiser/wiser-africa/wiser-africa-co-production-fellowship-2025
Call for Submission of Articles on Girls and Women's Education,Events,Africa,8/8/2025,"The African Union International Centre for Girls and Women's Education in Africa is inviting you to contribute to its latest initiative, seeking high-quality academic articles exploring the intersection of gender equality and education.","Education, Research, Technology",https://cieffa.au.int/en/documents/2025-07-07/call-articles-girls-and-womens-education
American Express Leadership Academy,Events,"Europe, Africa, Latin America",8/11/2025,Are you ready to drive change forward in your organization and help grow the foundations needed for the future success of the non-profit sector? Apply for the American Express Leadership Academy to strengthen the non-profit sector by building the capacity of its leaders.,"Capacity Building, Leadership",https://commonpurpose.org/american-express-leadership-academy#anchor1 
Strengthening ‘Pre-Cooked’ Food Businesses in East and West Africa,Grant,"Ghana, Kenya, Nigeria, Tanzania, Uganda",8/3/2025,"Modern Energy Cooking Services (MECS) invites proposals from entrepreneurs, start-ups, businesses, and food service providers interested in establishing or expanding a sustainable pre-cooked food business using electricity as the main fuel for cooking based in Kenya, Tanzania, Uganda, Ghana, or Nigeria.","Agriculture Food &amp; Nutrition, Businesses, Companies and Enterprises, Entrepreneurship, Startups, Entrepreneurs, Sustainable Development",https://mecs.org.uk/terms-of-reference-strengthening-pre-cooked-food-businesses-in-east-and-west-africa/
Zendesk Foundation’s Tech for Good Impact Awards 2025,Awards,"Latin America, Africa, Europe, Asia, South Asia",8/15/2025,The Zendesk Foundation is inviting nonprofit organizations to apply for the Tech for Good Impact Awards.,"Community Development, Career Development, Employment & Labor, Information Technology",https://techforgood.zendesk.com/hc/en-us/articles/24123851274765-2025-Zendesk-Impact-Awards-Application-Window-is-Now-Open 
Globus Forward Programme to strengthen Capacities of Transnational Collaborations,Grant,All Countries,8/3/2025,The Globus FORWARD supports artistic and cultural collaborations that operate in wide transnational settings and that are ready for further development.,"Arts &amp; Culture, Languages, Capacity Building, Learning, Individuals, Leadership",https://nordiskkulturfond.org/en/funding-programmes/globus-forward-strengthening-the-capacities-of-transnational-collaborations
Pollicy Fellowship in Africa,Fellowship,"Algeria, Angola, Benin, Botswana, Burkina Faso, Burundi, Cameroon, Cape Verde, Central African Republic, Chad, Comoros, Congo (Brazzaville), Congo DR, Cote DIvoire (Ivory Coast), Djibouti, Egypt, Equatorial Guinea, Eritrea, Ethiopia, Gabon, Gambia, Ghana, Guinea, Guinea-Bissau, Kenya, Lesotho, Liberia, Libya, Madagascar, Malawi, Mali, Mauritania, Mauritius, Mayotte, Morocco, Mozambique, Namibia, Niger, Nigeria, Reunion, Rwanda, Saint Helena, Sao Tome And Principe, Senegal, Seychelles, Sierra Leone, Somalia, South Africa, Sudan, Swaziland, Tanzania, Togo, Tunisia, Uganda, Western Sahara, Zambia, Zimbabwe, South Sudan",8/4/2025,"The Pollicy is excited to launch three dynamic fellowship tracks, each aligned with their strategic pillars and their shared vision for a safe, joyful, and just digital world.","Community Development, Learning, Individuals, Researchers, Students, Storytelling, Technology",https://pollicy.org/wp-content/uploads/2025/07/August-2025-Pollicy-Fellowship-Advert.pdf
In-Country YouthADAPT Challenge 2025 (Africa),"Awards, Prizes and Challenges","Algeria, Angola, Benin, Botswana, Burkina Faso, Burundi, Cameroon, Cape Verde, Central African Republic, Chad, Comoros, Congo (Brazzaville), Congo DR, Cote DIvoire (Ivory Coast), Djibouti, Egypt, Equatorial Guinea, Eritrea, Ethiopia, Gabon, Gambia, Ghana, Guinea, Guinea-Bissau, Kenya, Lesotho, Liberia, Libya, Madagascar, Malawi, Mali, Mauritania, Mauritius, Mayotte, Morocco, Mozambique, Namibia, Niger, Nigeria, Reunion, Rwanda, Saint Helena, Sao Tome And Principe, Senegal, Seychelles, Sierra Leone, Somalia, South Africa, Sudan, Swaziland, Tanzania, Togo, Tunisia, Uganda, Western Sahara, Zambia, Zimbabwe, South Sudan",8/4/2025,The In-Country YouthADAPT Challenge is calling on youth-led MSMEs and innovators to drive climate adaptation and resilience across Africa.,"Agriculture Food &amp; Nutrition, Businesses, Companies and Enterprises, Community Development, Infrastructure, Climate Change, Innovation, Technology, Youth &amp; Adolescents",https://incountryouthadapt.kenyacic.org/
Photography 4 Humanity Global Prize Competition,Awards,Global,8/5/2025,Submissions are now open for the Photography 4 Humanity Global Prize Competition to promote climate justice.,"Arts & Culture, Children, Climate Change, Youth & Adolescents",https://www.photography4humanity.com/2025-global-prize
Civil Society against ILLICIT Financial Flows in Eastern and Southern Africa,Grant,Africa,8/15/2025,Funds civil society initiatives in East and Southern Africa to combat illicit financial flows and organized crime.,Research,https://www.linkedin.com/posts/giz-tanzaniaandeac_call-for-proposals-activity-7351172716915228673-7Usz/
Lysiak-Rudnytsky Ukrainian Studies Programme,Grant,Global,8/6/2025,"The Lysiak-Rudnytsky Ukrainian Studies Programme support projects in Ukrainian studies for research, educational, cultural institutions, and analytical centres abroad.","Arts & Culture, Education, Research",https://ui.org.ua/en/sectors-en/lysiak-rudnytsky-ukrainian-studies-2/?
Apply for Lysiak-Rudnytsky Ukrainian Studies Programme,Grant,All Countries,8/6/2025,"The Lysiak-Rudnytsky Ukrainian Studies Programme support projects in Ukrainian studies for research, educational, cultural institutions, and analytical centres abroad.","Arts &amp; Culture, Languages, Literature, Education, Researchers, Research",https://ui.org.ua/en/sectors-en/lysiak-rudnytsky-ukrainian-studies-2/?
CFPs: Africa-Bavaria Tandem Mobility Grant for Early-Career Researchers,Grant,"Algeria, Angola, Benin, Botswana, Burkina Faso, Burundi, Cameroon, Cape Verde, Central African Republic, Chad, Comoros, Congo (Brazzaville), Congo DR, Cote DIvoire (Ivory Coast), Djibouti, Egypt, Equatorial Guinea, Eritrea, Ethiopia, Gabon, Gambia, Germany, Ghana, Guinea, Guinea-Bissau, Kenya, Lesotho, Liberia, Libya, Madagascar, Malawi, Mali, Mauritania, Mauritius, Mayotte, Morocco, Mozambique, Namibia, Niger, Nigeria, Reunion, Rwanda, Saint Helena, Sao Tome And Principe, Senegal, Seychelles, Sierra Leone, Somalia, South Africa, Sudan, Swaziland, Tanzania, Togo, Tunisia, Uganda, Western Sahara, Zambia, Zimbabwe, South Sudan",8/6/2025,The Bavarian Research Associations is currently accepting applications for its Africa-Bavaria Tandem Mobility Grant to strengthen cooperation in Research and Innovation (R&amp;I) between researchers in African countries and Bavaria.,"Career Development, PhD Holder, Researchers, Innovation, Research",https://www.bayfor.org/en/bavarian-expertise/scientific-coordination-office/scope/bavaria-africa/news/detail/5229-call-for-proposals-africa-bavaria-tandem-mobility-grant-for-early-career-researchers-2025.html
CFAs: Africa-Japan Collaborative Research (AJ-CORE) - 5th Joint Call,Grant,"Botswana, Burkina Faso, Cote DIvoire (Ivory Coast), Ethiopia, Ghana, Japan, Kenya, Malawi, Mozambique, Namibia, Nigeria, Rwanda, Senegal, Sierra Leone, South Africa, Tanzania, Uganda, Zambia, Zimbabwe",8/7/2025,"The Strategic International Collaborative Research Program is currently accepting applications for its Africa-Japan Collaborative Research (AJ-CORE) to support joint research and innovation projects in designated fields of science between researchers from Japan, South Africa and the 17 African countries whose ministries and granting councils are a participating member in the Science Granting Councils Initiative (SGCI).","Capacity Building, Economic Development, , Innovation, Research, Science, Sustainable Development",https://www.jst.go.jp/inter/english/program_e/announce_e/announce_aj-core_5th.html
Africa-Japan Collaborative Research (AJ-CORE) - 5th Joint Call,Grant,"Botswana, Burkina Faso, Cote DIvoire (Ivory Coast), Ethiopia, Ghana, Japan, Kenya, Malawi, Mozambique, Namibia, Nigeria, Rwanda, Senegal, Sierra Leone, South Africa, Tanzania, Uganda, Zambia, Zimbabwe",8/7/2025,"The Strategic International Collaborative Research Program is currently accepting applications for its Africa-Japan Collaborative Research (AJ-CORE) to support joint research and innovation projects in designated fields of science between researchers from Japan, South Africa and the 17 African countries whose ministries and granting councils are a participating member in the Science Granting Councils Initiative (SGCI).","Capacity Building, Economic Development, , Innovation, Research, Science, Sustainable Development",https://www.jst.go.jp/inter/english/program_e/announce_e/announce_aj-core_5th.html
Avoiding Emissions of High-GWP Fluorocarbons through a Pilot Project,Grant,Africa,8/29/2025,"Develop a business model for lifecycle refrigerant management, specifically end of life management of refrigerants through a pilot project on fluorocarbon destruction through cement kilns.","Capacity Building, Enviroment",https://www.ccacoalition.org/calls-for-proposals/2025-calls-proposals-projects-advance-national-policy-and-mitigation-actions/multi-country-avoiding-emissions-high-gwp-fluorocarbons-through-pilot-project-refrigerant-destruction-cement-kiln-kenya-malawi-uganda-and-zimbabwe
OWSD-Elsevier Foundation Awards 2026,Awards,"Africa, MENA",8/31/2025,"The Organization for Women in Science invites applications from early career women scientists from the Global South working in the area of sustainable, affordable, and reliable energy.","Energy, Science, Sustainable Development",https://owsd.net/call-applications-2026-owsd-elsevier-foundation-awards
Call for Projects: Technology-Facilitated Gender-Based Violence,Grant,MENA,8/31/2025,The French Development Agency (AFD) launches this call for proposals to fund civil society organizations (CSOs)...,Technology,https://www.afd.fr/en/calls-for-projects/call-projects-technology-facilitated-gender-based-violence
10th UCLG ASPAC Congress – UCLG ASPAC Photo Competition,Events,Global,8/8/2025,The United Cities and Local Governments Asia-Pacific invites publics to join the Photo Competition.,"Arts & Culture, Children, Innovation, Youth & Adolescents, Sustainable Development",https://uclg-aspac.org/10th-uclg-aspac-congress-photo-competition/
UCLG ASPAC International Essay Competition for Youth and Journalists,Events,Global,8/8/2025,"The 10th UCLG ASPAC Congress offers an unparalleled opportunity to explore how to create self-sufficient, sustainable cities and resilient regions that will thrive in the future.","Community Development, Sustainable Development, Leadership, Journalism, Innovation, Youth Development",https://uclg-aspac.org/10th-uclg-aspac-congress-international-essay-competition/
Sony Music Group Global Scholars Program,Scholarship,All Countries,8/8/2025,"The Global Social Justice Fund, Sony Music Group, in partnership with IIE, is pleased to announce a new global scholarship program that will propel the future careers of young, diverse talent in the music industry.","Music, Business &amp; Industry, Community Development, Secondary Education, Career Development, Employment &amp; Labor, Leaders, Students, Youth, Leadership, Youth &amp; Adolescents",https://www.iie.org/programs/sony-music-global-scholars-program/
Norec Grant for Work Exchange Cooperation 2025,Grant,"Africa, MENA, Latin America",9/1/2025,The Norec Grant for Work Exchange Cooperation gives young professionals the chance to gain international experience and expertise about sustainable development.,"Democracy & Good Governance, Economic Development, Community Development, Poverty Alleviation, Sustainable Development, Youth & Adolescents",https://www.norec.no/en/home/work-exchange-grant-overview/
Match Funding Grant (Uganda),Grant,Uganda,8/8/2025,"The Uganda National NGO Forum (UNNGOF), in partnership with the Change the Game Academy and Wilde Ganzen Foundation, invites applications for the Match Funding Grant 2025.","Agriculture Food &amp; Nutrition, Businesses, Companies and Enterprises, Community Engagement, Democracy &amp; Good Governance, Education, Health, Human Rights, Livelihood, Gender Equality, Youth &amp; Adolescents",https://ngoforum.or.ug/what-we-do/match-funding-grant/
Open Call for Emergency Response of Implementation of Rapid Responses (Uganda),Grant,Uganda,8/8/2025,The World Food Programme is seeking grant applications for emergency response of implementation of rapid responses.,"Food Safety, Nutrition, Children, Malnutrition, Emergency and Crisis",https://www.unpartnerportal.org/landing/opportunities/
Neurotorium Clinical Education Grants within Psychiatry and Neurology,Grant,Africa,9/2/2025,"Neurotorium is offering Clinical Education Grants to support non-profit educational projects aimed at strengthening clinical competencies within the prevention, diagnosis, and treatment of psychiatric and neurological disorders through educational activities aimed at healthcare professionals.","Education, Health Care",https://neurotorium.org/grants/clinical-education-grant/
Africa Open Lab Initiative,Grant,Africa,9/3/2025,The GSK initiative supports scientific research and strengthens research capabilities in sub-Saharan Africa.,Capacity Building,https://www.gsk.com/en-gb/responsibility/global-health-and-health-security/africa-open-lab/
KLIC Catalyst Grant Program,Grant,"Afghanistan, Albania, Algeria, American Samoa, Angola, Argentina, Armenia, Azerbaijan, Bangladesh, Belarus, Belize, Benin, Bhutan, Bolivia, Bosnia And Herzegovina, Botswana, Brazil, Bulgaria, Burkina Faso, Burundi, Cambodia, Cameroon, Cape Verde, Central African Republic, Chad, China, Colombia, Comoros, Congo (Brazzaville), Congo DR, Costa Rica, Cote DIvoire (Ivory Coast), Cuba, Djibouti, Dominica, Dominican Republic, Ecuador, Egypt, El Salvador, Equatorial Guinea, Eritrea, Ethiopia, Fiji, Gabon, Gambia, Georgia, Ghana, Grenada, Guatemala, Guinea, Guinea-Bissau, Guyana, Haiti, Honduras, India, Indonesia, Iran, Iraq, Jamaica, Jordan, Kazakhstan, Kenya, Kiribati, North Korea, Kyrgyzstan, Laos, Lebanon, Lesotho, Liberia, Libya, Macedonia, Madagascar, Malawi, Malaysia, Maldives, Mali, Marshall Islands, Mauritania, Mauritius, Mexico, Micronesia Federated States Of, Moldova Republic Of, Mongolia, Morocco, Mozambique, Burma(Myanmar), Namibia, Nepal, Nicaragua, Niger, Nigeria, Pakistan, Palau, Palestinian Territories, Papua New Guinea, Paraguay, Peru, Philippines, Russia, Rwanda, Saint Lucia, Saint Vincent And The Grenadines, Samoa, Sao Tome And Principe, Senegal, Sierra Leone, Solomon Islands, Somalia, South Africa, Sri Lanka, Sudan, Suriname, Swaziland, Syria, Tajikistan, Tanzania, Thailand, East Timor (Timor-Leste), Togo, Tonga, Tunisia, Turkey, Turkmenistan, Tuvalu, Uganda, Ukraine, Uzbekistan, Vanuatu, Viet Nam, Yemen, Zambia, Zimbabwe, Montenegro, Serbia, Kosovo, South Sudan",8/10/2025,"The GaneshAID has launched the KLIC Catalyst Grant Program aimed at piloting locally adapted, impactful solutions that address these two core challenges.","Capacity Building, Education, Health, Health care, Innovation, Leadership",https://ganeshaid.com/fr/call-for-proposals-klic-catalyst-grant-program/
Research Grants,Grant,All Countries,8/11/2025,"The PKD Foundation’s principal mission is to support basic, translational, and clinical research that will benefit patients with autosomal dominant and autosomal recessive polycystic kidney disease (ADPKD and ARPKD).","Children, Learning, Diseases, Innovation, Research",https://pkdcure.org/research/grants/pkd-foundation-research-rfa/
Civil Society Policy Forum (Annual Meetings 2025),Events,All Countries,8/11/2025,"The Civil Society Policy Forum (CSPF) Working Group, the World Bank Group (WBG) and the International Monetary Fund (IMF) has launched the call for proposals for a CSPF in Washington, DC, with hybrid components.",Civil Society Development,https://www.worldbank.org/en/events/2025/06/16/civil-society-policy-forum-annual-meetings-2025#tabs-ea24b6318e-item-56d93c4b13-tab
Spencer Foundation’s Vision Grants Program 2025,Grant,Global,8/13/2025,"The Spencer Foundation is accepting applications for the Vision Grants Program to fund the collaborative planning of innovative, methodologically diverse, interdisciplinary research on education that contributes to transforming education systems for equity.","Innovation, Education, Research",https://www.spencer.org/grant_types/vision-grants
Open Call: Implementation of General Food Assistance in Kyaka II Refugee Settlement and Hosting District (Uganda),Grant,Uganda,8/13/2025,"The World Food Programme (WFP) has opened a call for the implementation of general food assistance, nutrition, digital and financial inclusion, resilience and self-reliance in Kyaka II Refugee Settlement and Hosting District.","Agriculture Food &amp; Nutrition, Food Safety, Nutrition, Children, Community Development, Malnutrition, Livelihood, Refugee &amp; Asylum Seekers, Youth &amp; Adolescents",https://www.unpartnerportal.org/landing/opportunities/
CFPs: Implementation of General Food Assistance in Kyangwali Refugee Settlement and Hosting District (Uganda),Grant,Uganda,8/13/2025,"The World Food Programme (WFP) has launched a call for proposals for the implementation of general food assistance, nutrition, digital and financial inclusion, resilience and self-reliance in Kyangwali Refugee Settlement and Hosting District.","Agriculture Food &amp; Nutrition, Food Safety, Children, Community Development, Malnutrition, Livelihood, Refugee &amp; Asylum Seekers, Youth &amp; Adolescents",https://www.unpartnerportal.org/landing/opportunities/
Connecting Indigenous Research and Leadership,Grant,Africa,9/23/2025,The International Development Research Centre (IDRC) is pleased to announce a call for proposals to connect Indigenous research and leadership in Canada and the Global South to complement the Tri-agency strategic funding opportunity Indigenous Capacity and Leadership in Research Connection Grants being led by the Social Sciences and Humanities Research Council of Canada.,"Democracy & Good Governance, Education, Climate Change, Leadership, Research, Social Sciences",https://idrc-crdi.ca/en/call-proposals-connecting-indigenous-research-and-leadership-canada-and-global-south
CFAs: Implementation of General Food Assistance in Nakivale and Oruchinga Refugee Settlement and Hosting District (Uganda),Grant,Uganda,8/13/2025,"The World Food Programme (WFP) is calling for applications for the implementation of general food assistance, nutrition, digital and financial inclusion, resilience and self-reliance in Nakivale &amp; Oruchinga Refugee Settlement and Hosting District.","Agriculture Food &amp; Nutrition, Food Safety, Children, Community Development, Malnutrition, Livelihood, Refugee &amp; Asylum Seekers, Youth &amp; Adolescents",https://www.unpartnerportal.org/landing/opportunities/
More Than a Mother - Africa,Awards,Africa,9/30/2025,"Submissions are now open for all African Singers and Musical Artists to create and share a song with the aim to address one or more of the following social issues such as: Breaking Infertility Stigma, Supporting Girl Education, Women Empowerment, Ending Child Marriage, Ending FGM and/or Stopping GBV at all levels.","Arts & Culture, Education",https://merck-foundation.com/Awards/merck-foundation-song-awards-more-than-a-mother 
Call for EOIs: Implementation of General Food Assistance in Palabek Refugee Settlement and Hosting District (Uganda),Grant,Uganda,8/13/2025,"The World Food Programme (WFP) is calling for expression of interests for the implementation of general food assistance, nutrition, digital and financial inclusion, resilience and self-reliance in Palabek Refugee Settlement and Hosting District.","Agriculture Food &amp; Nutrition, Food Safety, Children, Community Development, Malnutrition, Livelihood, Refugee &amp; Asylum Seekers, Youth &amp; Adolescents",https://www.unpartnerportal.org/landing/opportunities/
Open Call: Implementation of General Food Assistance in Bidibidi and Lobule Refugee Settlements and Hosting Districts (Uganda),Grant,Uganda,8/13/2025,"The World Food Programme (WFP) has opened a call for the Implementation of General Food Assistance, Nutrition, Digital and Financial Inclusion, Resilience and Self-Reliance in Bidibidi &amp; Lobule Refugee Settlements and Hosting Districts.","Food Safety, Nutrition, Children, Community Development, Malnutrition, Livelihood, Youth &amp; Adolescents",https://www.unpartnerportal.org/landing/opportunities/
Building Beyond Programme (Cycle 5),Grant,"Afghanistan, Albania, Algeria, Angola, Argentina, Armenia, Azerbaijan, Bangladesh, Belarus, Belize, Benin, Bhutan, Bolivia, Bosnia And Herzegovina, Botswana, Brazil, Burkina Faso, Burundi, Cambodia, Cameroon, Cape Verde, Central African Republic, Chad, China, Colombia, Comoros, Congo (Brazzaville), Congo DR, Costa Rica, Cote DIvoire (Ivory Coast), Cuba, Djibouti, Dominica, Dominican Republic, Ecuador, Egypt, El Salvador, Equatorial Guinea, Eritrea, Ethiopia, Fiji, Gabon, Gambia, Georgia, Ghana, Grenada, Guatemala, Guinea, Guinea-Bissau, Guyana, Haiti, Honduras, India, Indonesia, Iran, Iraq, Jamaica, Jordan, Kazakhstan, Kenya, Kiribati, North Korea, Kyrgyzstan, Laos, Lebanon, Lesotho, Liberia, Libya, Macedonia, Madagascar, Malawi, Malaysia, Maldives, Mali, Marshall Islands, Mauritania, Mauritius, Mexico, Micronesia Federated States Of, Moldova Republic Of, Mongolia, Montserrat, Morocco, Mozambique, Burma(Myanmar), Namibia, Nauru, Nepal, Nicaragua, Niger, Nigeria, Niue, Pakistan, Palau, Palestinian Territories, Panama, Papua New Guinea, Paraguay, Peru, Philippines, Rwanda, Saint Helena, Saint Lucia, Saint Vincent And The Grenadines, Samoa, Sao Tome And Principe, Senegal, Sierra Leone, Solomon Islands, Somalia, South Africa, Sri Lanka, Sudan, Suriname, Swaziland, Syria, Tajikistan, Tanzania, Thailand, East Timor (Timor-Leste), Togo, Tokelau, Tonga, Tunisia, Turkey, Turkmenistan, Tuvalu, Uganda, Ukraine, Uzbekistan, Vanuatu, Venezuela, Viet Nam, Wallis And Futuna, Yemen, Zambia, Zimbabwe, Montenegro, Serbia, Kosovo, South Sudan",8/13/2025,Are you an artist or cultural practitioner engaged with modalities of spatial examination or intervention in your urban context? The Prince Claus Fund invites you to apply for Cycle 5 of Building Beyond.,"Community Development, Artists, Individuals",https://princeclausfund.nl/awards-and-programmes/fellows-award/building-beyond/cycle-5-call-for-applications
Implementation of General Food Assistance in Nakivale and Oruchinga Refugee Settlement and Hosting District (Uganda),Grant,Uganda,8/13/2025,"The World Food Programme (WFP) is calling for applications for the implementation of general food assistance, nutrition, digital and financial inclusion, resilience and self-reliance in Nakivale &amp; Oruchinga Refugee Settlement and Hosting District.","Agriculture Food &amp; Nutrition, Food Safety, Children, Community Development, Malnutrition, Livelihood, Refugee &amp; Asylum Seekers, Youth &amp; Adolescents",https://www.unpartnerportal.org/landing/opportunities/
Entries open for AU Media Fellowship Programme 3.0 in Africa,Fellowship,"Algeria, Angola, Benin, Botswana, Burkina Faso, Burundi, Cameroon, Cape Verde, Central African Republic, Chad, Comoros, Congo (Brazzaville), Congo DR, Cote DIvoire (Ivory Coast), Djibouti, Egypt, Equatorial Guinea, Eritrea, Ethiopia, Gabon, Gambia, Ghana, Guinea, Guinea-Bissau, Kenya, Lesotho, Liberia, Libya, Madagascar, Malawi, Mali, Mauritania, Mauritius, Mayotte, Morocco, Mozambique, Namibia, Niger, Nigeria, Reunion, Rwanda, Saint Helena, Sao Tome And Principe, Senegal, Seychelles, Sierra Leone, Somalia, South Africa, Sudan, Swaziland, Tanzania, Togo, Tunisia, Uganda, Western Sahara, Zambia, Zimbabwe, South Sudan",8/14/2025,"The African Union Media Fellowship programme empowers Africans to shape and share their own stories, told by Africans, for Africa and the world.","Agriculture Food &amp; Nutrition, Art History and Preservation, Music, Visual Arts, Business &amp; Industry, Infrastructure, Democracy &amp; Good Governance, Economic Development, Climate Change, Energy, Environment, Ocean Conservation, Diseases, Health, Public Health, Human Rights, Journalists, Innovation, Livelihood, Manufacturing, Marketing, Media, Storytelling, Technology, Sports &amp; Recreation, Sustainable Development, Tourism &amp; Travel, Water",https://aumf.au.int/aumf-call
SoCreative eLearning Micro Grants,Grant,Africa,10/10/2025,"The SoCreative eLearning micro grants provide small-scale financial support to enhance access, engagement, and course completion for hubs, communities, or festivals using their SoCreative eLearning Programme.","Community Development, Learning",https://www.facebook.com/photo/?fbid=1140126698161736&set=pcb.1140126774828395
John Templeton Foundation Grant Program,Grant,Global,8/15/2025,The John Templeton Foundation is requesting applications for its grant program to support interdisciplinary research and catalyzes conversations that inspire awe and wonder.,"Arts & Culture, Entrepreneurship, Education, Media, Research, Science",https://www.templeton.org/grants/grant-faq
Supporting African Science and Tertiary Education (SASTE) Grant - 4th Call,Grant,Africa,11/30/2025,"The Supporting African Science and Tertiary Education (SASTE) Grant to support high potentials from Sub Sahara Africa working in the field of Agriculture, Forestry, Water Management, Renewable Energies, Nutritional Science, Human and Veterinary Medicine for a research stay in Austria.","Agriculture Food & Nutrition, Community Development, Energy, Research, Sustainable Development, Science, Employment & Labor",https://oead.at/de/aktuelles/artikel/2025/02/supporting-african-science-and-tertiary-education-saste-grant-4th-call-open-until-november-2025 
Training and Research in Italian Laboratories Programme,Events,"Africa, Asia, Latin America",12/31/2025,The Training and Research in Italian Laboratories (TRIL) Programme offers scientists from developing countries the opportunity to undertake training and research in an Italian laboratory in different branches of the physical sciences.,"Community Development, Energy, Enviroment, Innovation, Research, Science, Technology",https://www.ictp.it/opportunity/training-and-research-italian-laboratories-tril 
Swiss Foundation for Solidarity in Tourism (SST) Grant Program,Grant,Global,8/15/2025,Applications are now open for the Swiss Foundation for Solidarity in Tourism (SST) Grant Program.,"Arts & Culture, Economic Development, Sustainable Development",https://www.sstfoundation.org/
Climate Communication Fund,Grant,Global,8/15/2025,The Climate Communication Fund offers grants to increase the communication capacity of climate CSOs.,"Capacity Building, Climate Change",https://www.communicationfoundation.org/climate-communication-fund
Cynthia Lennon Scholarship Program for Girls,Scholarship,Global,8/15/2025,The White Feather Foundation is delighted to invite applications for its Cynthia Lennon Scholarship Program for Girls.,"Education, Women & Gender, Youth & Adolescents",https://whitefeatherfoundation.com/news/applications-now-open-for-the-2025-cynthia-lennon-scholarship-for-girls/
Development of the Orange Index,Grant,All Countries,8/15/2025,The Impact Investment Exchange seeks a qualified technology vendor to design and develop the Orange Index™ - a platform that aggregates real-time SME impact data with macro-level indicators to benchmark national progress on gender equality and climate action.,"Businesses, Companies and Enterprises, Architecture and Planning, Climate Change, Environment, Leadership, Technology, Sustainable Development, Gender Equality",https://iixglobal.com/careers/
Access Sharjah Challenge 2025,Awards,Global,8/17/2025,The Access Sharjah Challenge (ASC) 2025 is calling on bold Education startups from around the world to co-build the future of education in Sharjah.,"Arts & Culture, Business & Industry",https://www.asc.sheraa.ae/
The Sky Is Not the Limit Social Impact Grant Program,Grant,Global,8/19/2025,"The Bombshell Impact Design Agency they believe the world’s most powerful brands are those driven by purpose that’s why they created The Sky Is Not the Limit Social Impact Grant an exclusive opportunity for social impact brands to access in professional design, marketing, and “AI for Good” strategy services.","Community Development, Technology",https://bombshellimpact.com/sky/
The Boring Fund,Grant,All Countries,8/19/2025,The WILDLABS is seeking applications for its Boring Fund to support the essential but overlooked aspects of conservation technology.,"Literature, Community Development, Infrastructure, Learning, Conservation, Environment, Individuals, Artificial Intelligence, Cyber Security, Technology, Sustainable Development",https://wildlabs.net/funding-opportunity/boring-fund-2025-apply-today
CYD Doctoral Fellowships,Fellowship,Global,8/20/2025,"The CYD Doctoral Fellowships provides salary and research and conference funds for four years (with a possible one-year extension), enabling fellows to complete a PhD thesis at the CYD Campus under the supervision of a professor at a higher education institution in Switzerland.","Education, Research, Technology",https://www.epfl.ch/research/funding/epfl-programmes/cyd/cyd-phd/
Wildlife Fellowship Training 2025,Accelerator,Global,8/20/2025,The Morris Animal Foundation supports research to advance the health of animals via its Wildlife Fellowship Training.,Community Development,https://www.morrisanimalfoundation.org/sites/default/files/filesync/FY26-AIBS-Wildlife-FT-Proposal-Guidelines.pdf
Pfizer Independent Medical Education Grant Program,Grant,"Afghanistan, Aland Islands, Albania, Algeria, American Samoa, Andorra, Angola, Anguilla, Antarctica, Antigua and Barbuda, Argentina, Armenia, Aruba, Australia, Austria, Azerbaijan, Bahamas, Bahrain, Bangladesh, Barbados, Belarus, Belgium, Belize, Benin, Bermuda, Bhutan, Bolivia, Bosnia And Herzegovina, Botswana, Bouvet Island, Brazil, British Indian Ocean Territory, Brunei, Bulgaria, Burkina Faso, Burundi, Cambodia, Cameroon, Canada, Cape Verde, Cayman Islands, Central African Republic, Chad, Chile, China, Christmas Island, Cocos (Keeling) Islands, Colombia, Comoros, Congo (Brazzaville), Congo DR, Cook Islands, Costa Rica, Cote DIvoire (Ivory Coast), Croatia, Cuba, Cyprus, Czech Republic, Denmark, Djibouti, Dominica, Dominican Republic, Ecuador, Egypt, El Salvador, Equatorial Guinea, Eritrea, Estonia, Ethiopia, Falkland Islands (Malvinas), Faroe Islands, Fiji, Finland, France, French Guiana, French Polynesia, French Southern Territories, Gabon, Gambia, Georgia, Germany, Ghana, Gibraltar, Greece, Greenland, Grenada, Guadeloupe, Guam, Guatemala, Guernsey, Guinea, Guinea-Bissau, Guyana, Haiti, Heard Island And Mcdonald Islands, Holy See (Vatican City State), Honduras, Hong Kong SAR, Hungary, Iceland, India, Indonesia, Iran, Iraq, Ireland, Isle Of Man, Israel, Italy, Jamaica, Japan, Jersey, Jordan, Kazakhstan, Kenya, Kiribati, South Korea, North Korea, Kuwait, Kyrgyzstan, Laos, Latvia, Lebanon, Lesotho, Liberia, Libya, Liechtenstein, Lithuania, Luxembourg, Macau, Macedonia, Madagascar, Malawi, Malaysia, Maldives, Mali, Malta, Marshall Islands, Martinique, Mauritania, Mauritius, Mayotte, Mexico, Micronesia Federated States Of, Moldova Republic Of, Monaco, Mongolia, Montserrat, Morocco, Mozambique, Burma(Myanmar), Namibia, Nauru, Nepal, Netherlands, Netherlands Antilles, New Caledonia, New Zealand, Nicaragua, Niger, Nigeria, Niue, Norfolk Island, Northern Mariana Islands, Norway, Oman, Pakistan, Palau, Palestinian Territories, Panama, Papua New Guinea, Paraguay, Peru, Philippines, Pitcairn, Poland, Portugal, Puerto Rico, Qatar, Reunion, Romania, Russia, Rwanda, Saint Helena, Saint Kitts And Nevis, Saint Lucia, Saint Pierre And Miquelon, Saint Vincent And The Grenadines, Samoa, San Marino, Sao Tome And Principe, Saudi Arabia, Senegal, Seychelles, Sierra Leone, Singapore, Slovak Republic, Slovenia, Solomon Islands, Somalia, South Africa, South Georgia And The South Sandwich Islands, Spain, Sri Lanka, Sudan, Suriname, Svalbard And Jan Mayen, Swaziland, Sweden, Switzerland, Syria, Taiwan, Tajikistan, Tanzania, Thailand, East Timor (Timor-Leste), Togo, Tokelau, Tonga, Trinidad And Tobago, Tunisia, Turkey, Turkmenistan, Turks And Caicos Islands, Tuvalu, Uganda, Ukraine, United Arab Emirates, United Kingdom, United States Minor Outlying Islands, Uruguay, Uzbekistan, Vanuatu, Venezuela, Viet Nam, British Virgin Islands, United States Virgin Islands, Wallis And Futuna, Western Sahara, Yemen, Zambia, Zimbabwe, Montenegro, Saint BarthÃ©lemy, Serbia, Kosovo, South Sudan , CuraÃ§ao, Bonaire Sint Eustatius and Saba, Saint Martin (French Part), Sint Maarten (Dutch Part)",8/21/2025,Pfizer is seeking proposals to support educational initiatives focused on the burden of COVID-19 in adult patients with high-risk conditions.,"COVID-19, Education, Diseases",https://cdn.pfizer.com/pfizercom/2025-07/2025-VAC-G-COVID-19BurdenonHighRiskPopulation-KG.pdf?VersionId=IoHj8Flw.f.tH.p4nIM10lobtoh5s0ig
Commonwealth Professional Fellowships,Fellowship,"Bangladesh, Belize, Botswana, Cameroon, Dominica, Fiji, Gabon, Gambia, Ghana, Grenada, Guyana, India, Jamaica, Kenya, Kiribati, Lesotho, Malawi, Malaysia, Maldives, Mauritius, Montserrat, Mozambique, Namibia, Nauru, Nigeria, Pakistan, Papua New Guinea, Rwanda, Saint Helena, Saint Lucia, Saint Vincent And The Grenadines, Samoa, Sierra Leone, Solomon Islands, South Africa, Sri Lanka, Swaziland, Tanzania, Togo, Tonga, Tuvalu, Uganda, Vanuatu, Zambia",8/22/2025,Applications are now open for the Commonwealth Professional Fellowships to support mid-career professionals from low and middle income countries to spend a period of time at a UK host organisation working in their sector for a programme of professional development.,"Entrepreneurship, Capacity Building, Democracy &amp; Good Governance, Health, Individuals, Innovation, Peace &amp; Conflict Resolution, Science, Technology",https://cscuk.fcdo.gov.uk/scholarships/commonwealth-professional-fellowships-information-for-candidates/
Pillar 2: Scaling Community-Led Solutions for Adolescent Health and Nutrition Program,Grant,"Afghanistan, Bangladesh, Burkina Faso, Cambodia, Cameroon, Central African Republic, Chad, Congo DR, Cote DIvoire (Ivory Coast), Ethiopia, Ghana, Guatemala, Guinea, Haiti, Indonesia, Kenya, Liberia, Madagascar, Malawi, Mali, Mauritania, Mozambique, Burma(Myanmar), Niger, Nigeria, Pakistan, Rwanda, Senegal, Sierra Leone, Somalia, Tajikistan, Tanzania, Uganda, Viet Nam, Zambia, Zimbabwe",8/22/2025,"The World Bank’s Civil Society and Social Innovation Alliance (CIVIC) and the Global Financing Facility (GFF) have partnered to mobilize and equip CSOs and YLOs to contribute meaningfully to global and national health priorities, focusing on reproductive, maternal, newborn, child, and adolescent health and nutrition (RMNCAH-N).","Nutrition, Children, Health, Reproductive Health &amp; Family Planning, Innovation, Youth &amp; Adolescents",https://thegpsa.org/wp-content/uploads/2025/08/EOI-Description-Pillar-2-EN.pdf
Pillar 1: Strengthening Civil Society Engagement and Community Voice in Domestic Resource Mobilization Program,Grant,"Afghanistan, Bangladesh, Burkina Faso, Cambodia, Cameroon, Central African Republic, Chad, Congo DR, Cote DIvoire (Ivory Coast), Ethiopia, Ghana, Guatemala, Guinea, Haiti, Indonesia, Kenya, Liberia, Madagascar, Malawi, Mali, Mauritania, Mozambique, Burma(Myanmar), Niger, Nigeria, Pakistan, Rwanda, Senegal, Sierra Leone, Somalia, Tajikistan, Tanzania, Uganda, Viet Nam, Zambia, Zimbabwe",8/22/2025,"The GFF × CIVIC Platform is inviting expressions of interest for Pillar 1, which focuses on strengthening civil society engagement and community voice in domestic resource mobilization for reproductive, maternal, newborn, child, and adolescent health and nutrition (RMNCAH-N).","Nutrition, Children, Civil Society Development, Community Development, Health, Reproductive Health &amp; Family Planning, Youth &amp; Adolescents",https://thegpsa.org/wp-content/uploads/2025/08/EOI-Description-Pillar-1-EN.pdf
Women's Scholarship for International Students,Scholarship,Global,8/25/2025,Are you a woman looking for scholarships to study abroad? Applications are now open for the Women's Scholarship for International Students on all higher study level.,Education,https://www.educations.com/scholarships/women-scholarship-for-international-students
Extreme Heat Photo Contest,Events,All Countries,8/29/2025,"The Global Heat Health Information Network, in partnership with Internews’ Earth Journalism Network (EJN), has launched a global photography competition to showcase the real impacts of extreme heat, and the ways communities around the world are responding to it.","Animals &amp; Wildlife, Community Development, Construction, Infrastructure, Environment, Health, Individuals",https://ghhin.org/extreme-heat-photo-contest/
Open Call for SRHIN Health Equity Champions Program (Africa),Events,"Algeria, Angola, Benin, Botswana, Burkina Faso, Burundi, Cameroon, Cape Verde, Central African Republic, Chad, Comoros, Congo (Brazzaville), Congo DR, Cote DIvoire (Ivory Coast), Djibouti, Egypt, Equatorial Guinea, Eritrea, Ethiopia, Gabon, Gambia, Ghana, Guinea, Guinea-Bissau, Kenya, Lesotho, Liberia, Libya, Madagascar, Malawi, Mali, Mauritania, Mauritius, Mayotte, Morocco, Mozambique, Namibia, Niger, Nigeria, Reunion, Rwanda, Saint Helena, Sao Tome And Principe, Senegal, Seychelles, Sierra Leone, Somalia, South Africa, Sudan, Swaziland, Tanzania, Togo, Tunisia, Uganda, Western Sahara, Zambia, Zimbabwe, South Sudan",8/29/2025,"Are you passionate about health equity, youth leadership, and making a real difference in your community? Then join the next cohort of the SRHIN Health Equity Champions Program!","Community Development, Health, Youth, Leadership, Youth &amp; Adolescents",https://www.facebook.com/srhinAfrica/posts/pfbid0iDnh3WqDy4T5FxdQncfsbFNe54a3RxVWitd6nr6DhmzFSjraimrukEBs9MCvKGiil
Innovative Financing and Funding Review,Grant,All Countries,8/29/2025,The UK Humanitarian Innovation Hub (UKHIH) and Elrha are seeking a consultant or research partner to explore innovative funding and financing models that could strengthen the humanitarian research and innovation ecosystem.,"Learning, Humanitarian Relief, Innovation, Research",https://www.ukhih.org/news/call-for-proposals-innovative-financing-and-funding-review/
Africa Earth Observation Challenge 2025,"Awards, Prizes and Challenges","Algeria, Angola, Benin, Botswana, Burkina Faso, Burundi, Cameroon, Cape Verde, Central African Republic, Chad, Comoros, Congo (Brazzaville), Congo DR, Cote DIvoire (Ivory Coast), Djibouti, Egypt, Equatorial Guinea, Eritrea, Ethiopia, Gabon, Gambia, Ghana, Guinea, Guinea-Bissau, Kenya, Lesotho, Liberia, Libya, Madagascar, Malawi, Mali, Mauritania, Mauritius, Mayotte, Morocco, Mozambique, Namibia, Niger, Nigeria, Reunion, Rwanda, Saint Helena, Sao Tome And Principe, Senegal, Seychelles, Sierra Leone, Somalia, South Africa, Sudan, Swaziland, Tanzania, Togo, Tunisia, Uganda, Western Sahara, Zambia, Zimbabwe, South Sudan",8/30/2025,Submissions are now open for the Africa Earth Observation Challenge to drive entrepreneurial activity in the African space industry and promote awareness of the value of Earth Observation to a broad community.,"Agriculture Food &amp; Nutrition, Business &amp; Industry, Entrepreneurship, Rural Development, Urban Development, Climate Change, Natural Resources, Health care, Disaster Preparedness, Technology, Sustainable Development",https://eochallenge.africa/enter/
"ABU Together for Planet, People, Peace Media Awards",Awards,Global,8/31/2025,"The Asia-Pacific Broadcasting Union invites you to participate in the second edition of the Together for Planet, People, Peace Media Awards (T4P Media Awards) to honour outstanding media programmes and initiatives that inspire positive change.","Community Development, Arts & Culture",https://www.abu.org.my/eventer/2025-t4p-together-for-planet-people-peace-media-awards/edate/2025-11-25
Allianz Climate Risk Award,Awards,Global,8/31/2025,The Allianz Climate Risk Award celebrates scientists at the start of their career whose work sheds light on the nexus between climate change and extreme weather events.,Career Development,https://www.allianz.com/en/sustainability/sustainability-hub/sustainability-at-allianz/climate-change/climate-risk-research-award.html#
Northern California Peace Corps Association Grants Program,Grant,Global,8/31/2025,Funds community development projects all around the world.,"Community Development, Employment & Labor",https://norcalpca.org/grants/
the Development of Uganda’s Aquaculture Sector,Grant,Uganda,8/31/2025,"The Embassy of the Kingdom of the Netherlands in Kampala (EKN) is initiating and funding a project within its Private Sector Development portfolio, aimed at the inclusive development of Uganda’s aquaculture sector.","Fisheries, Business &amp; Industry, Capacity Building",https://www.netherlandsandyou.nl/web/uganda/w/call-for-proposals-for-the-development-of-uganda-s-aquaculture-sector
5th Call for Proposals for LIC-based Researchers,Grant,"Afghanistan, Burkina Faso, Burundi, Central African Republic, Chad, Congo DR, Eritrea, Ethiopia, Gambia, Guinea, Guinea-Bissau, North Korea, Liberia, Madagascar, Malawi, Mali, Mozambique, Niger, Rwanda, Sierra Leone, Somalia, Sudan, Syria, Togo, Uganda, Yemen, South Sudan",8/31/2025,The Private Enterprise Development in Low-Income Countries invites applications from LIC-based researchers to the fifth of this special ERG call.,"Accounts and Finance, Businesses, Companies and Enterprises, Entrepreneurship, Climate Change, Environment, Researchers, Innovation, Marketing, Research, Sustainable Development",https://pedl.cepr.org/content/5th-special-erg-call-proposals-lic-based-researchers
7th Special ERG Call for Proposals for PhD Students,Grant,"Afghanistan, Burkina Faso, Burundi, Central African Republic, Chad, Congo DR, Eritrea, Ethiopia, Gambia, Guinea, Guinea-Bissau, North Korea, Liberia, Madagascar, Malawi, Mali, Mozambique, Niger, Rwanda, Sierra Leone, Somalia, Sudan, Syria, Togo, Uganda, Yemen, South Sudan",8/31/2025,The Private Enterprise Development in Low-Income Countries invites applications from PhD students to the seventh of this special ERG call.,"Accounts and Finance, Businesses, Companies and Enterprises, Entrepreneurship, Climate Change, Environment, Students, Innovation, Marketing, Research, Sustainable Development",https://pedl.cepr.org/content/7th-special-erg-call-proposals-phd-students-0
Electronic Village Online Program 2026,Events,All Countries,8/31/2025,"The Electronic Village Online (EVO) call for proposals for 2026 is now open for English language teachers to apply to prepare 5-week online professional development sessions for teachers globally from January 11 - February 15, 2026.","Education, Career Development, Individuals, Teachers",https://sites.google.com/view/evosessions2026/call-for-proposals
CFAs: Northern California Peace Corps Association Grants Program,Grant,All Countries,8/31/2025,The Northern California Peace Corps Association Grants Program provides funds for community development projects all around the world.,"Community Development, Employment &amp; Labor",https://norcalpca.org/grants/
Sahara Impact Fund Fellowship Programme (Africa),Fellowship,"Algeria, Angola, Benin, Botswana, Burkina Faso, Burundi, Cameroon, Cape Verde, Central African Republic, Chad, Comoros, Congo (Brazzaville), Congo DR, Cote DIvoire (Ivory Coast), Djibouti, Egypt, Equatorial Guinea, Eritrea, Ethiopia, Gabon, Gambia, Ghana, Guinea, Guinea-Bissau, Kenya, Lesotho, Liberia, Libya, Madagascar, Malawi, Mali, Mauritania, Mauritius, Mayotte, Morocco, Mozambique, Namibia, Niger, Nigeria, Reunion, Rwanda, Saint Helena, Sao Tome And Principe, Senegal, Seychelles, Sierra Leone, Somalia, South Africa, Sudan, Swaziland, Tanzania, Togo, Tunisia, Uganda, Western Sahara, Zambia, Zimbabwe, South Sudan",8/31/2025,"Sahara Group Foundation launched the Sahara Impact Fund (SIF) Fellowship programme, through a strategic partnership between Sahara Group Foundation, LEAP Africa, and Impact Investment Foundation.","Businesses, Companies and Enterprises, Entrepreneurship, Social Entrepreneurship, Capacity Building, Innovation, Sustainable Development, Youth &amp; Adolescents",https://saharagroupfoundation.org/sif/
South-to-South AI Accountability CoLab’s Microgrants Program,Grant,"Afghanistan, Algeria, Angola, Argentina, Bangladesh, Benin, Bhutan, Bolivia, Botswana, Brazil, Brunei, Burkina Faso, Burundi, Cambodia, Cameroon, Cape Verde, Central African Republic, Chad, Chile, Colombia, Comoros, Congo (Brazzaville), Congo DR, Costa Rica, Cote DIvoire (Ivory Coast), Cuba, Djibouti, Dominican Republic, Ecuador, Egypt, El Salvador, Equatorial Guinea, Eritrea, Ethiopia, Gabon, Gambia, Ghana, Guatemala, Guinea, Guinea-Bissau, Honduras, India, Indonesia, Iran, Kenya, Laos, Lesotho, Liberia, Libya, Madagascar, Malawi, Malaysia, Maldives, Mali, Mauritania, Mauritius, Mayotte, Mexico, Morocco, Mozambique, Burma(Myanmar), Namibia, Nepal, Nicaragua, Niger, Nigeria, Pakistan, Panama, Paraguay, Peru, Philippines, Puerto Rico, Reunion, Rwanda, Saint Helena, Sao Tome And Principe, Senegal, Seychelles, Sierra Leone, Singapore, Somalia, South Africa, Sri Lanka, Sudan, Swaziland, Tanzania, Thailand, Togo, Tunisia, Uganda, Uruguay, Venezuela, Viet Nam, Western Sahara, Zambia, Zimbabwe, South Sudan",8/31/2025,"The Pulitzer Center is pleased to announce its South to South AI Accountability CoLab Microgrants Program to strengthen the connection between AI accountability reporting and civil society engagement, contributing to a more informed governance of AI in the Global South.","Civil Society Development, Community Development, Democracy &amp; Good Governance, Learning, Individuals, Researchers, Artificial Intelligence, Journalism, Research",https://pulitzercenter.org/south-south-ai-accountability-colabs-microgrants
King Bhumibol World Soil Day Award,Awards,Global,9/1/2025,"Applications are now open for the King Bhumibol World Soil Day Award to encourage individuals and institutions to organize WSD events at all levels that contribute to raising awareness, inspiring action and promoting sustainable soil management through impactful and outstanding celebrations worldwide.","Enviroment, Sustainable Development",https://www.fao.org/world-soil-day/wsd-award/en/
Halton Foundation Grant Program 2025,Grant,Global,9/1/2025,The Halton Foundation is currently accepting applications for its grant program.,"Enviroment, Research",https://foundation.halton.com/halton-foundation-grant-application/
Entries open for iF SOCIAL IMPACT PRIZE 2025,"Awards, Prizes and Challenges",All Countries,9/1/2025,The iF SOCIAL IMPACT PRIZE supports projects that contribute to improving their society.,"Businesses, Companies and Enterprises, Entrepreneurs, Sustainable Development",https://ifdesign.com/en/if-social-impact-prize
AHAC Small Grants Program in Africa,Grant,"Algeria, Angola, Benin, Botswana, Burkina Faso, Burundi, Cameroon, Cape Verde, Central African Republic, Chad, Comoros, Congo (Brazzaville), Congo DR, Cote DIvoire (Ivory Coast), Djibouti, Egypt, Equatorial Guinea, Eritrea, Ethiopia, Gabon, Gambia, Ghana, Guinea, Guinea-Bissau, Kenya, Lesotho, Liberia, Libya, Madagascar, Malawi, Mali, Mauritania, Mauritius, Mayotte, Morocco, Mozambique, Namibia, Niger, Nigeria, Reunion, Rwanda, Saint Helena, Sao Tome And Principe, Senegal, Seychelles, Sierra Leone, Somalia, South Africa, Sudan, Swaziland, Tanzania, Togo, Tunisia, Uganda, Western Sahara, Zambia, Zimbabwe, South Sudan",9/1/2025,"Are you doing innovative and impactful work that’s unifying the well-being of people, animals, and the environment in Africa that could benefit from additional support or resources? The Alliance for Human Animal Coexistence wants to hear from you!","Animals &amp; Wildlife, Environment, Innovation, Sustainable Development",https://www.facebook.com/photo/?fbid=1142787464562499&amp;set=a.625867822921135
Strengthening Grantee Capacities by UKHIH and Elrha,Grant,All Countries,9/2/2025,"The UK Humanitarian Innovation Hub (UKHIH) and Elrha have launched a Call for Proposals to commission a supplier for the delivery of services aimed at strengthening grantee capacities, with submissions due by 2 September 2025.","Businesses, Companies and Enterprises, Capacity Building, Innovation, Research",https://www.ukhih.org/news/call-for-proposals-strengthening-grantee-capacities/
Apply Now: AI4D Innovation Scaling Challenge (Africa),"Awards, Prizes and Challenges","Algeria, Angola, Benin, Botswana, Burkina Faso, Burundi, Cameroon, Cape Verde, Central African Republic, Chad, Comoros, Congo (Brazzaville), Congo DR, Cote DIvoire (Ivory Coast), Djibouti, Egypt, Equatorial Guinea, Eritrea, Ethiopia, Gabon, Gambia, Ghana, Guinea, Guinea-Bissau, Kenya, Lesotho, Liberia, Libya, Madagascar, Malawi, Mali, Mauritania, Mauritius, Mayotte, Morocco, Mozambique, Namibia, Niger, Nigeria, Reunion, Rwanda, Saint Helena, Sao Tome And Principe, Senegal, Seychelles, Sierra Leone, Somalia, South Africa, Sudan, Swaziland, Tanzania, Togo, Tunisia, Uganda, Western Sahara, Zambia, Zimbabwe, South Sudan",9/4/2025,"The Lab for Ethics, Policy and Scaling of AI (LEPSAI), of the African Center for Technology Studies (ACTS) invites eligible AI innovators to express their interest in participating in the AI4D Innovation scaling challenge.","Agriculture Food &amp; Nutrition, Food Safety, Businesses, Companies and Enterprises, Startups, Education, Climate Change, Researchers, Artificial Intelligence, Innovation, Gender Equality",https://ai4d.acts-net.org/ai4d-innovation-scaling-challenge/
AI4D Innovation Scaling Challenge (Africa),"Awards, Prizes and Challenges","Algeria, Angola, Benin, Botswana, Burkina Faso, Burundi, Cameroon, Cape Verde, Central African Republic, Chad, Comoros, Congo (Brazzaville), Congo DR, Cote DIvoire (Ivory Coast), Djibouti, Egypt, Equatorial Guinea, Eritrea, Ethiopia, Gabon, Gambia, Ghana, Guinea, Guinea-Bissau, Kenya, Lesotho, Liberia, Libya, Madagascar, Malawi, Mali, Mauritania, Mauritius, Mayotte, Morocco, Mozambique, Namibia, Niger, Nigeria, Reunion, Rwanda, Saint Helena, Sao Tome And Principe, Senegal, Seychelles, Sierra Leone, Somalia, South Africa, Sudan, Swaziland, Tanzania, Togo, Tunisia, Uganda, Western Sahara, Zambia, Zimbabwe, South Sudan",9/4/2025,"The Lab for Ethics, Policy and Scaling of AI (LEPSAI), of the African Center for Technology Studies (ACTS) invites eligible AI innovators to express their interest in participating in the AI4D Innovation scaling challenge.","Agriculture Food &amp; Nutrition, Food Safety, Businesses, Companies and Enterprises, Startups, Education, Climate Change, Researchers, Artificial Intelligence, Innovation, Gender Equality",https://ai4d.acts-net.org/ai4d-innovation-scaling-challenge/
RFAs: Women in Digital Business (WiDB) at AM-Steve House Program - Africa,Events,"Algeria, Angola, Benin, Botswana, Burkina Faso, Burundi, Cameroon, Cape Verde, Central African Republic, Chad, Comoros, Congo (Brazzaville), Congo DR, Cote DIvoire (Ivory Coast), Djibouti, Egypt, Equatorial Guinea, Eritrea, Ethiopia, Gabon, Gambia, Ghana, Guinea, Guinea-Bissau, Kenya, Lesotho, Liberia, Libya, Madagascar, Malawi, Mali, Mauritania, Mauritius, Mayotte, Morocco, Mozambique, Namibia, Niger, Nigeria, Reunion, Rwanda, Saint Helena, Sao Tome And Principe, Senegal, Seychelles, Sierra Leone, Somalia, South Africa, Sudan, Swaziland, Tanzania, Togo, Tunisia, Uganda, Western Sahara, Zambia, Zimbabwe, South Sudan",9/5/2025,"The Women in Digital Business Program, a pioneering initiative by AM-Steve House, in partnership with the International Training Centre of the ILO (ITC/ILO) and Microsoft Philanthropies is designed to empower African women entrepreneurs to thrive in the digital economy by providing the tools, training, and support needed for sustainable business growth and formalization.","Business &amp; Industry, Entrepreneurship, Learning, Entrepreneurs, Women and Girls, Marketing, Technology, Sustainable Development, Women &amp; Gender",https://widb.amstevehouse.com/
Entries open for Provision of essential Protection Services (LOT 3) - Uganda,Grant,Uganda,9/6/2025,"The United Nations High Commissioner for Refugees is actively seeking partners to implement a comprehensive protection and education program in Uganda's Western region, focusing on refugees and host communities.","Children, Capacity Building, Education, Learning, Environment, Social Justice, Refugee &amp; Asylum Seekers, Gender Equality, Women &amp; Gender, Youth &amp; Adolescents",https://www.unpartnerportal.org/landing/opportunities/
Call for Expression of Interest: Provision of essential Protection Services (Lot 2) - Uganda,Grant,Uganda,9/6/2025,The United Nations High Commissioner for Refugees is inviting organizations to submit Expressions of Interest for a comprehensive protection and education project targeting refugees in northern Uganda.,"Children, Education, Social Justice, Sexual Abuse, Violence Prevention, Refugee &amp; Asylum Seekers, Gender Equality",https://www.unpartnerportal.org/landing/opportunities/
"Provision of the following essential Protection Services ECD, Primary, Secondary, and Tertiary Education Services (Uganda)",Grant,Uganda,9/6/2025,"The United Nations High Commissioner for Refugees is inviting grant applications for its provision of the following essential protection services ECD, Primary, Secondary, and Tertiary Education Services, CP, CBP, GBV, Legal Protection, Complementary Pathway, Voluntary Repatriation, Linkage to livelihoods.","Children, Education, Primary Education, Secondary Education, Tertiary &amp; Higher Education, Social Justice, Livelihood, Violence Prevention, Refugee &amp; Asylum Seekers, Gender Equality",https://www.unpartnerportal.org/landing/opportunities/
Powering Healthcare Innovation Fund (Round 2),Grant,"Congo DR, Ghana, Kenya, Madagascar, Malawi, Mozambique, Nigeria, Rwanda, Sierra Leone, Tanzania, Uganda, Zambia",9/8/2025,The United Nations Office for Project Services (UNOPS) has launched a call for proposals Powering Healthcare Innovation (PHI) Fund to address the gap in Healthcare Facility Electrification (HFE) through innovative ideas to help to scale up this important sector that is currently lacking energy access.,"Energy, Health care, Innovation, Research, Sustainable Development",https://www.ungm.org/Public/Notice/273237
Mental Health Short Film Grant,Grant,All Countries,9/9/2025,"The Voices with Impact is pleased to announce its Mental Health Short Film Grant to seek proposals that explore Coping, Connection, and Community through the lens of mental health.","Arts &amp; Culture, Filmmaking and Entertainment, Community Development, Health, Mental Health &amp; Crisis Support, , Storytelling",https://www.voiceswithimpact.com/grant26
Support for Employment of Teaching Staff Grant 2026,Grant,Global,9/10/2025,The Korea Foundation provides financial support to universities abroad seeking to hire new teaching staff with the goal of creating or expanding their Korean language or Korean studies program.,Employment & Labor,https://apply.kf.or.kr/selectNoticeAndApplicationView.nkf?notiSeq=&anucNo=A1G0000974&pageIndex=1
Support for Establishment of Professorship Grant Program 2026,Grant,Global,9/10/2025,The Korea Foundation provides financial support for the creation of new professorships in the fields of Korean studies and Korean language at universities outside Korea that are equipped with the necessary infrastructure to maintain an adequate level of Korean studies research and education and have future growth potential.,"Education, Research",https://apply.kf.or.kr/selectNoticeAndApplicationView.nkf?notiSeq=&anucNo=A1G0000975&pageIndex=1
RFAs: Jewish Helping Hands Tikkun Olam Grant Program,Grant,Global,9/12/2025,"The Jewish Helping Hands has launched its Tikkun Olam Grant program to advance their goal of inspiring and supporting tzedakah, justice and righteousness, throughout the world.","Economic Development, Agriculture Food & Nutrition, Education",https://jewishhelpinghands.org/grants
The United Nations-Nippon Foundation Fellowship,Fellowship,Global,9/14/2025,The Division for Ocean Affairs and the Law of the Sea of the United Nations Office of Legal Affairs are accepting applications for the Nippon Foundation Fellowship (UNNF) Program.,"Youth Development, Democracy & Good Governance",https://www.un.org/oceancapacity/content/apply-now
World Rabies Day Awards,"Awards, Prizes and Challenges",All Countries,9/14/2025,"Whether you are working at a veterinary clinic offering free vaccinations, as an educator teaching kids how to stay safe, or a dedicated volunteer feeding and caring for street dogs while advocating against culling, your story matters. The World Rabies Day Awards is your chance to share your story with the global community working tirelessly to eliminate rabies!","Community Development, Education, Learning, Family, Health",https://rabiesalliance.org/news/celebrate-heroes-inspire-action-nominate-today
Youth Ecopreneur Programme,Events,"Afghanistan, Albania, Algeria, American Samoa, Angola, Anguilla, Antigua and Barbuda, Argentina, Armenia, Aruba, Azerbaijan, Bahamas, Bahrain, Bangladesh, Barbados, Belarus, Belize, Benin, Bhutan, Bolivia, Bosnia And Herzegovina, Botswana, Bouvet Island, Brazil, Brunei, Burkina Faso, Burundi, Cambodia, Cameroon, Cape Verde, Cayman Islands, Central African Republic, Chad, Chile, China, Colombia, Comoros, Congo (Brazzaville), Congo DR, Cook Islands, Costa Rica, Cote DIvoire (Ivory Coast), Cuba, Djibouti, Dominica, Dominican Republic, Ecuador, Egypt, El Salvador, Equatorial Guinea, Eritrea, Ethiopia, Fiji, Gabon, Gambia, Georgia, Ghana, Grenada, Guatemala, Guinea, Guinea-Bissau, Guyana, Haiti, Honduras, India, Indonesia, Iran, Iraq, Jamaica, Jordan, Kazakhstan, Kenya, Kiribati, South Korea, North Korea, Kuwait, Kyrgyzstan, Laos, Lebanon, Lesotho, Liberia, Libya, Macedonia, Madagascar, Malawi, Malaysia, Maldives, Mali, Marshall Islands, Mauritania, Mauritius, Mexico, Micronesia Federated States Of, Moldova Republic Of, Mongolia, Morocco, Mozambique, Burma(Myanmar), Namibia, Nauru, Nepal, Nicaragua, Niger, Nigeria, Niue, Oman, Pakistan, Palau, Palestinian Territories, Panama, Papua New Guinea, Paraguay, Peru, Philippines, Qatar, Rwanda, Saint Kitts And Nevis, Saint Lucia, Saint Vincent And The Grenadines, Samoa, Sao Tome And Principe, Saudi Arabia, Senegal, Seychelles, Sierra Leone, Singapore, Solomon Islands, Somalia, South Africa, South Georgia And The South Sandwich Islands, Sri Lanka, Sudan, Suriname, Swaziland, Syria, Tajikistan, Tanzania, Thailand, East Timor (Timor-Leste), Togo, Tokelau, Tonga, Trinidad And Tobago, Tunisia, Turkmenistan, Tuvalu, Uganda, Ukraine, United Arab Emirates, Uruguay, Uzbekistan, Vanuatu, Venezuela, Viet Nam, Yemen, Zambia, Zimbabwe, Montenegro, Serbia, South Sudan , CuraÃ§ao, Bonaire Sint Eustatius and Saba, Sint Maarten (Dutch Part)",9/14/2025,"The Youth Ecopreneur Programme (YECO) is a global accelerator that powers the green and just transition by investing in young entrepreneurs as catalysts for sustainable development, environmental justice, and climate action advocacy. The project seeks to enhance the competitiveness and scale of youth-led green businesses, with a strong focus on land restoration.","Businesses, Companies and Enterprises, Entrepreneurship, Climate Change, Environment, Land Conservation, Sustainable Development, Youth &amp; Adolescents",https://social.yecommunity.com/topics/49027/page/apply-now
Human Rights Prize on Trafficking and Exploitation of Children,"Awards, Prizes and Challenges",All Countries,9/14/2025,"Applications are now open for the 2025 Human Rights Prize of the French Republic, with this year’s theme focusing on the urgent issue of trafficking and exploitation of children.","Children, Human Rights, Child Abuse, Human Trafficking, Violence Prevention",https://www.cncdh.fr/actualite/prix-des-droits-de-lhomme-2025-ouverture-des-candidatures
2025 Edition of the Human Rights Prize,"Awards, Prizes and Challenges","Afghanistan, Aland Islands, Albania, Algeria, American Samoa, Andorra, Angola, Anguilla, Antarctica, Antigua and Barbuda, Argentina, Armenia, Aruba, Australia, Austria, Azerbaijan, Bahamas, Bahrain, Bangladesh, Barbados, Belarus, Belgium, Belize, Benin, Bermuda, Bhutan, Bolivia, Bosnia And Herzegovina, Botswana, Bouvet Island, Brazil, British Indian Ocean Territory, Brunei, Bulgaria, Burkina Faso, Burundi, Cambodia, Cameroon, Canada, Cape Verde, Cayman Islands, Central African Republic, Chad, Chile, China, Christmas Island, Cocos (Keeling) Islands, Colombia, Comoros, Congo (Brazzaville), Congo DR, Cook Islands, Costa Rica, Cote DIvoire (Ivory Coast), Croatia, Cuba, Cyprus, Czech Republic, Denmark, Djibouti, Dominica, Dominican Republic, Ecuador, Egypt, El Salvador, Equatorial Guinea, Eritrea, Estonia, Ethiopia, Falkland Islands (Malvinas), Faroe Islands, Fiji, Finland, France, French Guiana, French Polynesia, French Southern Territories, Gabon, Gambia, Georgia, Germany, Ghana, Gibraltar, Greece, Greenland, Grenada, Guadeloupe, Guam, Guatemala, Guernsey, Guinea, Guinea-Bissau, Guyana, Haiti, Heard Island And Mcdonald Islands, Holy See (Vatican City State), Honduras, Hong Kong SAR, Hungary, Iceland, India, Indonesia, Iran, Iraq, Ireland, Isle Of Man, Israel, Italy, Jamaica, Japan, Jersey, Jordan, Kazakhstan, Kenya, Kiribati, South Korea, North Korea, Kuwait, Kyrgyzstan, Laos, Latvia, Lebanon, Lesotho, Liberia, Libya, Liechtenstein, Lithuania, Luxembourg, Macau, Macedonia, Madagascar, Malawi, Malaysia, Maldives, Mali, Malta, Marshall Islands, Martinique, Mauritania, Mauritius, Mayotte, Mexico, Micronesia Federated States Of, Moldova Republic Of, Monaco, Mongolia, Montserrat, Morocco, Mozambique, Burma(Myanmar), Namibia, Nauru, Nepal, Netherlands, Netherlands Antilles, New Caledonia, New Zealand, Nicaragua, Niger, Nigeria, Niue, Norfolk Island, Northern Mariana Islands, Norway, Oman, Pakistan, Palau, Palestinian Territories, Panama, Papua New Guinea, Paraguay, Peru, Philippines, Pitcairn, Poland, Portugal, Puerto Rico, Qatar, Reunion, Romania, Russia, Rwanda, Saint Helena, Saint Kitts And Nevis, Saint Lucia, Saint Pierre And Miquelon, Saint Vincent And The Grenadines, Samoa, San Marino, Sao Tome And Principe, Saudi Arabia, Senegal, Seychelles, Sierra Leone, Singapore, Slovak Republic, Slovenia, Solomon Islands, Somalia, South Africa, South Georgia And The South Sandwich Islands, Spain, Sri Lanka, Sudan, Suriname, Svalbard And Jan Mayen, Swaziland, Sweden, Switzerland, Syria, Taiwan, Tajikistan, Tanzania, Thailand, East Timor (Timor-Leste), Togo, Tokelau, Tonga, Trinidad And Tobago, Tunisia, Turkey, Turkmenistan, Turks And Caicos Islands, Tuvalu, Uganda, Ukraine, United Arab Emirates, United Kingdom, United States, United States Minor Outlying Islands, Uruguay, Uzbekistan, Vanuatu, Venezuela, Viet Nam, British Virgin Islands, United States Virgin Islands, Wallis And Futuna, Western Sahara, Yemen, Zambia, Zimbabwe, Montenegro, Saint BarthÃ©lemy, Serbia, Kosovo, South Sudan , CuraÃ§ao, Bonaire Sint Eustatius and Saba, Saint Martin (French Part), Sint Maarten (Dutch Part)",9/14/2025,"The 2025 edition of the Human Rights Prize of the French Republic, now in its 38th year, offers a vital opportunity for individuals and organizations dedicated to the protection of child rights.","Children, Human Rights, Child Abuse, Human Trafficking",https://www.cncdh.fr/edition-2025-du-prix-des-droits-de-lhomme
Open Call: Youth Digital Health Champions Program (Africa),Events,"Algeria, Angola, Benin, Botswana, Burkina Faso, Burundi, Cameroon, Cape Verde, Central African Republic, Chad, Comoros, Congo (Brazzaville), Congo DR, Cote DIvoire (Ivory Coast), Djibouti, Egypt, Equatorial Guinea, Eritrea, Ethiopia, Gabon, Gambia, Ghana, Guinea, Guinea-Bissau, Kenya, Lesotho, Liberia, Libya, Madagascar, Malawi, Mali, Mauritania, Mauritius, Mayotte, Morocco, Mozambique, Namibia, Niger, Nigeria, Reunion, Rwanda, Saint Helena, Sao Tome And Principe, Senegal, Seychelles, Sierra Leone, Somalia, South Africa, Sudan, Swaziland, Tanzania, Togo, Tunisia, Uganda, Western Sahara, Zambia, Zimbabwe, South Sudan",9/14/2025,The Africa Centres for Disease Control and Prevention is accepting applications for its Youth Digital Health Champions Program to foster youth-driven innovations and participation in digital health.,"Capacity Building, Health, Leaders, Youth, Innovation, Leadership, Youth &amp; Adolescents",https://africacdc.org/news-item/call-for-applications-youth-digital-health-champions/
Restoration Returns Grants Program,Grant,All Countries,9/15/2025,"The Restoration Returns Grants Program is now open to support community-led ecosystem restoration initiatives that have a high return for people, their lands and livelihoods.","Community Development, Land Conservation, Livelihood",https://g20land.org/call-for-applications-for-the-restoration-returns-grants/
RFPs: Tree and Soil Research Fund Grant Program,Grant,All Countries,9/15/2025,"The TREE Fund has launched the new Tree and Soil Research Grant, made possible by a permanently restricted endowment fund supporting areas of research of interest to the landscape architecture community with special focus in the area of trees and the soils that support them.","Community Development, Urban Development, Architecture and Planning, Environment, , Students, Research",https://treefund.org/tree-and-soil-research-fund-grant-program
Bob Skiera Memorial Fund Building Bridges Initiative and John P. White Grant Program,Grant,All Countries,9/15/2025,"The TREE Fund, the Skiera Family, Wisconsin Arborist Association and the International Society of Arboriculture, The Bob Skiera Memorial Fund now provides financial support for the “Building Bridges Initiative”.","Animals &amp; Wildlife, Urban Development, Environment, , , Students, Research, Science",https://treefund.org/researchgrants/skiera
Flourish Creators Fellowship in Africa,Fellowship,"Algeria, Angola, Benin, Botswana, Burkina Faso, Burundi, Cameroon, Cape Verde, Central African Republic, Chad, Comoros, Congo (Brazzaville), Congo DR, Cote DIvoire (Ivory Coast), Djibouti, Egypt, Equatorial Guinea, Eritrea, Ethiopia, Gabon, Gambia, Ghana, Guinea, Guinea-Bissau, Kenya, Lesotho, Liberia, Libya, Madagascar, Malawi, Mali, Mauritania, Mauritius, Mayotte, Morocco, Mozambique, Namibia, Niger, Nigeria, Reunion, Rwanda, Saint Helena, Sao Tome And Principe, Senegal, Seychelles, Sierra Leone, Somalia, South Africa, Sudan, Swaziland, Tanzania, Togo, Tunisia, Uganda, Western Sahara, Zambia, Zimbabwe, South Sudan",9/15/2025,"Are you passionate about video editing but do not know where to start? Are you a young African with a creative spark, ready to turn that spark into something extradinary? Then this call is for you.","Filmmaking and Entertainment, Learning, Youth, Youth &amp; Adolescents",https://flourishherafrica.org/flourish-creators-fellowship-2025/
10th Africa Energy Innovation Competition,Grant,"Algeria, Angola, Benin, Botswana, Burkina Faso, Burundi, Cameroon, Cape Verde, Central African Republic, Chad, Comoros, Congo (Brazzaville), Congo DR, Cote DIvoire (Ivory Coast), Djibouti, Egypt, Equatorial Guinea, Eritrea, Ethiopia, Gabon, Gambia, Ghana, Guinea, Guinea-Bissau, Kenya, Lesotho, Liberia, Libya, Madagascar, Malawi, Mali, Mauritania, Mauritius, Mayotte, Morocco, Mozambique, Namibia, Niger, Nigeria, Reunion, Rwanda, Saint Helena, Sao Tome And Principe, Senegal, Seychelles, Sierra Leone, Somalia, South Africa, Sudan, Swaziland, Tanzania, Togo, Tunisia, Uganda, Western Sahara, Zambia, Zimbabwe, South Sudan",9/15/2025,"The 10th Africa Energy Innovation Challenge AEIC organized by NEF mobilizes early-stage young energy entrepreneurs across Africa to develop a prototype/upscale a key device/equipment for social enterprise, agri-business, fintech solutions or energy management system using local resources.","Agriculture Food &amp; Nutrition, Business &amp; Industry, Entrepreneurship, Education, Employment &amp; Labor, Energy, Health, Health care, Individuals, Youth, Innovation, Manufacturing, Research, Transportation, Youth &amp; Adolescents",https://thenef.org/aeic/
Road Safety Grants Programme,Grant,"Argentina, Bangladesh, Brazil, China, Colombia, Ecuador, Ethiopia, Ghana, India, Kenya, Malaysia, Mexico, Uganda, Ukraine, Viet Nam",9/15/2025,"The Bloomberg Philanthropies Initiative for Global Road Safety (BIGRS), administered by the Global Road Safety Partnership, has opened its 24th round of competitive grant funding.","Accidents &amp; Traffic Safety, Road Safety, Children, Civil Society Development, Public Health",https://www.grsproadsafety.org/round-24-now-open/
Global EdTech Startup Awards,Grant,Global,9/16/2025,Applications are now open for the Global EdTech Startup Awards.,"Business & Industry, Startups, Education, Technology",https://www.globaledtechawards.org/
Good Start Challenge,"Awards, Prizes and Challenges",Global,9/17/2025,"The Van Leer Foundation is thrilled to invite applications for the Good Start Challenge to advance innovative solutions that improve the wellbeing of parents and caregivers of young children in disadvantaged circumstances in Indonesia, the Philippines, Kenya, Uganda, Ethiopia, Senegal, Mexico, Colombia and Brazil.","Children, Capacity Building, Innovation",https://goodstart.challenges.org/
Call for Concept Notes: Socio-economic Impacts of Artificial Intelligence in Africa,Grant,"Angola, Benin, Botswana, Burkina Faso, Burundi, Cameroon, Cape Verde, Central African Republic, Chad, Comoros, Congo DR, Cote DIvoire (Ivory Coast), Djibouti, Equatorial Guinea, Eritrea, Ethiopia, Gabon, Gambia, Ghana, Guinea, Guinea-Bissau, Kenya, Lesotho, Liberia, Madagascar, Malawi, Mali, Mauritania, Mauritius, Mozambique, Namibia, Niger, Nigeria, Rwanda, Sao Tome And Principe, Senegal, Sierra Leone, South Africa, Swaziland, Tanzania, Togo, Uganda, Zambia, Zimbabwe, South Sudan",9/17/2025,"The International Development Research Centre (IDRC) and the United Kingdom’s Foreign, Commonwealth and Development Office (FCDO), as part of the Artificial Intelligence for Development (AI4D) program, are pleased to announce a call for concept notes on the socio-economic impacts of artificial intelligence (AI) in Africa.","Community Development, Employment &amp; Labor, Artificial Intelligence, Innovation, Livelihood, Poverty Alleviation, Research, Sustainable Development, Youth &amp; Adolescents",https://idrc-crdi.ca/en/funding/call-concept-notes-socio-economic-impacts-artificial-intelligence-africa
Children's Prize 2025: Infrastructure for Life,"Awards, Prizes and Challenges",All Countries,9/19/2025,Submissions are now open for the Children’s Prize awarded to scientifically-minded individuals with a passion for global child health and a strong commitment to verify the impact of their work.,"Children, Health",https://childrensprize.org/
Angela Merkel Research and Mobility Grants for European Studies,Grant,"Afghanistan, Albania, Algeria, Andorra, Angola, Antigua and Barbuda, Argentina, Armenia, Australia, Austria, Azerbaijan, Bahamas, Bahrain, Bangladesh, Barbados, Belgium, Belize, Benin, Bhutan, Bolivia, Bosnia And Herzegovina, Botswana, Brazil, Brunei, Bulgaria, Burkina Faso, Burundi, Cambodia, Cameroon, Canada, Cape Verde, Central African Republic, Chad, Chile, China, Colombia, Comoros, Congo (Brazzaville), Congo DR, Cook Islands, Costa Rica, Cote DIvoire (Ivory Coast), Croatia, Cuba, Cyprus, Czech Republic, Denmark, Djibouti, Dominica, Dominican Republic, Ecuador, Egypt, El Salvador, Equatorial Guinea, Eritrea, Estonia, Ethiopia, Faroe Islands, Fiji, Finland, France, Gabon, Gambia, Georgia, Germany, Ghana, Greece, Grenada, Guatemala, Guinea, Guinea-Bissau, Guyana, Haiti, Holy See (Vatican City State), Honduras, Hong Kong SAR, Hungary, India, Indonesia, Iran, Iraq, Ireland, Israel, Italy, Jamaica, Japan, Jordan, Kazakhstan, Kenya, Kiribati, South Korea, North Korea, Kuwait, Kyrgyzstan, Laos, Latvia, Lebanon, Lesotho, Liberia, Libya, Lithuania, Luxembourg, Macau, Madagascar, Malawi, Malaysia, Maldives, Mali, Malta, Marshall Islands, Mauritania, Mauritius, Mexico, Micronesia Federated States Of, Moldova Republic Of, Monaco, Mongolia, Morocco, Mozambique, Burma(Myanmar), Namibia, Nauru, Nepal, Netherlands, New Zealand, Nicaragua, Niger, Nigeria, Niue, Oman, Pakistan, Palau, Palestinian Territories, Panama, Papua New Guinea, Paraguay, Peru, Philippines, Poland, Portugal, Qatar, Romania, Rwanda, Saint Kitts And Nevis, Saint Lucia, Saint Vincent And The Grenadines, Samoa, San Marino, Sao Tome And Principe, Saudi Arabia, Senegal, Seychelles, Sierra Leone, Singapore, Slovak Republic, Slovenia, Solomon Islands, Somalia, South Africa, Spain, Sri Lanka, Sudan, Suriname, Swaziland, Sweden, Switzerland, Syria, Taiwan, Tajikistan, Tanzania, Thailand, East Timor (Timor-Leste), Togo, Tonga, Trinidad And Tobago, Tunisia, Turkmenistan, Tuvalu, Uganda, Ukraine, United Arab Emirates, United Kingdom, United States, Uruguay, Uzbekistan, Vanuatu, Venezuela, Viet Nam, Yemen, Zambia, Zimbabwe, Montenegro, Kosovo, South Sudan",9/19/2025,The Fundación Academia is seeking applications for its Angela Merkel Research and Mobility Grants to address researchers who are working on their doctoral thesis.,"Food Safety, Civil Society Development, COVID-19, Democracy &amp; Good Governance, Economic Development, Climate Change, Energy, Environment, Health, Human Rights, Social Justice, Researchers, Peace &amp; Conflict Resolution, Migration, Research",https://www.fundacionyuste.org/en/carlos-v-european-award-grants-2/
Children's Prize 2025: Infrastructure for Life,"Awards, Prizes and Challenges",All Countries,9/19/2025,Submissions are now open for the Children’s Prize awarded to scientifically-minded individuals with a passion for global child health and a strong commitment to verify the impact of their work.,"Children, Health",https://childrensprize.org/
Extreme Weather and Natural Hazards Solutions Grant Program,Grant,"Aland Islands, Albania, Algeria, American Samoa, Andorra, Angola, Anguilla, Antarctica, Antigua and Barbuda, Argentina, Armenia, Aruba, Australia, Austria, Azerbaijan, Bahamas, Bahrain, Bangladesh, Barbados, Belarus, Belgium, Belize, Benin, Bermuda, Bhutan, Bolivia, Bosnia And Herzegovina, Botswana, Bouvet Island, Brazil, British Indian Ocean Territory, Brunei, Bulgaria, Burkina Faso, Burundi, Cambodia, Cameroon, Canada, Cape Verde, Cayman Islands, Central African Republic, Chad, Chile, China, Christmas Island, Cocos (Keeling) Islands, Colombia, Comoros, Congo (Brazzaville), Congo DR, Cook Islands, Costa Rica, Cote DIvoire (Ivory Coast), Croatia, Cyprus, Czech Republic, Denmark, Djibouti, Dominica, Dominican Republic, Ecuador, Egypt, El Salvador, Equatorial Guinea, Eritrea, Estonia, Ethiopia, Falkland Islands (Malvinas), Faroe Islands, Fiji, Finland, France, French Guiana, French Polynesia, French Southern Territories, Gabon, Gambia, Georgia, Germany, Ghana, Gibraltar, Greece, Greenland, Grenada, Guadeloupe, Guam, Guatemala, Guernsey, Guinea, Guinea-Bissau, Guyana, Haiti, Heard Island And Mcdonald Islands, Holy See (Vatican City State), Honduras, Hong Kong SAR, Hungary, Iceland, India, Indonesia, Iraq, Ireland, Isle Of Man, Israel, Italy, Jamaica, Japan, Jersey, Jordan, Kazakhstan, Kenya, Kiribati, South Korea, Kuwait, Kyrgyzstan, Laos, Latvia, Lebanon, Lesotho, Liberia, Liechtenstein, Lithuania, Luxembourg, Macau, Macedonia, Madagascar, Malawi, Malaysia, Maldives, Mali, Malta, Marshall Islands, Martinique, Mauritania, Mauritius, Mayotte, Mexico, Micronesia Federated States Of, Moldova Republic Of, Monaco, Mongolia, Montserrat, Morocco, Mozambique, Namibia, Nauru, Nepal, Netherlands, Netherlands Antilles, New Caledonia, New Zealand, Nicaragua, Niger, Nigeria, Niue, Norfolk Island, Northern Mariana Islands, Norway, Oman, Pakistan, Palau, Palestinian Territories, Panama, Papua New Guinea, Paraguay, Peru, Philippines, Pitcairn, Poland, Portugal, Puerto Rico, Qatar, Reunion, Romania, Russia, Rwanda, Saint Helena, Saint Kitts And Nevis, Saint Lucia, Saint Pierre And Miquelon, Saint Vincent And The Grenadines, Samoa, San Marino, Sao Tome And Principe, Saudi Arabia, Senegal, Seychelles, Sierra Leone, Singapore, Slovak Republic, Slovenia, Solomon Islands, Somalia, South Africa, South Georgia And The South Sandwich Islands, Spain, Sri Lanka, Sudan, Suriname, Svalbard And Jan Mayen, Swaziland, Sweden, Switzerland, Taiwan, Tajikistan, Tanzania, Thailand, East Timor (Timor-Leste), Togo, Tokelau, Tonga, Trinidad And Tobago, Tunisia, Turkey, Turkmenistan, Turks And Caicos Islands, Tuvalu, Uganda, Ukraine, United Arab Emirates, United Kingdom, United States, United States Minor Outlying Islands, Uruguay, Uzbekistan, Vanuatu, Venezuela, Viet Nam, British Virgin Islands, United States Virgin Islands, Wallis And Futuna, Western Sahara, Yemen, Zambia, Zimbabwe, Montenegro, Saint BarthÃ©lemy, Serbia, Kosovo, South Sudan , CuraÃ§ao, Bonaire Sint Eustatius and Saba, Saint Martin (French Part), Sint Maarten (Dutch Part)",9/19/2025,"The National Geographic Society is seeking applications to fund impactful projects driving science-based solutions to the growing threat of extreme weather events and natural hazards such as wildfires, hurricanes, tornados, droughts, floods, heatwaves and severe storms.","Community Development, Climate Change, Conservation, Environment, Leaders, Artificial Intelligence, Innovation, Research, Science, Technology",https://www.nationalgeographic.org/society/grants-and-investments/rfp-extreme-weather-and-natural-hazards-solutions/
"Stanley 1913 Creators Fund Offers $50,000 Grants to Nonprofits",Grant,All Countries,9/19/2025,"The Stanley 1913 is inviting early-stage nonprofit organizations to apply for its 2025 Creators Fund, an inspiring grant opportunity that honors innovation and community impact.","Food Safety, Community Development, Climate Change, Environment, Housing &amp; Shelter, Social Justice, Innovation",https://www.stanley1913.com/pages/stanley-1913-creators-fund-2025
DevelopSpace Grants Program,Grant,All Countries,9/20/2025,DevelopSpace is initiating a grants program to support projects working in relevant science and engineering areas that share their results and methods in an open manner.,"Education, Science",https://developspace.org/grants/
the Forus Journalism Fellowship Programme,Fellowship,All Countries,9/22/2025,Applicants are now invited to submit applications for its Forus Journalism Fellowship Programme to support journalists in amplifying civil society voices across the globe.,"Democracy &amp; Good Governance, Human Rights, Social Justice, Journalists, Journalism, Sustainable Development, Gender Equality",https://www.forus-international.org/en/news/the-forus-journalism-fellowship-call-for-proposals
Connecting Indigenous Research Leadership Program 2025,Grant,Global,9/23/2025,The International Development Research Centre (IDRC) is pleased to announce a call for proposals to connect Indigenous research and leadership in Canada and in the Global South...,"Capacity Building, Agriculture Food & Nutrition",https://idrc-crdi.ca/en/funding/connecting-indigenous-research-leadership-canada-and-global-south
The Africa Think Tank Platform (ATTP) Project,Grant,"Algeria, Angola, Benin, Botswana, Burkina Faso, Burundi, Cameroon, Cape Verde, Central African Republic, Chad, Comoros, Congo (Brazzaville), Congo DR, Cote DIvoire (Ivory Coast), Djibouti, Egypt, Equatorial Guinea, Eritrea, Ethiopia, Gabon, Gambia, Ghana, Guinea, Guinea-Bissau, Kenya, Lesotho, Liberia, Libya, Madagascar, Malawi, Mali, Mauritania, Mauritius, Mayotte, Morocco, Mozambique, Namibia, Niger, Nigeria, Reunion, Rwanda, Saint Helena, Sao Tome And Principe, Senegal, Seychelles, Sierra Leone, Somalia, South Africa, Sudan, Swaziland, Tanzania, Togo, Tunisia, Uganda, Western Sahara, Zambia, Zimbabwe, South Sudan",9/24/2025,"The African Union (AU) Commission invites applications from African Think Tanks to participate in the Africa Think Tank Platform (ATTP) Project, aimed at enhancing the capacity influence of African think tanks.","Food Safety, Capacity Building, Democracy &amp; Good Governance, Economic Development, Climate Change, Information Technology",https://au.int/en/announcements/20250724/call-proposals-africa-think-tank-platform-attp-project
Postdoctoral Junior Leader Fellowships Retaining Call 2026,Fellowship,All Countries,9/25/2025,"The ”la Caixa” Foundation has launched the Postdoctoral Fellowships Programme aimed at recruiting outstanding researchers of any nationality who wish to further their careers in STEM disciplines (Science, Technology, Engineering, and Mathematics) in Spain or Portugal.","Capacity Building, Community Development, Career Development, Leaders, PhD Holder, Researchers, Leadership, Research, Science, Technology",https://lacaixafoundation.org/en/postdoctoral-junior-leader-fellowships-retaining-call
Open Call: McKinsey.org Forward Learning Program in Africa,Events,"Algeria, Angola, Benin, Botswana, Burkina Faso, Burundi, Cameroon, Cape Verde, Central African Republic, Chad, Comoros, Congo (Brazzaville), Congo DR, Cote DIvoire (Ivory Coast), Djibouti, Egypt, Equatorial Guinea, Eritrea, Ethiopia, Gabon, Gambia, Ghana, Guinea, Guinea-Bissau, Kenya, Lesotho, Liberia, Libya, Madagascar, Malawi, Mali, Mauritania, Mauritius, Mayotte, Morocco, Mozambique, Namibia, Niger, Nigeria, Reunion, Rwanda, Saint Helena, Sao Tome And Principe, Senegal, Seychelles, Sierra Leone, Somalia, South Africa, Sudan, Swaziland, Tanzania, Togo, Tunisia, Uganda, Western Sahara, Zambia, Zimbabwe, South Sudan",9/29/2025,"Applicants are now invited to submit applications for the McKinsey.org Forward Learning Program, a free ten-week learning program designed to equip individuals at different stages of their careers – from career starters to job changers – with practical skills to succeed in the future of work.","Learning, Career Development, Individuals",https://www.mckinsey.com/forward/locations/africa
Wild Wonder Micro Grant Program,Grant,All Countries,9/29/2025,The Wild Wonder Micro Grant Program is now inviting creative and inspiring applications from individuals around the world who are passionate about sharing nature through the art of nature journaling.,"Arts &amp; Culture, Community Development, Individuals, Innovation, Journalism, Science",https://www.wildwonder.org/grants
Creative Grants Program,Grant,All Countries,9/29/2025,The El Graner has announced its Creative Grants Program to support residency projects from January to December 2026.,"Arts &amp; Culture, Languages, Performing Arts, Career Development, Artists, Innovation, Research",https://mercatflors.cat/en/beca/2026-call-for-proposals-for-creative-grants-el-graner-fabrica-de-creacio/
L’Oréal's Sustainable Innovation Accelerator Programme,Accelerator,Global,9/30/2025,L’Oréal Groupe is opening the first call for applications for its newly launched Sustainable Innovation Accelerator to address the critical solution gaps within the industry and accelerate the delivery of L’Oréal’s sustainability ambitions.,"Technology, Sustainable Development",https://cambridge.smapply.org/prog/_lorals_sustainable_innovation_accelerator/
Global Teacher Prize,"Awards, Prizes and Challenges",Global,9/30/2025,Recognizes visionary educators who are reinventing learning and changing lives far beyond the classroom.,"Education, Learning",https://globalteacherprize.org/pages/apply-or-nominate
Entries open for Global Teacher Prize,"Awards, Prizes and Challenges",All Countries,9/30/2025,"Applications are now open for the Global Teacher Prize to recognize exceptional teachers for a decade and is once again looking for visionary educators who are reinventing learning, tackling local challenges, and changing lives far beyond the classroom!","Education, Learning, Teachers",https://globalteacherprize.org/pages/apply-or-nominate
Entries open for L’Oréal's Sustainable Innovation Accelerator Programme,Accelerator,All Countries,9/30/2025,"L’Oréal Groupe, the world’s leading beauty company, is opening the first call for applications for its newly launched Sustainable Innovation Accelerator to address the critical solution gaps within the industry and accelerate the delivery of L’Oréal’s sustainability ambitions.","Businesses, Companies and Enterprises, Startups, Climate Change, Natural Resources, Recycling, Innovation, Technology, Sustainable Development, Water",https://cambridge.smapply.org/prog/_lorals_sustainable_innovation_accelerator/
AAUW’s International Postdoctoral Research Fellowships,Fellowship,"Afghanistan, Aland Islands, Albania, Algeria, American Samoa, Andorra, Angola, Anguilla, Antarctica, Antigua and Barbuda, Argentina, Armenia, Aruba, Australia, Austria, Azerbaijan, Bahamas, Bahrain, Bangladesh, Barbados, Belarus, Belgium, Belize, Benin, Bermuda, Bhutan, Bolivia, Bosnia And Herzegovina, Botswana, Bouvet Island, Brazil, British Indian Ocean Territory, Brunei, Bulgaria, Burkina Faso, Burundi, Cambodia, Cameroon, Canada, Cape Verde, Cayman Islands, Central African Republic, Chad, Chile, China, Christmas Island, Cocos (Keeling) Islands, Colombia, Comoros, Congo (Brazzaville), Congo DR, Cook Islands, Costa Rica, Cote DIvoire (Ivory Coast), Croatia, Cuba, Cyprus, Czech Republic, Denmark, Djibouti, Dominica, Dominican Republic, Ecuador, Egypt, El Salvador, Equatorial Guinea, Eritrea, Estonia, Ethiopia, Falkland Islands (Malvinas), Faroe Islands, Fiji, Finland, France, French Guiana, French Polynesia, French Southern Territories, Gabon, Gambia, Georgia, Germany, Ghana, Gibraltar, Greece, Greenland, Grenada, Guadeloupe, Guam, Guatemala, Guernsey, Guinea, Guinea-Bissau, Guyana, Haiti, Heard Island And Mcdonald Islands, Holy See (Vatican City State), Honduras, Hong Kong SAR, Hungary, Iceland, India, Indonesia, Iran, Iraq, Ireland, Isle Of Man, Israel, Italy, Jamaica, Japan, Jersey, Jordan, Kazakhstan, Kenya, Kiribati, South Korea, North Korea, Kuwait, Kyrgyzstan, Laos, Latvia, Lebanon, Lesotho, Liberia, Libya, Liechtenstein, Lithuania, Luxembourg, Macau, Macedonia, Madagascar, Malawi, Malaysia, Maldives, Mali, Malta, Marshall Islands, Martinique, Mauritania, Mauritius, Mayotte, Mexico, Micronesia Federated States Of, Moldova Republic Of, Monaco, Mongolia, Montserrat, Morocco, Mozambique, Burma(Myanmar), Namibia, Nauru, Nepal, Netherlands, Netherlands Antilles, New Caledonia, New Zealand, Nicaragua, Niger, Nigeria, Niue, Norfolk Island, Northern Mariana Islands, Norway, Oman, Pakistan, Palau, Palestinian Territories, Panama, Papua New Guinea, Paraguay, Peru, Philippines, Pitcairn, Poland, Portugal, Puerto Rico, Qatar, Reunion, Romania, Russia, Rwanda, Saint Helena, Saint Kitts And Nevis, Saint Lucia, Saint Pierre And Miquelon, Saint Vincent And The Grenadines, Samoa, San Marino, Sao Tome And Principe, Saudi Arabia, Senegal, Seychelles, Sierra Leone, Singapore, Slovak Republic, Slovenia, Solomon Islands, Somalia, South Africa, South Georgia And The South Sandwich Islands, Spain, Sri Lanka, Sudan, Suriname, Svalbard And Jan Mayen, Swaziland, Sweden, Switzerland, Syria, Taiwan, Tajikistan, Tanzania, Thailand, East Timor (Timor-Leste), Togo, Tokelau, Tonga, Trinidad And Tobago, Tunisia, Turkey, Turkmenistan, Turks And Caicos Islands, Tuvalu, Uganda, Ukraine, United Arab Emirates, United Kingdom, United States Minor Outlying Islands, Uruguay, Uzbekistan, Vanuatu, Venezuela, Viet Nam, British Virgin Islands, United States Virgin Islands, Wallis And Futuna, Western Sahara, Yemen, Zambia, Zimbabwe, Montenegro, Saint BarthÃ©lemy, Serbia, Kosovo, South Sudan , CuraÃ§ao, Bonaire Sint Eustatius and Saba, Saint Martin (French Part), Sint Maarten (Dutch Part)",9/30/2025,"The AAUW’s International Postdoctoral Research Fellowships promote education and equity for women by investing in international applicants who will be pursuing postdoctoral research in the U.S., with the intention of applying their expertise, professional skills, and leadership in the context of their home countries.","Education, PhD Holder, Women and Girls, Leadership, Research, Women &amp; Gender",https://www.aauw.org/resources/programs/international-postdoctoral-research-fellowships/
Call for EOIs: Building the First Investment Pipeline of the Global Sport Impact Fund,Grant,"Afghanistan, Algeria, Angola, Argentina, Bangladesh, Benin, Bhutan, Bolivia, Botswana, Brazil, Brunei, Burkina Faso, Burundi, Cambodia, Cameroon, Cape Verde, Central African Republic, Chad, Chile, Colombia, Comoros, Congo (Brazzaville), Congo DR, Costa Rica, Cote DIvoire (Ivory Coast), Cuba, Djibouti, Dominican Republic, Ecuador, Egypt, El Salvador, Equatorial Guinea, Eritrea, Ethiopia, Gabon, Gambia, Ghana, Guatemala, Guinea, Guinea-Bissau, Honduras, India, Indonesia, Iran, Kenya, Laos, Lesotho, Liberia, Libya, Madagascar, Malawi, Malaysia, Maldives, Mali, Mauritania, Mauritius, Mayotte, Mexico, Morocco, Mozambique, Burma(Myanmar), Namibia, Nepal, Nicaragua, Niger, Nigeria, Pakistan, Panama, Paraguay, Peru, Philippines, Puerto Rico, Reunion, Rwanda, Saint Helena, Sao Tome And Principe, Senegal, Seychelles, Sierra Leone, Singapore, Somalia, South Africa, Sri Lanka, Sudan, Swaziland, Tanzania, Thailand, Togo, Tunisia, Uganda, Uruguay, Venezuela, Viet Nam, Western Sahara, Zambia, Zimbabwe, South Sudan",9/30/2025,"The Coalition for Sustainable Development through Sport has launched its first Expression of Interest (EOI) to identify high-potential, investment-ready projects that could form part of the initial pipeline of the Global Sport Impact Fund (GSIF), an innovative blended finance vehicle currently under structuring.","Community Development, Infrastructure, Education, Climate Change, Environment, Health, Innovation, Sports &amp; Recreation, Sustainable Development",https://gsif.coalition-sport.org/
Apply for develoPPP Classic Funding Programme,Grant,"Afghanistan, Albania, Algeria, Armenia, Austria, Bangladesh, Belgium, Benin, Bolivia, Bosnia And Herzegovina, Brazil, Bulgaria, Burkina Faso, Cambodia, Cameroon, Chad, China, Colombia, Congo DR, Cote DIvoire (Ivory Coast), Croatia, Cyprus, Czech Republic, Denmark, Ecuador, Egypt, Estonia, Ethiopia, Finland, France, Georgia, Germany, Ghana, Greece, Hungary, Iceland, India, Indonesia, Iraq, Ireland, Italy, Jordan, Kenya, Laos, Latvia, Lebanon, Libya, Liechtenstein, Lithuania, Luxembourg, Madagascar, Malawi, Mali, Malta, Mauritania, Mexico, Moldova Republic Of, Mongolia, Morocco, Namibia, Nepal, Netherlands, Niger, Nigeria, Norway, Pakistan, Palestinian Territories, Peru, Poland, Portugal, Romania, Rwanda, Senegal, Sierra Leone, Slovak Republic, Slovenia, Somalia, South Africa, Spain, Sudan, Sweden, Switzerland, Syria, Tanzania, Togo, Tunisia, Uganda, Ukraine, Uzbekistan, Viet Nam, Yemen, Zambia, Serbia, Kosovo, South Sudan",9/30/2025,The develoPPP Classic funding instrument of the German Federal Ministry for Economic Cooperation and Development (BMZ) supports established companies that want to invest sustainably in a developing or emerging country while expanding their business activities locally.,"Business &amp; Industry, Businesses, Companies and Enterprises, Sustainable Development",https://www.developpp.de/en/funding-programme/companies
Open Call for Classical:NEXT Programme,Events,All Countries,9/30/2025,"The Classical:NEXT is looking for the boldest, most inspiring and forward-looking music, projects, topics and formats for the 2026 edition.","Arts &amp; Culture, Music, Business &amp; Industry, Education, , Artists, Individuals, Innovation, Technology",https://classicalnext.org/
Bridges for Enterprise Incubation Programme,Accelerator,Global,10/1/2025,Apply for the Bridges for Enterprise Incubation Programme—supporting entrepreneurs solving urgent global challenges.,"Entrepreneurship, Business & Industry, Community Development",https://www.bridgesforenterprise.com/for-startups/incubation/sign-up
Getty Scholars Program 2025,Grant,All Countries,10/1/2025,"The Getty Scholars Program supports innovative research about art, conceived in the broadest terms, and its histories, by providing a locus for international scholars to forge collaborations across disciplines and professional practices, while also developing new audiences for their work.","Art History and Preservation, Arts &amp; Culture, Community Development, PhD Holder, Researchers, Innovation, Research",https://www.getty.edu/projects/getty-scholars-program/
Nominations open for ARVO Foundation Research Catalyst Awards,"Awards, Prizes and Challenges",All Countries,10/1/2025,Entries are now open for the Association for Research in Vision and Ophthalmology Foundation Research Catalyst Awards for investigators beginning their careers or returning to the workforce after an extended leave.,"Career Development, , Research",https://www.arvo.org/awards-grants-and-fellowships/research-awards/research-catalyst-awards/
zivik Funding Programme,Grant,"Albania, Algeria, Angola, Armenia, Azerbaijan, Bahrain, Belarus, Benin, Bosnia And Herzegovina, Botswana, Bulgaria, Burkina Faso, Burundi, Cameroon, Cape Verde, Central African Republic, Chad, Comoros, Congo (Brazzaville), Congo DR, Cote DIvoire (Ivory Coast), Croatia, Cyprus, Djibouti, Egypt, Equatorial Guinea, Eritrea, Ethiopia, Gabon, Gambia, Georgia, Ghana, Greece, Guinea, Guinea-Bissau, Iran, Iraq, Israel, Jordan, Kenya, Kuwait, Lebanon, Lesotho, Liberia, Libya, Macedonia, Madagascar, Malawi, Mali, Mauritania, Mauritius, Moldova Republic Of, Morocco, Mozambique, Namibia, Niger, Nigeria, Oman, Palestinian Territories, Qatar, Reunion, Romania, Rwanda, Sao Tome And Principe, Saudi Arabia, Senegal, Seychelles, Sierra Leone, Somalia, South Africa, Sudan, Swaziland, Syria, Tanzania, Togo, Tunisia, Turkey, Uganda, Ukraine, United Arab Emirates, Western Sahara, Yemen, Zambia, Zimbabwe, Montenegro, Serbia, Kosovo",10/1/2025,The Institute for Foreign Relations (IFA) is seeking applications for the zivik Funding Programme to support civil society actors worldwide in preventing crises and overcoming conflicts.,"Civil Society Development, Democracy &amp; Good Governance, Peace &amp; Conflict Resolution, Youth &amp; Adolescents",https://www.ifa.de/en/funding/zivik/
Call for Startup Applications: MobilityXlab Program,Accelerator,All Countries,10/1/2025,"The MobilityXlab accelerator program offers startups and emerging companies pioneering ideas within mobility and connectivity the opportunity to collaborate with leading global industry partners to validate solutions, develop pilots, and pursue potential commercial partnerships.","Business &amp; Industry, Businesses, Companies and Enterprises, Startups, Energy, Artificial Intelligence, Information Technology, Innovation, Sustainable Development",https://www.mobilityxlab.com/
Chemistry for Climate Action Challenge 2026 (Global South),"Awards, Prizes and Challenges",,10/1/2025,"The Elsevier Foundation Chemistry for Climate Action Challenge 2026 is now open for applications, offering opportunities for innovators to advance green and sustainable chemistry solutions in the Global South.","Agriculture Food &amp; Nutrition, Business &amp; Industry, Community Development, Biodiversity, Climate Change, Energy, Environment, Health, Individuals, Water, Water Management",https://elsevierfoundation.org/chemistry-for-climate-action-challenge/
Interledger NextGen Higher Education Grant,Grant,Global,10/3/2025,"The Interledger Foundation is pleased to announce its Interledger NextGen Higher Education Grant to advances research, curriculum development, and hands-on training, equipping students and educators with expertise in open-payment technologies and inclusive digital finance while exploring emerging fintech career pathways.","Career Development, Sustainable Development, Research, Technology",https://interledger.org/education
RFPs: Coastal Ecosystems for People and Planet Fund,Grant,"Aland Islands, Albania, Algeria, American Samoa, Andorra, Angola, Anguilla, Antarctica, Antigua and Barbuda, Argentina, Armenia, Aruba, Australia, Austria, Azerbaijan, Bahamas, Bahrain, Bangladesh, Barbados, Belarus, Belgium, Belize, Benin, Bermuda, Bhutan, Bolivia, Bosnia And Herzegovina, Botswana, Bouvet Island, Brazil, British Indian Ocean Territory, Brunei, Bulgaria, Burkina Faso, Burundi, Cambodia, Cameroon, Canada, Cape Verde, Cayman Islands, Central African Republic, Chad, Chile, China, Christmas Island, Cocos (Keeling) Islands, Colombia, Comoros, Congo (Brazzaville), Congo DR, Cook Islands, Costa Rica, Cote DIvoire (Ivory Coast), Croatia, Cyprus, Czech Republic, Denmark, Djibouti, Dominica, Dominican Republic, Ecuador, Egypt, El Salvador, Equatorial Guinea, Eritrea, Estonia, Ethiopia, Falkland Islands (Malvinas), Faroe Islands, Fiji, Finland, France, French Guiana, French Polynesia, French Southern Territories, Gabon, Gambia, Georgia, Germany, Ghana, Gibraltar, Greece, Greenland, Grenada, Guadeloupe, Guam, Guatemala, Guernsey, Guinea, Guinea-Bissau, Guyana, Haiti, Heard Island And Mcdonald Islands, Holy See (Vatican City State), Honduras, Hong Kong SAR, Hungary, Iceland, India, Indonesia, Iraq, Ireland, Isle Of Man, Israel, Italy, Jamaica, Japan, Jersey, Jordan, Kazakhstan, Kenya, Kiribati, South Korea, Kuwait, Kyrgyzstan, Laos, Latvia, Lebanon, Lesotho, Liberia, Liechtenstein, Lithuania, Luxembourg, Macau, Macedonia, Madagascar, Malawi, Malaysia, Maldives, Mali, Malta, Marshall Islands, Martinique, Mauritania, Mauritius, Mayotte, Mexico, Micronesia Federated States Of, Moldova Republic Of, Monaco, Mongolia, Montserrat, Morocco, Mozambique, Namibia, Nauru, Nepal, Netherlands, Netherlands Antilles, New Caledonia, New Zealand, Nicaragua, Niger, Nigeria, Niue, Norfolk Island, Northern Mariana Islands, Norway, Oman, Pakistan, Palau, Palestinian Territories, Panama, Papua New Guinea, Paraguay, Peru, Philippines, Pitcairn, Poland, Portugal, Puerto Rico, Qatar, Reunion, Romania, Russia, Rwanda, Saint Helena, Saint Kitts And Nevis, Saint Lucia, Saint Pierre And Miquelon, Saint Vincent And The Grenadines, Samoa, San Marino, Sao Tome And Principe, Saudi Arabia, Senegal, Seychelles, Sierra Leone, Singapore, Slovak Republic, Slovenia, Solomon Islands, Somalia, South Africa, South Georgia And The South Sandwich Islands, Spain, Sri Lanka, Sudan, Suriname, Svalbard And Jan Mayen, Swaziland, Sweden, Switzerland, Taiwan, Tajikistan, Tanzania, Thailand, East Timor (Timor-Leste), Togo, Tokelau, Tonga, Trinidad And Tobago, Tunisia, Turkey, Turkmenistan, Turks And Caicos Islands, Tuvalu, Uganda, Ukraine, United Arab Emirates, United Kingdom, United States, United States Minor Outlying Islands, Uruguay, Uzbekistan, Vanuatu, Venezuela, Viet Nam, British Virgin Islands, United States Virgin Islands, Wallis And Futuna, Western Sahara, Yemen, Zambia, Zimbabwe, Montenegro, Saint BarthÃ©lemy, Serbia, Kosovo, South Sudan , CuraÃ§ao, Bonaire Sint Eustatius and Saba, Saint Martin (French Part), Sint Maarten (Dutch Part)",10/3/2025,"The Lindblad Expeditions-National Geographic (LEX-NG) Fund is a competitive call for applications that seeks to fund ambitious projects focused on the conservation, restoration, or research of blue forests and is aimed at supporting inspirational and passionate project leaders.","Community Development, Climate Change, Conservation, Environment, Individuals, Leaders, Innovation, Leadership, Research, Water",https://www.nationalgeographic.org/society/grants-and-investments/rfp-coastal-ecosystems/
The Rowell Fund for Tibet,Grant,All Countries,10/5/2025,"The Rowell Fund for Tibet is now accepting applications for its 2026 grant cycle to support Tibetans who can make a significant impact in their communities or reach an international audience in the fields of visual arts, media, literature, environmental conservation, and women’s empowerment.","Arts &amp; Culture, Literature, Media, Visual Arts, Community Development, Conservation, Environment, Individuals, Journalism, Sustainable Development, Women &amp; Gender",https://savetibet.org/the-rowell-fund-for-tibet-invites-applications-for-the-2026-grant-cycle/
RFPs: TWAS Fellowships for Research and Advanced Training,Fellowship,"Afghanistan, Algeria, Angola, Antigua and Barbuda, Argentina, Aruba, Azerbaijan, Bahamas, Bahrain, Bangladesh, Barbados, Belize, Benin, Bhutan, Bolivia, Botswana, Brazil, Brunei, Burkina Faso, Burundi, Cambodia, Cameroon, Cape Verde, Central African Republic, Chad, Chile, China, Colombia, Comoros, Congo (Brazzaville), Congo DR, Costa Rica, Cote DIvoire (Ivory Coast), Cuba, Djibouti, Dominica, Dominican Republic, Ecuador, Egypt, El Salvador, Equatorial Guinea, Eritrea, Ethiopia, Fiji, Gabon, Gambia, Ghana, Grenada, Guadeloupe, Guatemala, Guinea, Guinea-Bissau, Guyana, Haiti, Honduras, India, Indonesia, Iran, Iraq, Jamaica, Jordan, Kazakhstan, Kenya, Kiribati, Kuwait, Kyrgyzstan, Laos, Lebanon, Lesotho, Liberia, Libya, Madagascar, Malawi, Malaysia, Maldives, Mali, Mauritania, Mauritius, Mexico, Micronesia Federated States Of, Mongolia, Morocco, Mozambique, Burma(Myanmar), Namibia, Nepal, Nicaragua, Niger, Nigeria, Oman, Pakistan, Palau, Palestinian Territories, Panama, Papua New Guinea, Paraguay, Peru, Philippines, Qatar, Rwanda, Saint Vincent And The Grenadines, Samoa, Sao Tome And Principe, Saudi Arabia, Senegal, Seychelles, Sierra Leone, Solomon Islands, Somalia, South Africa, Sri Lanka, Sudan, Suriname, Swaziland, Syria, Taiwan, Tajikistan, Tanzania, Thailand, East Timor (Timor-Leste), Togo, Tonga, Trinidad And Tobago, Tunisia, Turkey, Turkmenistan, Tuvalu, Uganda, United Arab Emirates, Uruguay, Uzbekistan, Vanuatu, Venezuela, Viet Nam, Yemen, Zambia, Zimbabwe, South Sudan",10/6/2025,The World Academy of Sciences offers fellowships to young scientists in developing countries to enable them to spend three to 12 months at a research institution in a developing country other than their own.,"Capacity Building, Career Development, , Researchers, Youth, Research, Science, Youth &amp; Adolescents",https://twas.org/opportunity/twas-fellowships-research-and-advanced-training
TWAS Visiting Expert Programme,Grant,"Afghanistan, Algeria, Angola, Antigua and Barbuda, Argentina, Aruba, Azerbaijan, Bahamas, Bahrain, Bangladesh, Barbados, Belize, Benin, Bhutan, Bolivia, Botswana, Brazil, Brunei, Burkina Faso, Burundi, Cambodia, Cameroon, Cape Verde, Central African Republic, Chad, Chile, China, Colombia, Comoros, Congo (Brazzaville), Congo DR, Costa Rica, Cote DIvoire (Ivory Coast), Cuba, Djibouti, Dominica, Dominican Republic, Ecuador, Egypt, El Salvador, Equatorial Guinea, Eritrea, Ethiopia, Fiji, Gabon, Gambia, Ghana, Grenada, Guadeloupe, Guatemala, Guinea, Guinea-Bissau, Guyana, Haiti, Honduras, India, Indonesia, Iran, Iraq, Jamaica, Jordan, Kazakhstan, Kenya, Kiribati, Kuwait, Kyrgyzstan, Laos, Lebanon, Lesotho, Liberia, Libya, Madagascar, Malawi, Malaysia, Maldives, Mali, Mauritania, Mauritius, Mexico, Micronesia Federated States Of, Mongolia, Morocco, Mozambique, Burma(Myanmar), Namibia, Nepal, Nicaragua, Niger, Nigeria, Oman, Pakistan, Palau, Palestinian Territories, Panama, Papua New Guinea, Paraguay, Peru, Philippines, Qatar, Rwanda, Saint Vincent And The Grenadines, Samoa, Sao Tome And Principe, Saudi Arabia, Senegal, Seychelles, Sierra Leone, Solomon Islands, Somalia, South Africa, Sri Lanka, Sudan, Suriname, Swaziland, Syria, Taiwan, Tajikistan, Tanzania, Thailand, East Timor (Timor-Leste), Togo, Tonga, Trinidad And Tobago, Tunisia, Turkey, Turkmenistan, Tuvalu, Uganda, United Arab Emirates, Uruguay, Uzbekistan, Vanuatu, Venezuela, Viet Nam, Yemen, Zambia, Zimbabwe, South Sudan",10/6/2025,"The World Academy of Sciences has launched its TWAS Visiting Expert Programme to provide institutions and research groups in developing countries, especially the Least Developed Countries and those with limited outside contacts, with opportunities to establish long-term links with world leaders in areas of science other than mathematics and physics, and help develop capacity-building in their country.","Capacity Building, Education, Leaders, PhD Holder, Students, Women and Girls, Leadership, Research, Science",https://twas.org/opportunity/twas-visiting-expert-programme
Biochemical Society Scientific Outreach Grant Program,Grant,All Countries,10/6/2025,The Biochemical Society is offering funding opportunities to support public engagement and outreach activities that communicate the excitement of molecular bioscience to young people and the wider community.,"Community Development, Community Engagement, Individuals, Research, Science, Youth &amp; Adolescents",https://www.biochemistry.org/grants-and-awards/grants-and-bursaries/scientific-outreach-grants/
Morris Animal Foundation Feline Health Research Awards,"Awards, Prizes and Challenges",All Countries,10/8/2025,"The Morris Animal Foundation invites proposals for hypothesis-driven, humane research projects with high scientific merit and the potential for significant impact to advance the health and welfare of domesticated cats.","Animals &amp; Wildlife, Community Development, Environment, Health, , Research, Science",https://www.morrisanimalfoundation.org/sites/default/files/filesync/FY26-Feline-AIBS-EI-FA-PS-Proposal-Guidelines.pdf?en_txn8=GA1.1.2039741895.1753953994&amp;en_txn9=fb.1.1753953994217.178750834757158199
Feline Health Fellowship Training Award,"Awards, Prizes and Challenges",All Countries,10/8/2025,"The Morris Animal Foundation’s Fellowship Training Award supports new investigators in launching a successful research career through hypothesis-driven, humane projects that advance the health and welfare of domesticated cats.","Animals &amp; Wildlife, Community Development, Career Development, Health, , Research",https://www.morrisanimalfoundation.org/sites/default/files/filesync/FY26-Feline-AIBS-FT-Proposal-Guidelines.pdf?en_txn8=GA1.1.2039741895.1753953994&amp;en_txn9=fb.1.1753953994217.178750834757158199
Rising Explorer Grant,Grant,All Countries,10/8/2025,Are you a high school student or undergraduate with a passion for science and exploration? The Rising Explorer Grant program provides funding to help you turn your scientific ideas into real-world field research.,"Animals &amp; Wildlife, Archaeology, Career Development, Conservation, Environment, Researchers, Students, Youth, Research, Science",https://www.explorers.org/grants/rising-explorer-grant/
Undergraduate in STEM Scholarship Program,Scholarship,Global,10/10/2025,Applications are now open for the Undergraduate in STEM Scholarship Program to help students become the next generation of globally-minded adventurers.,"Education, Science, Technology",https://www.educations.com/scholarships/undergraduate-in-stem-scholarship
Kensington Conservation Grant Program,Grant,"Afghanistan, Aland Islands, Albania, Algeria, American Samoa, Andorra, Angola, Anguilla, Antarctica, Antigua and Barbuda, Argentina, Armenia, Aruba, Australia, Austria, Azerbaijan, Bahamas, Bahrain, Bangladesh, Barbados, Belarus, Belgium, Belize, Benin, Bermuda, Bhutan, Bolivia, Bosnia And Herzegovina, Botswana, Bouvet Island, Brazil, British Indian Ocean Territory, Brunei, Bulgaria, Burkina Faso, Burundi, Cambodia, Cameroon, Canada, Cape Verde, Cayman Islands, Central African Republic, Chad, Chile, Christmas Island, Cocos (Keeling) Islands, Colombia, Comoros, Congo (Brazzaville), Congo DR, Cook Islands, Costa Rica, Cote DIvoire (Ivory Coast), Croatia, Cuba, Cyprus, Czech Republic, Denmark, Djibouti, Dominica, Dominican Republic, Ecuador, Egypt, El Salvador, Equatorial Guinea, Eritrea, Estonia, Ethiopia, Falkland Islands (Malvinas), Faroe Islands, Fiji, Finland, France, French Guiana, French Polynesia, French Southern Territories, Gabon, Gambia, Georgia, Germany, Ghana, Gibraltar, Greece, Greenland, Grenada, Guadeloupe, Guam, Guatemala, Guernsey, Guinea, Guinea-Bissau, Guyana, Haiti, Heard Island And Mcdonald Islands, Holy See (Vatican City State), Honduras, Hong Kong SAR, Hungary, Iceland, India, Indonesia, Iran, Iraq, Ireland, Isle Of Man, Israel, Italy, Jamaica, Japan, Jersey, Jordan, Kazakhstan, Kenya, Kiribati, South Korea, North Korea, Kuwait, Kyrgyzstan, Laos, Latvia, Lebanon, Lesotho, Liberia, Libya, Liechtenstein, Lithuania, Luxembourg, Macau, Macedonia, Madagascar, Malawi, Malaysia, Maldives, Mali, Malta, Marshall Islands, Martinique, Mauritania, Mauritius, Mayotte, Mexico, Micronesia Federated States Of, Moldova Republic Of, Monaco, Mongolia, Montserrat, Morocco, Mozambique, Burma(Myanmar), Namibia, Nauru, Nepal, Netherlands, Netherlands Antilles, New Caledonia, New Zealand, Nicaragua, Niger, Nigeria, Niue, Norfolk Island, Northern Mariana Islands, Norway, Oman, Pakistan, Palau, Palestinian Territories, Panama, Papua New Guinea, Paraguay, Peru, Philippines, Pitcairn, Poland, Portugal, Puerto Rico, Qatar, Reunion, Romania, Russia, Rwanda, Saint Helena, Saint Kitts And Nevis, Saint Lucia, Saint Pierre And Miquelon, Saint Vincent And The Grenadines, Samoa, San Marino, Sao Tome And Principe, Saudi Arabia, Senegal, Seychelles, Sierra Leone, Singapore, Slovak Republic, Slovenia, Solomon Islands, Somalia, South Africa, South Georgia And The South Sandwich Islands, Spain, Sri Lanka, Sudan, Suriname, Svalbard And Jan Mayen, Swaziland, Sweden, Switzerland, Syria, Taiwan, Tajikistan, Tanzania, Thailand, East Timor (Timor-Leste), Togo, Tokelau, Tonga, Trinidad And Tobago, Tunisia, Turkey, Turkmenistan, Turks And Caicos Islands, Tuvalu, Uganda, Ukraine, United Arab Emirates, United Kingdom, United States, United States Minor Outlying Islands, Uruguay, Uzbekistan, Vanuatu, Venezuela, Viet Nam, British Virgin Islands, United States Virgin Islands, Wallis And Futuna, Western Sahara, Yemen, Zambia, Zimbabwe, Montenegro, Saint BarthÃ©lemy, Serbia, Kosovo, South Sudan , CuraÃ§ao, Bonaire Sint Eustatius and Saba, Saint Martin (French Part), Sint Maarten (Dutch Part)",10/13/2025,"The Explorers Club is seeking applications for its Kensington Conservation Grant Program to support vital, on-the-ground conservation projects now, and in the future.","Conservation, , Researchers, Students, Research, Science, Sustainable Development, Tourism &amp; Travel",https://www.explorers.org/grants/kensington-explorers-club-grant/
Fjällräven Field Grant Program,Grant,"Afghanistan, Aland Islands, Albania, Algeria, American Samoa, Andorra, Angola, Anguilla, Antarctica, Antigua and Barbuda, Argentina, Armenia, Aruba, Australia, Austria, Azerbaijan, Bahamas, Bahrain, Bangladesh, Barbados, Belarus, Belgium, Belize, Benin, Bermuda, Bhutan, Bolivia, Bosnia And Herzegovina, Botswana, Bouvet Island, Brazil, British Indian Ocean Territory, Brunei, Bulgaria, Burkina Faso, Burundi, Cambodia, Cameroon, Canada, Cape Verde, Cayman Islands, Central African Republic, Chad, Chile, Christmas Island, Cocos (Keeling) Islands, Colombia, Comoros, Congo (Brazzaville), Congo DR, Cook Islands, Costa Rica, Cote DIvoire (Ivory Coast), Croatia, Cuba, Cyprus, Czech Republic, Denmark, Djibouti, Dominica, Dominican Republic, Ecuador, Egypt, El Salvador, Equatorial Guinea, Eritrea, Estonia, Ethiopia, Falkland Islands (Malvinas), Faroe Islands, Fiji, Finland, France, French Guiana, French Polynesia, French Southern Territories, Gabon, Gambia, Georgia, Germany, Ghana, Gibraltar, Greece, Greenland, Grenada, Guadeloupe, Guam, Guatemala, Guernsey, Guinea, Guinea-Bissau, Guyana, Haiti, Heard Island And Mcdonald Islands, Holy See (Vatican City State), Honduras, Hong Kong SAR, Hungary, Iceland, India, Indonesia, Iran, Iraq, Ireland, Isle Of Man, Israel, Italy, Jamaica, Japan, Jersey, Jordan, Kazakhstan, Kenya, Kiribati, South Korea, North Korea, Kuwait, Kyrgyzstan, Laos, Latvia, Lebanon, Lesotho, Liberia, Libya, Liechtenstein, Lithuania, Luxembourg, Macau, Macedonia, Madagascar, Malawi, Malaysia, Maldives, Mali, Malta, Marshall Islands, Martinique, Mauritania, Mauritius, Mayotte, Mexico, Micronesia Federated States Of, Moldova Republic Of, Monaco, Mongolia, Montserrat, Morocco, Mozambique, Burma(Myanmar), Namibia, Nauru, Nepal, Netherlands, Netherlands Antilles, New Caledonia, New Zealand, Nicaragua, Niger, Nigeria, Niue, Norfolk Island, Northern Mariana Islands, Norway, Oman, Pakistan, Palau, Palestinian Territories, Panama, Papua New Guinea, Paraguay, Peru, Philippines, Pitcairn, Poland, Portugal, Puerto Rico, Qatar, Reunion, Romania, Russia, Rwanda, Saint Helena, Saint Kitts And Nevis, Saint Lucia, Saint Pierre And Miquelon, Saint Vincent And The Grenadines, Samoa, San Marino, Sao Tome And Principe, Saudi Arabia, Senegal, Seychelles, Sierra Leone, Singapore, Slovak Republic, Slovenia, Solomon Islands, Somalia, South Africa, South Georgia And The South Sandwich Islands, Spain, Sri Lanka, Sudan, Suriname, Svalbard And Jan Mayen, Swaziland, Sweden, Switzerland, Syria, Taiwan, Tajikistan, Tanzania, Thailand, East Timor (Timor-Leste), Togo, Tokelau, Tonga, Trinidad And Tobago, Tunisia, Turkey, Turkmenistan, Turks And Caicos Islands, Tuvalu, Uganda, Ukraine, United Arab Emirates, United Kingdom, United States, United States Minor Outlying Islands, Uruguay, Uzbekistan, Vanuatu, Venezuela, Viet Nam, British Virgin Islands, United States Virgin Islands, Wallis And Futuna, Western Sahara, Yemen, Zambia, Zimbabwe, Montenegro, Saint BarthÃ©lemy, Serbia, Kosovo, South Sudan , CuraÃ§ao, Bonaire Sint Eustatius and Saba, Saint Martin (French Part), Sint Maarten (Dutch Part)",10/13/2025,The Explorers Club is requesting applications for its Fjällräven Field Grant Program to promote excellence in field exploration through scientific research.,"Animals &amp; Wildlife, Community Development, Education, Climate Change, Conservation, Environment, Research, Science",https://www.explorers.org/grants/fjallraven-field-grant/
ERC Starting Grant,Grant,All Countries,10/14/2025,The European Commission is requesting applications for its Starting Grant to support excellent Principal Investigators starting or having recently started their own independent research team or programme.,"Career Development, , Research, Science","https://ec.europa.eu/info/funding-tenders/opportunities/portal/screen/opportunities/topic-details/ERC-2026-STG?isExactMatch=true&amp;status=31094501,31094502&amp;order=DESC&amp;pageNumber=1&amp;pageSize=100&amp;sortBy=startDate"
Grants for Advancing Education on Emerging Data and Unmet Needs in High-Risk NMIBC,Grant,All Countries,10/14/2025,"The Pfizer has announced a new global grant opportunity titled Emerging Data and Unmet Needs in Patients with High-Risk Non-Muscle Invasive Bladder Cancer (NMIBC), designed to support independent medical education that addresses critical gaps in care.","Education, Cancer, Diseases, Health, Innovation",https://cdn.pfizer.com/pfizercom/2025-08/2025-ONC-Global-NMIBCUnmetNeeds-IME.pdf?VersionId=258FJYa.E0onPtXi2104qdfBgJUdrllR
Holohil Grant Program,Grant,All Countries,10/15/2025,Applications are now open for the Holohil Grant Program to support endangered species research and educational work for a variety of agencies and researchers.,"Animals &amp; Wildlife, Education, Conservation, Individuals, Researchers, Research",https://www.holohil.com/grant-program/
Entries open for #MyLittleBigThing Challenge in Africa,"Awards, Prizes and Challenges","Algeria, Angola, Benin, Botswana, Burkina Faso, Burundi, Cameroon, Cape Verde, Central African Republic, Chad, Comoros, Congo (Brazzaville), Congo DR, Cote DIvoire (Ivory Coast), Djibouti, Egypt, Equatorial Guinea, Eritrea, Ethiopia, Gabon, Gambia, Ghana, Guinea, Guinea-Bissau, Kenya, Lesotho, Liberia, Libya, Madagascar, Malawi, Mali, Mauritania, Mauritius, Mayotte, Morocco, Mozambique, Namibia, Niger, Nigeria, Reunion, Rwanda, Saint Helena, Sao Tome And Principe, Senegal, Seychelles, Sierra Leone, Somalia, South Africa, Sudan, Swaziland, Tanzania, Togo, Tunisia, Uganda, Western Sahara, Zambia, Zimbabwe, South Sudan",10/15/2025,Applicants are now invited to submit applications for the #MyLittleBigThing Challenge to find and support young innovators who are creating an African narrative for sustainability.,"Individuals, Youth, Innovation, Sustainable Development, Youth &amp; Adolescents",https://mylittlebigthing.com/official-terms-and-conditions/
Apply for Africa PachiPanda Challenge 2025 (Uganda),"Awards, Prizes and Challenges",Uganda,9/30/2025,"MTN Uganda Limited and the World Wide Fund have partnered to launch the PachiPanda Challenge for Uganda in 2025, an initiative that encourages youths and youth-led SMEs to create new ideas that tackle current environmental challenges and promote sustainability through technological solutions.","Agriculture Food &amp; Nutrition, Businesses, Companies and Enterprises, Energy, Environment, Recycling, Individuals, Youth, Technology, Sustainable Development, Youth &amp; Adolescents",https://www.mtn.com/pachipanda-challenge/
CIPHER Research Grant Programme,Grant,"Afghanistan, Angola, Bangladesh, Benin, Bhutan, Bolivia, Burkina Faso, Burundi, Cambodia, Cameroon, Central African Republic, Chad, Comoros, Congo (Brazzaville), Congo DR, Cote DIvoire (Ivory Coast), Djibouti, Egypt, Eritrea, Gambia, Ghana, Guinea, Guinea-Bissau, Haiti, Honduras, India, Jordan, Kenya, Kiribati, South Korea, North Korea, Kyrgyzstan, Laos, Lebanon, Lesotho, Liberia, Madagascar, Malawi, Mali, Mauritania, Micronesia Federated States Of, Morocco, Mozambique, Burma(Myanmar), Namibia, Nepal, Nicaragua, Niger, Nigeria, Pakistan, Palestinian Territories, Papua New Guinea, Philippines, Rwanda, Sao Tome And Principe, Senegal, Sierra Leone, Solomon Islands, Somalia, Sri Lanka, Sudan, Swaziland, Syria, Tajikistan, Tanzania, East Timor (Timor-Leste), Togo, Tunisia, Uganda, Uzbekistan, Vanuatu, Viet Nam, Yemen, Zambia, Zimbabwe, South Sudan",9/30/2025,The International AIDS Society has launched its CIPHER Research Grant Programme to address research gaps in paediatric and adolescent HIV in countries with limited resources for HIV research.,"Capacity Building, HIV/AIDS, , Innovation, Research",https://www.iasociety.org/grants/cipher-grant-programme-2025-2026
Small Grants Initiative Programme (Africa),Grant,"Algeria, Angola, Benin, Botswana, Burkina Faso, Burundi, Cameroon, Cape Verde, Central African Republic, Chad, Comoros, Congo (Brazzaville), Congo DR, Cote DIvoire (Ivory Coast), Djibouti, Egypt, Equatorial Guinea, Eritrea, Ethiopia, Gabon, Gambia, Ghana, Guinea, Guinea-Bissau, Kenya, Lesotho, Liberia, Libya, Madagascar, Malawi, Mali, Mauritania, Mauritius, Mayotte, Morocco, Mozambique, Namibia, Niger, Nigeria, Reunion, Rwanda, Saint Helena, Sao Tome And Principe, Senegal, Seychelles, Sierra Leone, Somalia, South Africa, Sudan, Swaziland, Tanzania, Togo, Tunisia, Uganda, Western Sahara, Zambia, Zimbabwe, South Sudan",9/30/2025,"The Global Center on Adaptation (GCA), in partnership with Masinde Muliro University of Science and Technology (MMUST), invites applications for its Small Grants Initiative Programme to strengthen youth leadership, enhance knowledge transfer, and build community capacity across Africa by supporting participants to replicate and adapt the training in their respective countries.","Capacity Building, Community Development, Climate Change, Environment, Individuals, Leadership, Peace &amp; Conflict Resolution, Sustainable Development, Youth &amp; Adolescents",https://mmust.ac.ke/call-for-proposals-small-grants-initiative/
Call for EOIs: 16 Days Campaign of Activism against Gender-based Violence,Grant,All Countries,10/2/2025,The Italian Agency for Development Cooperation (AICS) – Jerusalem Office has launched a call for proposals under the program SIGEWE – Support to the Institutionalization of Gender Mainstreaming &amp; Women’s Empowerment in the National Palestinian Authority (AID 11279).,"Arts &amp; Culture, Education, Violence Prevention, Gender Equality, Women &amp; Gender",https://aics.portaleamministrazionetrasparente.it/archivio97_concessione-contributi_0_188_952_1.html
Pharma Incubation Hub (PIH) - Cohort 7,Training,"Algeria, Angola, Benin, Botswana, Burkina Faso, Burundi, Cameroon, Cape Verde, Central African Republic, Chad, Comoros, Congo (Brazzaville), Congo DR, Cote DIvoire (Ivory Coast), Djibouti, Egypt, Equatorial Guinea, Eritrea, Ethiopia, Gabon, Gambia, Ghana, Guinea, Guinea-Bissau, Kenya, Lesotho, Liberia, Libya, Madagascar, Malawi, Mali, Mauritania, Mauritius, Mayotte, Morocco, Mozambique, Namibia, Niger, Nigeria, Reunion, Rwanda, Saint Helena, Sao Tome And Principe, Senegal, Seychelles, Sierra Leone, Somalia, South Africa, Sudan, Swaziland, Tanzania, Togo, Tunisia, Uganda, Western Sahara, Zambia, Zimbabwe, South Sudan",10/3/2025,"Entries are now open for the Pharma Incubation Hub to build the capacity of pharmacy students across Nigeria, exclusively through an intensive peer to peer and peer to professionals learning, mentorship and accountability.","Capacity Building, Career Development, Leaders, Students, Leadership, Research",https://www.linkedin.com/posts/pharma-incubation-hub_weve-got-great-news-cohort-7-applications-activity-7375209178061053952-fSo_?utm_source=share&amp;utm_medium=member_desktop&amp;rcm=ACoAAEsCGl0B8zNEvGStd5QmABKRa6qKphLUiCA
Call for Solutions – Uganda Climate Innovation Fund,Grant,Uganda,10/5/2025,"The Uganda Climate Innovation Fund (UCIF) provides support to innovators and entrepreneurs to pilot, incubate, and accelerate new climate-smart products and services that enhance sustainability and climate resilience in Uganda’s agriculture sector.","Agriculture Food &amp; Nutrition, Businesses, Companies and Enterprises, Startups, Climate Change, Land Conservation, Academicians, Farmers/Ranchers, Individuals, Refugees, Migrants and Asylum Seekers, Students, Sustainable Development",https://apply.csj.co.ug/
Atlas Shrugged Essay Contest,Events,All Countries,10/8/2025,The Ayn Rand Institute is inviting applications for its Atlas Shrugged Essay Contest to support students from 9th grade through graduate school.,"Animals &amp; Wildlife, Habitat, Literature, Conservation, Natural Resources, Recycling, Students, Sustainable Development",https://aynrand.org/students/essay-contests/atlas-shrugged/
RFPs: Doctor of Public Health Scholarships Programme,Scholarship,"Angola, Benin, Botswana, Burkina Faso, Burundi, Cameroon, Cape Verde, Central African Republic, Chad, Comoros, Congo (Brazzaville), Congo DR, Cote DIvoire (Ivory Coast), Djibouti, Equatorial Guinea, Eritrea, Ethiopia, Gabon, Gambia, Ghana, Guinea, Guinea-Bissau, Kenya, Lesotho, Liberia, Madagascar, Malawi, Mali, Mauritania, Mauritius, Mozambique, Namibia, Niger, Nigeria, Reunion, Rwanda, Sao Tome And Principe, Senegal, Seychelles, Sierra Leone, Somalia, South Africa, Sudan, Swaziland, Tanzania, Togo, Uganda, Western Sahara, Zambia, Zimbabwe",10/10/2025,The Africa Health Collaborative is seeking applications for its Doctor of Public Health Scholarships Programme to announce the start of the 2026-2027 Mastercard Foundation graduate scholarship recruitment at the University of Toronto.,"Economic Development, Education, Health, Public Health, Individuals, Leaders, Leadership",https://africahealthcollaborative.org/2025/09/03/2026-2027-doctor-of-public-health-scholarships-open/
Aspire Coronation Trust Foundation Grant Program 2026 - Africa,Grant,"Algeria, Angola, Benin, Botswana, Burkina Faso, Burundi, Cameroon, Cape Verde, Central African Republic, Chad, Comoros, Congo (Brazzaville), Congo DR, Cote DIvoire (Ivory Coast), Djibouti, Egypt, Equatorial Guinea, Eritrea, Ethiopia, Gabon, Gambia, Ghana, Guinea, Guinea-Bissau, Kenya, Lesotho, Liberia, Libya, Madagascar, Malawi, Mali, Mauritania, Mauritius, Mayotte, Morocco, Mozambique, Namibia, Niger, Nigeria, Reunion, Rwanda, Saint Helena, Sao Tome And Principe, Senegal, Seychelles, Sierra Leone, Somalia, South Africa, Sudan, Swaziland, Tanzania, Togo, Tunisia, Uganda, Western Sahara, Zambia, Zimbabwe, South Sudan",10/10/2025,"The ACT Foundation offers grants focused on four key areas aimed at fostering sustainable development across Africa: Health, Entrepreneurship, Environment, and Leadership.","Entrepreneurship, Community Development, Development Research, Climate Change, Environment, Family, Diseases, Reproductive Health &amp; Family Planning, Children, Individuals, Leadership, Livelihood, Peace &amp; Conflict Resolution, Poverty Alleviation, Sustainable Development, Water",https://www.actrustfoundation.org/grant_application
CFPs: East and Southern African Regional Hub for Research and Policy on Climate Change and Health,Grant,"Angola, Botswana, Ethiopia, Kenya, Malawi, Mozambique, Rwanda, South Africa, Tanzania, Uganda",10/15/2025,"The Amref Health Africa invite bold, innovative proposals from research institutions and multi-stakeholder consortia ready to deliver transformative research on the climate-health nexus in Eastern and Southern Africa.","Capacity Building, Education, Climate Change, Environment, Diseases, Health, Health care, Innovation, Violence Prevention, Research",https://amref.org/eoi/east-and-southern-african-regional-hub-for-research-and-policy-on-climate-change-and-health-2025-2028-eoi-no-amref-19-09-2025-020/
Call for Competition: Young Creatives to Disseminate Research Findings,"Awards, Prizes and Challenges","Algeria, Benin, Botswana, Burkina Faso, Burundi, Cape Verde, Comoros, Cote DIvoire (Ivory Coast), Djibouti, Egypt, Eritrea, Ethiopia, Gambia, Ghana, Guinea, Guinea-Bissau, Kenya, Lesotho, Liberia, Libya, Madagascar, Malawi, Mali, Mauritania, Mauritius, Mayotte, Morocco, Mozambique, Namibia, Niger, Nigeria, Reunion, Rwanda, Saint Helena, Senegal, Seychelles, Sierra Leone, Somalia, South Africa, Sudan, Swaziland, Tanzania, Togo, Tunisia, Uganda, Western Sahara, Zambia, Zimbabwe",10/15/2025,The Centre on African Philanthropy and Social Investment invites applications from dynamic teams and organisations owned and managed by young people between the ages of 18 and 35 to design and produce creative outputs that disseminate findings from a study covering 17 African countries.,"Employment &amp; Labor, Research, Youth &amp; Adolescents",https://capsi.co.za/call-for-competition/
Nominations open for Commonwealth Youth Awards,"Awards, Prizes and Challenges","Antigua and Barbuda, Australia, Bahamas, Bangladesh, Barbados, Belize, Botswana, Brunei, Cameroon, Canada, Cyprus, Dominica, Fiji, Gabon, Gambia, Ghana, Grenada, Guyana, India, Jamaica, Kenya, Kiribati, Lesotho, Malawi, Malaysia, Maldives, Malta, Mauritius, Mozambique, Namibia, Nauru, New Zealand, Nigeria, Pakistan, Papua New Guinea, Rwanda, Saint Kitts And Nevis, Saint Lucia, Saint Vincent And The Grenadines, Samoa, Seychelles, Sierra Leone, Singapore, Solomon Islands, South Africa, Sri Lanka, Swaziland, Tanzania, Togo, Tonga, Trinidad And Tobago, Tuvalu, Uganda, United Kingdom, Vanuatu, Zambia",10/17/2025,"Entries are now open for the Commonwealth Youth Awards to recognise and celebrate young people (aged 15 – 29) in the Commonwealth who are spearheading impactful, sustainable development work in their communities.","Community Development, Democracy &amp; Good Governance, Individuals, Youth, Innovation, Leadership, Journalism, Sustainable Development, Youth &amp; Adolescents",https://commonwealth-youthexcellence.awardsplatform.com/
RFAs: Climate Resilience Awards for Business,"Awards, Prizes and Challenges",All Countries,10/18/2025,"The World Business Council for Sustainable Development (WBCSD) and Global Resilience Partnership (GRP) have launched the Climate Resilience Awards for Business to spotlight companies that advance climate resilience through innovative approaches, collaboration, and measurable impact across operations, supply chains, and communities.","Businesses, Companies and Enterprises, Climate Change, Sustainable Development",https://www.globalresiliencepartnership.org/launch-of-the-climate-resilience-awards-for-business-open-until-18th-october/
BOOST x CEF: Green Urban Tech – Call for Urban Tech Solutions,Grant,All Countries,10/19/2025,"The United Nations Development Programme (UNDP) and the City Experiment Fund (CEF) have launched a call for tech and digitally-enabled solutions to help build greener, smarter, and more resilient cities across Europe and Central Asia.","Businesses, Companies and Enterprises, Urban Development, Climate Change, Technology, Sustainable Development",https://boostimpact.org/challenges/green-urban-tech/
Open Call: UNICEF Climate Innovation Challenge,Grant,"Afghanistan, Albania, Algeria, Angola, Anguilla, Antigua and Barbuda, Argentina, Armenia, Azerbaijan, Bahrain, Bangladesh, Barbados, Belarus, Belize, Benin, Bhutan, Bolivia, Bosnia And Herzegovina, Botswana, Brazil, Bulgaria, Burkina Faso, Burundi, Cambodia, Cameroon, Cape Verde, Central African Republic, Chad, Chile, China, Colombia, Comoros, Congo (Brazzaville), Congo DR, Cook Islands, Costa Rica, Cote DIvoire (Ivory Coast), Croatia, Cuba, Djibouti, Dominica, Dominican Republic, Ecuador, Egypt, El Salvador, Equatorial Guinea, Eritrea, Ethiopia, Fiji, Gabon, Gambia, Georgia, Ghana, Greece, Grenada, Guatemala, Guinea, Guinea-Bissau, Guyana, Haiti, Honduras, India, Indonesia, Iran, Iraq, Jamaica, Jordan, Kazakhstan, Kenya, Kiribati, North Korea, Kuwait, Kyrgyzstan, Laos, Lebanon, Lesotho, Liberia, Libya, Macedonia, Madagascar, Malawi, Malaysia, Maldives, Mali, Marshall Islands, Mauritania, Mexico, Micronesia Federated States Of, Moldova Republic Of, Mongolia, Montserrat, Morocco, Mozambique, Burma(Myanmar), Namibia, Nauru, Nepal, Nicaragua, Niger, Nigeria, Niue, Oman, Pakistan, Palau, Palestinian Territories, Panama, Papua New Guinea, Paraguay, Peru, Philippines, Qatar, Romania, Rwanda, Saint Kitts And Nevis, Saint Lucia, Saint Vincent And The Grenadines, Samoa, Sao Tome And Principe, Saudi Arabia, Senegal, Sierra Leone, Solomon Islands, Somalia, South Africa, Sri Lanka, Sudan, Suriname, Swaziland, Syria, Tajikistan, Tanzania, Thailand, East Timor (Timor-Leste), Togo, Tokelau, Tonga, Trinidad And Tobago, Tunisia, Turkey, Turkmenistan, Turks And Caicos Islands, Tuvalu, Uganda, Ukraine, United Arab Emirates, Uruguay, Uzbekistan, Vanuatu, Venezuela, Viet Nam, British Virgin Islands, Yemen, Zambia, Zimbabwe, Montenegro, Serbia, Kosovo, South Sudan",10/21/2025,The UNICEF Climate Innovation Challenge invites early and growth stage frontier tech start-ups from emerging economies to develop scalable solutions that safeguard children’s health and strengthen the resilience of the systems they rely on.,"Businesses, Companies and Enterprises, Children, Climate Change, Health, Artificial Intelligence, Technology",https://www.unicef.org/innovation/unicef-climate-innovation-challenge
Call for Submissions: Video Pitch Contest,Events,All Countries,10/24/2025,"The United Nations University has launched its Video Pitch Contest that celebrates collective action and capacity-building for urban transformation, connecting with the spirit of the 30th Conference of the Parties to the United Nations Framework Convention on Climate Change (COP 30), hosted under the Brazilian Presidency.","Capacity Building, Community Development, Urban Development, Education, Learning, Climate Change, Individuals",https://urbancoalitions.org/en/video-pitch-contest-2025
SENSE Foundation Brussels Grant Program,Grant,All Countries,10/24/2025,"The SENSE Foundation Brussels has opened submissions for its grant program, supporting nonprofits in Belgium and abroad that align with its mission in health, environment, and sustainable development.","Nutrition, Environment, Health, Minorities, Sustainable Development, Women &amp; Gender",https://www.sensefoundationbrussels.org/submit-your-project
Entries open for Parkinson's Foundation Launch Award,"Awards, Prizes and Challenges",All Countries,10/29/2025,The Parkinson's Foundation Launch Award provides vital support to talented postdoctoral researchers to help them transition into independent research careers dedicated to Parkinson’s disease.,"Career Development, Diseases, Health, , Leadership, Research",https://www.parkinson.org/advancing-research/for-researchers/award-deadlines
AFR100 Land Accelerator Africa Project,Training,"Algeria, Angola, Benin, Botswana, Burkina Faso, Burundi, Cameroon, Cape Verde, Central African Republic, Chad, Comoros, Congo (Brazzaville), Congo DR, Cote DIvoire (Ivory Coast), Djibouti, Egypt, Equatorial Guinea, Eritrea, Ethiopia, Gabon, Gambia, Ghana, Guinea, Guinea-Bissau, Kenya, Lesotho, Liberia, Libya, Madagascar, Malawi, Mali, Mauritania, Mauritius, Mayotte, Morocco, Mozambique, Namibia, Niger, Nigeria, Reunion, Rwanda, Saint Helena, Sao Tome And Principe, Senegal, Seychelles, Sierra Leone, Somalia, South Africa, Sudan, Swaziland, Tanzania, Togo, Tunisia, Uganda, Western Sahara, Zambia, Zimbabwe, South Sudan",10/30/2025,"African Union Development Agency (AUDA-NEPAD) has launched a transformative accelerator program aimed at empowering entrepreneurs to restore degraded forests and farmlands across Africa, advancing sustainable development and environmental restoration.","Businesses, Companies and Enterprises, Entrepreneurship, Land Conservation, Sustainable Development",https://www.nepad.org/tenders/advertisement-call-proposal-afr100-land-accelerator-africa-project
Build GLFx chapters in Africa with Seed Funding,Grant,"Algeria, Angola, Benin, Botswana, Burkina Faso, Burundi, Cameroon, Cape Verde, Central African Republic, Chad, Comoros, Congo (Brazzaville), Congo DR, Cote DIvoire (Ivory Coast), Djibouti, Egypt, Equatorial Guinea, Eritrea, Ethiopia, Gabon, Gambia, Ghana, Guinea, Guinea-Bissau, Kenya, Lesotho, Liberia, Libya, Madagascar, Malawi, Mali, Mauritania, Mauritius, Mayotte, Morocco, Mozambique, Namibia, Niger, Nigeria, Reunion, Rwanda, Saint Helena, Sao Tome And Principe, Senegal, Seychelles, Sierra Leone, Somalia, South Africa, Sudan, Swaziland, Tanzania, Togo, Tunisia, Uganda, Western Sahara, Zambia, Zimbabwe, South Sudan",10/30/2025,"The GLFx initiative is opening a call to support new GLFx chapters that are leading action on the ground for the sustainability of Africa’s landscapes, with seed funding of EUR 5,000.","Biodiversity, Conservation, Environment, Sustainable Development",https://events.globallandscapesforum.org/glfx-africa-call-for-applications/
Misk Global Forum Initiative,Events,All Countries,10/30/2025,"The Misk Global Forum Initiative celebrates projects driven by leaders under 30, highlighting their achievements, amplifying their stories, and connecting them with global platforms to inspire the next wave of changemakers.","Arts &amp; Culture, Business &amp; Industry, Entrepreneurship, Health, Individuals, Leaders, Innovation, Leadership, Media, Science, Technology, Sports &amp; Recreation, Sustainable Development",https://miskglobalforum.com/misk-20-under-30/
Insect Photography Competition,Scholarship,Global,10/31/2025,The Royal Entomological Society has organised the Insect Photography Competition as part of its programme of activities (the “Competition”).,Learning,https://www.insectweek.org/photography-competition-terms-and-conditions-2025/
UNESCO-Hamdan Prize for Teacher Development,"Awards, Prizes and Challenges","Afghanistan, Albania, Algeria, Andorra, Angola, Antigua and Barbuda, Argentina, Armenia, Australia, Austria, Azerbaijan, Bahamas, Bahrain, Bangladesh, Barbados, Belarus, Congo DR, Denmark, Djibouti, Dominica, Dominican Republic, Ecuador, Egypt, El Salvador, Equatorial Guinea, Eritrea, Estonia, Ethiopia, Fiji, Finland, France, Gabon, Gambia, Georgia, Germany, Ghana, Greece, Grenada, Guatemala, Guinea, Guinea-Bissau, Guyana, Haiti, Honduras, Hungary, Iceland, India, Indonesia, Iran, Iraq, Ireland, Italy, Jamaica, Japan, Jordan, Kazakhstan, Kenya, Kiribati, North Korea, Kuwait, Kyrgyzstan, Laos, Latvia, Lebanon, Lesotho, Liberia, Libya, Lithuania, Luxembourg, Macedonia, Madagascar, Malawi, Malaysia, Maldives, Mali, Malta, Marshall Islands, Mauritania, Mauritius, Mexico, Micronesia Federated States Of, Moldova Republic Of, Monaco, Mongolia, Morocco, Mozambique, Burma(Myanmar), Namibia, Nauru, Nepal, Netherlands, New Zealand, Nicaragua, Niger, Nigeria, Niue, Norway, Oman, Pakistan, Palau, Palestinian Territories, Panama, Papua New Guinea, Paraguay, Peru, Philippines, Poland, Portugal, Qatar, Romania, Russia, Rwanda, Saint Kitts And Nevis, Saint Lucia, Saint Vincent And The Grenadines, Samoa, San Marino, Sao Tome And Principe, Saudi Arabia, Senegal, Seychelles, Sierra Leone, Singapore, Slovak Republic, Slovenia, Solomon Islands, Somalia, South Africa, Spain, Sri Lanka, Sudan, Suriname, Swaziland, Sweden, Switzerland, Syria, Tajikistan, Tanzania, Thailand, East Timor (Timor-Leste), Togo, Tonga, Trinidad And Tobago, Tunisia, Turkey, Turkmenistan, Tuvalu, Uganda, Ukraine, United Arab Emirates, United Kingdom, United States, Uruguay, Uzbekistan, Vanuatu, Venezuela, Viet Nam, Yemen, Zambia, Zimbabwe, Montenegro, Serbia",10/31/2025,"The United Nations Educational, Scientific and Cultural Organization has launched the call for nominations for the 9th Edition of the UNESCO-Prize for Teacher Development.","Education, Learning",https://www.unesco.org/en/articles/call-nominations-2025-2026-unesco-hamdan-prize-teacher-development-now-open
UN Tourism Social Innovation Challenge,"Awards, Prizes and Challenges",All Countries,10/31/2025,"The Global Social Innovation Challenge seeks to identify and support groundbreaking startups, scaleups, SMEs and entrepreneurs who are driving change in three key areas which are Community-based Tourism, Inclusivity and Accessibility and Green Projects.","Art History and Preservation, Businesses, Companies and Enterprises, Startups, Community Development, Biodiversity, Conservation, Energy, Entrepreneurs, Innovation, Technology, Sustainable Development, Tourism &amp; Travel, Gender Equality, Youth &amp; Adolescents",https://www.plugandplaytechcenter.com/innovation-services/challenge-offerings/un-tourism-social-innovation
WSA Young Innovators Award,"Awards, Prizes and Challenges","Afghanistan, Aland Islands, Albania, Algeria, Andorra, Angola, Anguilla, Antigua and Barbuda, Argentina, Armenia, Aruba, Australia, Austria, Azerbaijan, Bahamas, Bahrain, Bangladesh, Barbados, Belarus, Belgium, Belize, Benin, Bhutan, Bolivia, Bosnia And Herzegovina, Botswana, Brazil, Brunei, Bulgaria, Burkina Faso, Burundi, Cambodia, Cameroon, Canada, Cape Verde, Cayman Islands, Central African Republic, Chad, Chile, China, Colombia, Comoros, Congo (Brazzaville), Congo DR, Cook Islands, Costa Rica, Cote DIvoire (Ivory Coast), Croatia, Cuba, Cyprus, Czech Republic, Denmark, Djibouti, Dominica, Dominican Republic, Ecuador, Egypt, El Salvador, Equatorial Guinea, Eritrea, Estonia, Ethiopia, Faroe Islands, Fiji, Finland, France, Gabon, Gambia, Georgia, Germany, Ghana, Greece, Grenada, Guatemala, Guinea, Guinea-Bissau, Guyana, Haiti, Honduras, Hungary, Iceland, India, Indonesia, Iran, Iraq, Ireland, Israel, Italy, Jamaica, Japan, Jordan, Kazakhstan, Kenya, Kiribati, South Korea, North Korea, Kuwait, Kyrgyzstan, Laos, Latvia, Lebanon, Lesotho, Liberia, Libya, Lithuania, Luxembourg, Macau, Macedonia, Madagascar, Malawi, Malaysia, Maldives, Mali, Malta, Marshall Islands, Mauritania, Mauritius, Mexico, Micronesia Federated States Of, Moldova Republic Of, Monaco, Mongolia, Montserrat, Morocco, Mozambique, Burma(Myanmar), Namibia, Nauru, Nepal, Netherlands, New Caledonia, New Zealand, Nicaragua, Niger, Nigeria, Niue, Norway, Oman, Pakistan, Palau, Palestinian Territories, Panama, Papua New Guinea, Paraguay, Peru, Philippines, Poland, Portugal, Qatar, Romania, Russia, Rwanda, Saint Kitts And Nevis, Saint Lucia, Saint Vincent And The Grenadines, Samoa, San Marino, Sao Tome And Principe, Saudi Arabia, Senegal, Seychelles, Sierra Leone, Singapore, Slovak Republic, Slovenia, Solomon Islands, Somalia, South Africa, Spain, Sri Lanka, Sudan, Suriname, Swaziland, Sweden, Switzerland, Syria, Tajikistan, Tanzania, Thailand, East Timor (Timor-Leste), Togo, Tokelau, Tonga, Trinidad And Tobago, Tunisia, Turkey, Turkmenistan, Tuvalu, Uganda, Ukraine, United Arab Emirates, United Kingdom, Uruguay, Uzbekistan, Vanuatu, Venezuela, Viet Nam, British Virgin Islands, Yemen, Zambia, Zimbabwe, Montenegro, Serbia, South Sudan , CuraÃ§ao, Sint Maarten (Dutch Part)",10/31/2025,"The WSA Young Innovators Award is an open call for digital solutions, applications, projects, or products driving positive change, created by young people under the age of 26 from all UN and UNESCO member states.","Businesses, Companies and Enterprises, Startups, Entrepreneurs, Individuals, Students, Information Technology, Sustainable Development, Youth &amp; Adolescents",https://wsa-global.org/wsa_categories/wsa-young-innovators/
Brain Awareness Week Grants 2026,Grant,"Algeria, American Samoa, Angola, Argentina, Australia, Bangladesh, Benin, Bolivia, Botswana, Brazil, Brunei, Burkina Faso, Burundi, Cambodia, Cameroon, Canada, Cape Verde, Central African Republic, Chad, Chile, China, Colombia, Comoros, Congo (Brazzaville), Congo DR, Cook Islands, Costa Rica, Cote DIvoire (Ivory Coast), Cuba, Djibouti, Dominican Republic, Ecuador, Egypt, El Salvador, Equatorial Guinea, Eritrea, Ethiopia, Fiji, French Polynesia, Gabon, Gambia, Ghana, Guam, Guatemala, Guinea, Guinea-Bissau, Honduras, Hong Kong SAR, India, Indonesia, Japan, Kenya, Kiribati, South Korea, North Korea, Laos, Lesotho, Liberia, Libya, Macau, Madagascar, Malawi, Malaysia, Maldives, Mali, Marshall Islands, Mauritania, Mauritius, Mayotte, Mexico, Micronesia Federated States Of, Mongolia, Morocco, Mozambique, Burma(Myanmar), Namibia, Nauru, Nepal, New Caledonia, New Zealand, Nicaragua, Niger, Nigeria, Niue, Northern Mariana Islands, Pakistan, Palau, Panama, Papua New Guinea, Paraguay, Peru, Philippines, Puerto Rico, Reunion, Russia, Rwanda, Saint Helena, Samoa, Sao Tome And Principe, Senegal, Seychelles, Sierra Leone, Singapore, Solomon Islands, Somalia, South Africa, Sri Lanka, Sudan, Swaziland, Taiwan, Tanzania, Thailand, Togo, Tokelau, Tonga, Tunisia, Tuvalu, Uganda, United States, Uruguay, Vanuatu, Venezuela, Viet Nam, Wallis And Futuna, Western Sahara, Zambia, Zimbabwe, South Sudan",10/31/2025,"The Brain Awareness Week is a global campaign dedicated to inspiring public interest and support for brain science, showcasing how advancements in neuroscience impact everyday life.","Education, Health, Research, Science",https://ibro.org/grant/brain-awareness-week-grants/
Open Call for Early-Career Fellowship Program,Fellowship,All Countries,10/31/2025,"The Open Notebook offers a paid, part-time Fellowship Program for early-career science journalists.","Community Engagement, Career Development, Journalists, Journalism, Science",https://www.theopennotebook.com/early-career-fellowship-program/
Call for Solutions: Cross Border Jobs Startup Competition,Events,All Countries,10/31/2025,The Cross Border Jobs Startup Competition seeks to identify and support bold startups shaping the future of labour mobility for Africans.,"Businesses, Companies and Enterprises, Startups, Employment &amp; Labor",https://jobtechalliance.com/call-for-solutions-cross-border-jobs-startup-competition/
Nominations open for Diana Award,"Awards, Prizes and Challenges",All Countries,10/31/2025,Entries are now open for the Diana Award to celebrate young people who are driving positive change in their communities through sustained social action and leadership.,"Community Development, Education, Climate Change, Health, Mental Health &amp; Crisis Support, Youth, Leadership, LGBTQ, Poverty Alleviation, Sustainable Development, Youth &amp; Adolescents",https://diana-award.org.uk/our-programmes-and-initiatives/award-and-development/about-the-award/diana-award-nomination-centre
Gender Reveal Trans POC Grant Program,Grant,All Countries,10/31/2025,"Several grants of up to $1000 are being awarded to support community, art, and organizing projects led by trans people of color.","Arts &amp; Culture, Community Development, LGBTQ, People of Color",https://www.genderpodcast.com/grant
Outcomes Accelerator: Forests and Nature Project (Cohort 4),Training,"Afghanistan, Albania, Algeria, Angola, Argentina, Armenia, Azerbaijan, Bangladesh, Belarus, Belize, Benin, Bhutan, Bolivia, Bosnia And Herzegovina, Botswana, Brazil, Burkina Faso, Burundi, Cambodia, Cameroon, Cape Verde, Central African Republic, Chad, China, Colombia, Comoros, Congo (Brazzaville), Congo DR, Costa Rica, Cote DIvoire (Ivory Coast), Cuba, Djibouti, Dominica, Dominican Republic, Ecuador, Egypt, El Salvador, Equatorial Guinea, Eritrea, Ethiopia, Fiji, Gabon, Gambia, Georgia, Ghana, Grenada, Guatemala, Guinea, Guinea-Bissau, Guyana, Haiti, Honduras, India, Indonesia, Iran, Iraq, Jamaica, Jordan, Kazakhstan, Kenya, Kiribati, North Korea, Kyrgyzstan, Laos, Lebanon, Lesotho, Liberia, Libya, Macedonia, Madagascar, Malawi, Malaysia, Maldives, Mali, Marshall Islands, Mauritania, Mauritius, Mexico, Micronesia Federated States Of, Moldova Republic Of, Mongolia, Montserrat, Morocco, Mozambique, Burma(Myanmar), Namibia, Nauru, Nepal, Nicaragua, Niger, Nigeria, Niue, Pakistan, Palau, Panama, Papua New Guinea, Paraguay, Peru, Philippines, Rwanda, Saint Helena, Saint Lucia, Saint Vincent And The Grenadines, Samoa, Sao Tome And Principe, Senegal, Sierra Leone, Solomon Islands, Somalia, South Africa, Sri Lanka, Sudan, Suriname, Swaziland, Syria, Tajikistan, Tanzania, Thailand, East Timor (Timor-Leste), Togo, Tokelau, Tonga, Tunisia, Turkey, Turkmenistan, Tuvalu, Uganda, Ukraine, Uzbekistan, Vanuatu, Venezuela, Viet Nam, Wallis And Futuna, Yemen, Zambia, Zimbabwe, Montenegro, Serbia, Kosovo, South Sudan",10/31/2025,"The Outcomes Accelerator has launched its fourth call for proposals, inviting innovative initiatives to scale outcomes-based financing (OBF) approaches in support of forest protection, restoration, and sustainable land use.","Environment, Land Conservation, Sustainable Development",https://outcomesaccelerator.org/pipeline-acceleration-opportunities/
Entries open for Fine and Country Foundation Grant Program,Grant,All Countries,10/31/2025,The Fine &amp; Country Foundation runs a biannual grant programme supporting charities that combat homelessness and poverty worldwide.,"Community Development, Homelessness, Poverty Alleviation, Sustainable Development",https://www.fineandcountryfoundation.com/grants/
AI by HER: Global Impact Challenge,"Awards, Prizes and Challenges",All Countries,10/31/2025,"The AI by HER Global Impact Challenge, set to culminate at the India-AI Impact Summit in February 2026 in New Delhi, invites women technologists worldwide to showcase artificial intelligence solutions addressing real-world challenges across critical sectors, offering funding, mentorship, and global exposure to accelerate inclusive innovation.","Agriculture Food &amp; Nutrition, Businesses, Companies and Enterprises, Startups, Education, Climate Change, Health care, Women and Girls, Artificial Intelligence, Cyber Security, Women &amp; Gender",https://impact.indiaai.gov.in/events/ai-by-her
Open Call: AI for All Global Impact Challenge,"Awards, Prizes and Challenges",All Countries,10/31/2025,"The AI for All Global Impact Challenge invites students, professionals, researchers, and companies worldwide to propose pilot-ready AI solutions addressing critical needs across sectors to deliver inclusive and scalable impact with support through mentorship, funding, and global visibility.","Agriculture Food &amp; Nutrition, Businesses, Companies and Enterprises, Urban Development, Economic Development, Education, Climate Change, Health care, Researchers, Students, Artificial Intelligence, Manufacturing",https://impact.indiaai.gov.in/events/ai-for-all
UNFCCC-UNU Early Career Climate Fellowship Programme,Fellowship,"Afghanistan, Albania, Algeria, Angola, Antigua and Barbuda, Argentina, Armenia, Azerbaijan, Bahamas, Bahrain, Bangladesh, Belarus, Belize, Benin, Bhutan, Bolivia, Bosnia And Herzegovina, Botswana, Brazil, Bulgaria, Burkina Faso, Burundi, Cameroon, Cape Verde, Central African Republic, Chad, Chile, China, Colombia, Comoros, Congo (Brazzaville), Congo DR, Costa Rica, Cote DIvoire (Ivory Coast), Croatia, Djibouti, Dominica, Dominican Republic, Ecuador, Egypt, El Salvador, Equatorial Guinea, Eritrea, Estonia, Ethiopia, Fiji, Gabon, Gambia, Georgia, Ghana, Grenada, Guatemala, Guinea, Guinea-Bissau, Guyana, Haiti, Honduras, Hungary, India, Indonesia, Iran, Iraq, Jamaica, Jordan, Kazakhstan, Kenya, Kiribati, Kuwait, Kyrgyzstan, Laos, Latvia, Lebanon, Lesotho, Liberia, Libya, Lithuania, Macedonia, Madagascar, Malawi, Malaysia, Maldives, Mali, Marshall Islands, Mauritania, Mauritius, Mexico, Micronesia Federated States Of, Moldova Republic Of, Mongolia, Morocco, Mozambique, Burma(Myanmar), Namibia, Nauru, Nepal, Nicaragua, Niger, Nigeria, Oman, Pakistan, Palau, Panama, Papua New Guinea, Paraguay, Peru, Philippines, Poland, Qatar, Romania, Russia, Rwanda, Saint Kitts And Nevis, Saint Lucia, Saint Vincent And The Grenadines, Samoa, Sao Tome And Principe, Saudi Arabia, Senegal, Seychelles, Sierra Leone, Solomon Islands, Somalia, South Africa, Sri Lanka, Sudan, Suriname, Swaziland, Syria, Tajikistan, Tanzania, Thailand, East Timor (Timor-Leste), Togo, Tonga, Trinidad And Tobago, Tunisia, Turkey, Turkmenistan, Tuvalu, Uganda, Ukraine, United Arab Emirates, Uruguay, Uzbekistan, Vanuatu, Venezuela, Viet Nam, Yemen, Zambia, Zimbabwe, Montenegro, Kosovo",10/31/2025,The UNFCCC – UNU Early Career Climate Fellowship Programme offers young people from developing countries a unique opportunity to start their career at the interface between international climate policy development and research.,"Learning, Career Development, Climate Change, Women and Girls, Youth, Innovation, Research, Youth &amp; Adolescents",https://unu.edu/vie/our-work/partnerships-and-outreach/unfccc-unu-early-career-climate-fellowship-programme
RFAs: SCOSTEP Visiting Scholar (SVS) Program,Events,All Countries,10/31/2025,The Scientific Committee on Solar-Terrestrial Physics has announced its SCOSTEP Visiting Scholar (SVS) Program to provide training to graduate students from all countries in established laboratories of solar-terrestrial physics for periods of 1 to 3 months.,"Career Development, Students",https://scostep.org/capacity-building/svs/
Umi Mentorship Program (Africa),Training,"Algeria, Angola, Benin, Botswana, Burkina Faso, Burundi, Cameroon, Cape Verde, Central African Republic, Chad, Comoros, Congo (Brazzaville), Congo DR, Cote DIvoire (Ivory Coast), Djibouti, Egypt, Equatorial Guinea, Eritrea, Ethiopia, Gabon, Gambia, Ghana, Guinea, Guinea-Bissau, Kenya, Lesotho, Liberia, Libya, Madagascar, Malawi, Mali, Mauritania, Mauritius, Mayotte, Morocco, Mozambique, Namibia, Niger, Nigeria, Reunion, Rwanda, Saint Helena, Sao Tome And Principe, Senegal, Seychelles, Sierra Leone, Somalia, South Africa, Sudan, Swaziland, Tanzania, Togo, Tunisia, Uganda, Western Sahara, Zambia, Zimbabwe, South Sudan",10/31/2025,"The Umi for Mothers provides support to mums from Africa with information, connection, and community needed to take care of themselves and their little ones, as well as advance at home, at work and in life.","Community Development, Career Development, Family, Health, Children, Women and Girls",https://umiformothers.com/apply
Entries open for Global Youth Challenge,"Awards, Prizes and Challenges",All Countries,10/31/2025,The AI Impact Summit has announced its Global Youth Challenge to promote AI innovation and an entrepreneurial mindset among youth worldwide.,"Agriculture Food &amp; Nutrition, Business &amp; Industry, Entrepreneurship, Community Development, Infrastructure, Disability, Education, Energy, Individuals, Leaders, Youth, Artificial Intelligence, Innovation, Manufacturing, Sustainable Development, Transportation, Youth &amp; Adolescents",https://impact.indiaai.gov.in/events/yuvai
Apply for the EcoTech Emerge Challenge,"Awards, Prizes and Challenges",All Countries,11/2/2025,"Are you ready to make a real impact on the world? The EcoTech Emerge Challenge is your chance to share innovative ideas that drive the global industry towards a sustainable, net-zero future.","Climate Change, Environment, Students, Artificial Intelligence, Innovation, Technology, Sustainable Development",https://aveva.agorize.com/en/challenges/ecotech-emerge-2025
Cox Cleantech Accelerator Program Spring 2026,Training,All Countries,11/2/2025,"The Cox Cleantech Accelerator, managed by gener8tor in partnership with Cox Cleantech, invests $100,000 into five innovative startups focused on sustainability and climate tech solutions, running bi-annually from January 22nd to May 8th, 2026, and aims to empower founders worldwide to scale impactful cleantech businesses through capital, mentorship, and strategic networks.","Businesses, Companies and Enterprises, Startups, Climate Change, Technology, Sustainable Development",https://www.gener8tor.com/investment-accelerators/cox-cleantech
RFAs: Grant Cycle for Wildlife and Habitat Projects Sequoia Park Zoo 2025,Grant,All Countries,11/3/2025,The Sequoia Park Zoo Advisory Group’s Conservation Council has announced the opening of preproposals for its fourteenth annual Conservation Grant Program.,"Animals &amp; Wildlife, Habitat, Education, Conservation, Research",https://www.redwoodzoo.org/173/Conservation
MAKE Thesis Grant Program,Grant,All Countries,11/4/2025,Applicants are now invited to submit applications for the MAKE Thesis Grant Program to support senior animation students around the globe.,"Arts &amp; Culture, Career Development, Students",https://makevisual.com/thesis-grant-info
Entries open for CIFAR Azrieli Global Scholars Program,Events,All Countries,11/5/2025,"The CIFAR Global Scholars Program offers early-career researchers the opportunity to develop and lead high-risk, high-reward interdisciplinary research, expand their professional networks and receive focused leadership training in their pivotal first years as independent investigators.","Business &amp; Industry, Civil Society Development, , Leaders, PhD Holder, Innovation, Leadership, Research, Humanities, Social Sciences",https://cifar.ca/next-generation/global-scholars/#topskipToContent
Open call: Indigenous Women’s Program Fellowship 2026,Fellowship,All Countries,11/5/2025,The Land is Life invites Indigenous women leaders who are driving change in their communities to apply.,"Capacity Building, Community Development, Democracy &amp; Good Governance, Biodiversity, Climate Change, Conservation, Environment, Natural Resources, Women and Girls, Leadership, Livelihood, Gender Equality, Women &amp; Gender",https://www.landislife.org/indigenous-womens-program-fellowship-8928/
Call for Entries: World Food Day Poster Contest,Events,All Countries,11/7/2025,"Join the World Food Day Poster Contest and show them your creativity! Use your skills to show how better foods create a better future - and how together they can build a peaceful, sustainable, prosperous, and food-secure world where everyone has access to a healthy diet.","Food Safety, Community Development, Health, Children, Youth, Peace &amp; Conflict Resolution, Sustainable Development",https://www.fao.org/world-food-day/contest/en/
World Food Day Poster Contest,Events,All Countries,11/7/2025,"Join the World Food Day Poster Contest and show them your creativity! Use your skills to show how better foods create a better future - and how together they can build a peaceful, sustainable, prosperous, and food-secure world where everyone has access to a healthy diet.","Food Safety, Community Development, Health, Children, Youth, Peace &amp; Conflict Resolution, Sustainable Development",https://www.fao.org/world-food-day/contest/en/
European Union Water Operators' Partnerships Programme,Grant,"Afghanistan, Albania, Algeria, Angola, Antigua and Barbuda, Argentina, Armenia, Austria, Azerbaijan, Bangladesh, Barbados, Belarus, Belgium, Belize, Benin, Bhutan, Bolivia, Bosnia And Herzegovina, Botswana, Brazil, Bulgaria, Burkina Faso, Burundi, Cambodia, Cameroon, Cape Verde, Central African Republic, Chad, China, Colombia, Comoros, Congo (Brazzaville), Congo DR, Cook Islands, Costa Rica, Cote DIvoire (Ivory Coast), Croatia, Cuba, Cyprus, Czech Republic, Denmark, Djibouti, Dominica, Dominican Republic, Ecuador, Egypt, El Salvador, Equatorial Guinea, Eritrea, Estonia, Ethiopia, Fiji, Finland, France, Gabon, Gambia, Georgia, Germany, Ghana, Greece, Grenada, Guatemala, Guinea, Guinea-Bissau, Haiti, Honduras, Hungary, India, Indonesia, Iran, Iraq, Ireland, Italy, Jamaica, Jordan, Kazakhstan, Kenya, Kiribati, North Korea, Kyrgyzstan, Laos, Latvia, Lebanon, Lesotho, Liberia, Libya, Lithuania, Luxembourg, Macedonia, Madagascar, Malawi, Malaysia, Maldives, Mali, Malta, Marshall Islands, Mauritania, Mauritius, Mexico, Micronesia Federated States Of, Moldova Republic Of, Mongolia, Montserrat, Morocco, Mozambique, Burma(Myanmar), Namibia, Nauru, Nepal, Netherlands, Niger, Nigeria, Niue, Pakistan, Palau, Palestinian Territories, Panama, Papua New Guinea, Paraguay, Peru, Philippines, Poland, Portugal, Romania, Rwanda, Saint Helena, Saint Kitts And Nevis, Saint Lucia, Saint Vincent And The Grenadines, Samoa, Sao Tome And Principe, Senegal, Sierra Leone, Slovak Republic, Slovenia, Solomon Islands, Somalia, South Africa, Sri Lanka, Sudan, Suriname, Swaziland, Sweden, Syria, Tajikistan, Tanzania, Thailand, East Timor (Timor-Leste), Togo, Tokelau, Tonga, Tunisia, Turkey, Turkmenistan, Tuvalu, Uganda, Ukraine, Uzbekistan, Vanuatu, Venezuela, Viet Nam, Wallis And Futuna, Yemen, Zambia, Zimbabwe, Montenegro, Serbia, Kosovo, South Sudan",11/7/2025,"The European Union Water Operators' Partnerships Programme has entered a new phase, offering a substantial opportunity for water and sanitation operators in eligible European Union partner countries to improve their capacity and performance in line with the Sustainable Development Goals.","Environment, Sustainable Development, Water, Water &amp; Sanitation, Water Management",https://gwopa.unhabitat.org/our-work/our-programmes/eu-wop
Schlumberger Foundation Faculty for the Future New Fellowships 2026-2027,Fellowship,"Afghanistan, Angola, Bangladesh, Belize, Benin, Bhutan, Bolivia, Botswana, Burkina Faso, Burundi, Cambodia, Cameroon, Cape Verde, Central African Republic, Chad, Comoros, Congo (Brazzaville), Congo DR, Cote DIvoire (Ivory Coast), Djibouti, Dominica, El Salvador, Equatorial Guinea, Eritrea, Ethiopia, Fiji, Gabon, Gambia, Ghana, Guatemala, Guinea, Guinea-Bissau, Haiti, Honduras, Iran, Iraq, Jordan, Kenya, Kiribati, Kyrgyzstan, Laos, Lebanon, Lesotho, Liberia, Libya, Madagascar, Malawi, Mali, Marshall Islands, Mauritania, Micronesia Federated States Of, Mozambique, Namibia, Nauru, Nepal, Nicaragua, Niger, Palestinian Territories, Papua New Guinea, Philippines, Rwanda, Sao Tome And Principe, Senegal, Sierra Leone, Solomon Islands, Somalia, Sudan, Suriname, Swaziland, Syria, Tajikistan, Tanzania, East Timor (Timor-Leste), Togo, Tonga, Turkmenistan, Tuvalu, Uganda, Uzbekistan, Vanuatu, Yemen, Zambia, Zimbabwe, South Sudan",11/7/2025,"The Schlumberger Foundation is gearing up to open applications for its distinguished Faculty for the Future fellowships, offering funding for PhD and post-doctoral research to women engineers and scientists from developing and emerging economies.","Education, PhD Holder, Women and Girls, Science, Technology, Women &amp; Gender",https://schlumbergerfoundation.com/applications/
Stanbic GreenTech Accelerator to Empower Youth- and Women-Led Green Enterprises in Uganda,Training,Uganda,11/7/2025,The Stanbic GreenTech Accelerator is a transformative initiative jointly implemented by Stanbic Business Incubator Ltd (SBIL) and the Embassy of France in Uganda to empower youth- and women-led enterprises driving innovation in Uganda’s green economy.,"Agriculture Food &amp; Nutrition, Businesses, Companies and Enterprises, Entrepreneurship, Energy, Natural Resources, Recycling, Sustainable Development, Water, Women &amp; Gender, Youth &amp; Adolescents",https://www.linkedin.com/posts/stanbic-business-incubator_sustainable-renewableenergy-stanbicgreentechaccelerator-activity-7388870737513746433-KXoS?utm_source=share&amp;utm_medium=member_desktop&amp;rcm=ACoAAEsCGl0B8zNEvGStd5QmABKRa6qKphLUiCA
Call for Ideas: Global Innovation Lab for Climate Finance 2026,Training,"Algeria, American Samoa, Angola, Antigua and Barbuda, Argentina, Aruba, Australia, Bahamas, Bangladesh, Barbados, Benin, Bolivia, Botswana, Brazil, Brunei, Burkina Faso, Burundi, Cambodia, Cameroon, Cape Verde, Cayman Islands, Central African Republic, Chad, Chile, China, Colombia, Comoros, Congo (Brazzaville), Congo DR, Cook Islands, Costa Rica, Cote DIvoire (Ivory Coast), Cuba, Djibouti, Dominican Republic, Ecuador, Egypt, El Salvador, Equatorial Guinea, Eritrea, Ethiopia, Fiji, French Polynesia, Gabon, Gambia, Ghana, Grenada, Guadeloupe, Guam, Guatemala, Guinea, Guinea-Bissau, Haiti, Honduras, Hong Kong SAR, India, Indonesia, Jamaica, Japan, Kenya, Kiribati, South Korea, North Korea, Laos, Lesotho, Liberia, Libya, Macau, Madagascar, Malawi, Malaysia, Maldives, Mali, Marshall Islands, Martinique, Mauritania, Mauritius, Mayotte, Mexico, Micronesia Federated States Of, Mongolia, Morocco, Mozambique, Burma(Myanmar), Namibia, Nauru, Nepal, New Caledonia, New Zealand, Nicaragua, Niger, Nigeria, Niue, Northern Mariana Islands, Pakistan, Palau, Panama, Papua New Guinea, Paraguay, Peru, Philippines, Puerto Rico, Reunion, Russia, Rwanda, Saint Helena, Saint Kitts And Nevis, Saint Lucia, Saint Vincent And The Grenadines, Samoa, Sao Tome And Principe, Senegal, Seychelles, Sierra Leone, Singapore, Solomon Islands, Somalia, South Africa, Sri Lanka, Sudan, Swaziland, Taiwan, Tanzania, Thailand, Togo, Tokelau, Tonga, Trinidad And Tobago, Tunisia, Turks And Caicos Islands, Tuvalu, Uganda, Uruguay, Vanuatu, Venezuela, Viet Nam, United States Virgin Islands, Wallis And Futuna, Western Sahara, Zambia, Zimbabwe, Saint BarthÃ©lemy, South Sudan",11/9/2025,The Global Innovation Lab for Climate Finance has launched its 2026 Call for Ideas to select and accelerate eight innovative solutions that can drive private climate investments in emerging markets.,"Accounts and Finance, Agriculture Food &amp; Nutrition, Business &amp; Industry, Climate Change, Sustainable Development",https://www.climatepolicyinitiative.org/press-release/call-for-ideas-the-lab-will-accelerate-8-climate-finance-vehicles-in-2026-with-some-eligible-for-grant-funding/
100x Impact Accelerator Programme 2026/27,Training,All Countries,11/10/2025,"The 100x Impact Accelerator is inviting applications for its 2026/27 cohort, seeking visionary ventures committed to creating transformative social and environmental change on a global scale.","Businesses, Companies and Enterprises, Democracy &amp; Good Governance, Economic Development, Education, Climate Change, Environment, Health, Refugee &amp; Asylum Seekers",https://www.100ximpact.org/how-to-apply
Box Impact Fund,Grant,All Countries,11/10/2025,"The Box.org Impact Fund offers a compelling grant opportunity for nonprofit organisations committed to digital transformation in key areas such as child welfare, crisis response and environmental protection.","Children, Environment, Innovation",https://www.box.org/impact-fund
Entries open for Driving Sustainable Growth Programme,Training,"Ethiopia, Kenya, Uganda",11/10/2025,"The Digital and Green Innovation Action invites bold entrepreneurs with early-stage startups registered in Kenya, Uganda, or Ethiopia who are building digital, green, and circular solutions addressing the strategic focus areas.","Businesses, Companies and Enterprises, Startups, Economic Development, Learning, Energy, Environment, Innovation, Leadership, Marketing, Digital Marketing, Technology, Sustainable Development",https://x.com/GrowthAfrica/status/1984503869292900747/photo/1
Dalai Lama Fellows Program,Events,All Countries,11/12/2025,The Dalai Lama Fellows Program is seeking applications for 15-20 changemakers from around the world.,"Arts &amp; Culture, Education, Environment, Health, Human Rights, Individuals, Innovation, Leadership, Sustainable Development",https://www.dalailamafellows.com/apply#dl-fellowship
Apply for Research-Practice Partnerships: Collaborative Research for Educational Change,Grant,All Countries,11/14/2025,"The Spencer Foundation is accepting proposals for its Research-Practice Partnerships (RPP) program, an initiative designed to foster long-term collaborations between academic researchers and education practitioners.","Education, , Research",https://www.spencer.org/grant_types/research-practice-partnerships
IPA Soft Skills Research Fund,Grant,"Afghanistan, Albania, Algeria, American Samoa, Angola, Argentina, Armenia, Azerbaijan, Bangladesh, Belarus, Belize, Benin, Bhutan, Bolivia, Bosnia And Herzegovina, Botswana, Brazil, Bulgaria, Burkina Faso, Burundi, Cambodia, Cameroon, Cape Verde, Central African Republic, Chad, China, Colombia, Comoros, Congo (Brazzaville), Congo DR, Costa Rica, Cote DIvoire (Ivory Coast), Cuba, Djibouti, Dominica, Dominican Republic, Ecuador, Egypt, El Salvador, Equatorial Guinea, Eritrea, Ethiopia, Fiji, Gabon, Georgia, Ghana, Grenada, Guatemala, Guinea, Guinea-Bissau, Guyana, Haiti, Honduras, India, Indonesia, Iran, Iraq, Jamaica, Jordan, Kazakhstan, Kenya, Kiribati, North Korea, Kyrgyzstan, Laos, Lebanon, Lesotho, Liberia, Libya, Macedonia, Madagascar, Malawi, Malaysia, Maldives, Mali, Marshall Islands, Mauritania, Mauritius, Mexico, Micronesia Federated States Of, Moldova Republic Of, Mongolia, Morocco, Mozambique, Burma(Myanmar), Namibia, Nepal, Nicaragua, Niger, Nigeria, Pakistan, Palau, Palestinian Territories, Papua New Guinea, Paraguay, Peru, Philippines, Russia, Rwanda, Saint Lucia, Saint Vincent And The Grenadines, Samoa, Sao Tome And Principe, Senegal, Sierra Leone, Solomon Islands, Somalia, South Africa, Sri Lanka, Sudan, Suriname, Swaziland, Syria, Tajikistan, Tanzania, Thailand, East Timor (Timor-Leste), Togo, Tonga, Tunisia, Turkey, Turkmenistan, Tuvalu, Uganda, Ukraine, Uzbekistan, Vanuatu, Viet Nam, Yemen, Zambia, Zimbabwe, Montenegro, Serbia, Kosovo, South Sudan",11/14/2025,"The Entrepreneurship and Private Sector Development (EPSD) Program at Innovations for Poverty Action (IPA), with support from the Wellspring Philanthropic Fund has launched a new competitive fund to support rigorous research that explores how soft skills influence entrepreneurship and employment-related outcomes.","Entrepreneurship, Employment &amp; Labor, PhD Holder, Research",https://poverty-action.org/soft-skills-request-for-proposals
Georg Arnhold Senior Fellowship Program,Fellowship,All Countries,11/14/2025,The Georg Eckert Institute (GEI) is pleased to announce the Georg Arnhold Senior Fellowship Program for Education and Sustainable Peace.,"Civil Society Development, Capacity Building, Education, Individuals, Journalists, Leaders, Media, Peace &amp; Conflict Resolution, Research, Sustainable Development",https://www.gei.de/en/institute/career/georg-arnhold-program/application
Beyond Future Art Prize,"Awards, Prizes and Challenges",All Countries,11/15/2025,The Beyond Future Art Prize celebrates artists who explore the intersection of traditional media and AI to imagine responsible and hopeful futures.,"Arts &amp; Culture, Artists, Artificial Intelligence, Innovation, Sustainable Development","https://beyondfuture.art/#:~:text=The%20Prize%20invites%20entries%20from,a%20HK%2433%2C000%20cash%20award."
CFPs: Neuroscience Training Grants Program,Grant,All Countries,11/15/2025,The Neuroscience Training Grants Program provides dedicated funding to support early career neuroscientists from under-resourced regions in covering the costs of attending neuroscience training courses.,"Education, Career Development, , Individuals, Students, Research, Science",https://ibro.org/grant/neuroscience-training-grants/
EU:CD Fellowship Programme,Fellowship,"Afghanistan, Aland Islands, Albania, Algeria, American Samoa, Andorra, Angola, Anguilla, Antarctica, Antigua and Barbuda, Argentina, Armenia, Aruba, Australia, Azerbaijan, Bahamas, Bahrain, Bangladesh, Barbados, Belarus, Belize, Benin, Bermuda, Bhutan, Bolivia, Bosnia And Herzegovina, Botswana, Bouvet Island, Brazil, British Indian Ocean Territory, Brunei, Burkina Faso, Burundi, Cambodia, Cameroon, Canada, Cape Verde, Cayman Islands, Central African Republic, Chad, Chile, China, Christmas Island, Cocos (Keeling) Islands, Colombia, Comoros, Congo (Brazzaville), Congo DR, Cook Islands, Costa Rica, Cote DIvoire (Ivory Coast), Cuba, Djibouti, Dominica, Dominican Republic, Ecuador, Egypt, El Salvador, Equatorial Guinea, Eritrea, Ethiopia, Falkland Islands (Malvinas), Faroe Islands, Fiji, French Guiana, French Polynesia, French Southern Territories, Gabon, Gambia, Georgia, Ghana, Gibraltar, Greenland, Grenada, Guadeloupe, Guam, Guatemala, Guernsey, Guinea, Guinea-Bissau, Guyana, Haiti, Heard Island And Mcdonald Islands, Holy See (Vatican City State), Honduras, Hong Kong SAR, India, Indonesia, Iran, Iraq, Isle Of Man, Israel, Jamaica, Japan, Jersey, Jordan, Kazakhstan, Kenya, Kiribati, South Korea, North Korea, Kuwait, Kyrgyzstan, Laos, Lebanon, Lesotho, Liberia, Libya, Macau, Macedonia, Madagascar, Malawi, Malaysia, Maldives, Mali, Marshall Islands, Martinique, Mauritania, Mauritius, Mayotte, Mexico, Micronesia Federated States Of, Moldova Republic Of, Monaco, Mongolia, Montserrat, Morocco, Mozambique, Burma(Myanmar), Namibia, Nauru, Nepal, Netherlands Antilles, New Caledonia, New Zealand, Nicaragua, Niger, Nigeria, Niue, Norfolk Island, Northern Mariana Islands, Oman, Pakistan, Palau, Palestinian Territories, Panama, Papua New Guinea, Paraguay, Peru, Philippines, Pitcairn, Puerto Rico, Qatar, Reunion, Russia, Rwanda, Saint Helena, Saint Kitts And Nevis, Saint Lucia, Saint Pierre And Miquelon, Saint Vincent And The Grenadines, Samoa, San Marino, Sao Tome And Principe, Saudi Arabia, Senegal, Seychelles, Sierra Leone, Singapore, Solomon Islands, Somalia, South Africa, South Georgia And The South Sandwich Islands, Sri Lanka, Sudan, Suriname, Svalbard And Jan Mayen, Swaziland, Switzerland, Syria, Taiwan, Tajikistan, Tanzania, Thailand, East Timor (Timor-Leste), Togo, Tokelau, Tonga, Trinidad And Tobago, Tunisia, Turkey, Turkmenistan, Turks And Caicos Islands, Tuvalu, Uganda, Ukraine, United Arab Emirates, United Kingdom, United States, United States Minor Outlying Islands, Uruguay, Uzbekistan, Vanuatu, Venezuela, Viet Nam, British Virgin Islands, United States Virgin Islands, Wallis And Futuna, Western Sahara, Yemen, Zambia, Zimbabwe, Montenegro, Saint BarthÃ©lemy, Serbia, Kosovo, South Sudan , CuraÃ§ao, Bonaire Sint Eustatius and Saba, Saint Martin (French Part), Sint Maarten (Dutch Part)",11/16/2025,"The EU Cyber Diplomacy Initiative — EU Cyber Direct is excited to announce the launch of the EU:CD Fellowship 2025/2026, the third edition of this flagship programme.","Capacity Building, Community Development, Democracy &amp; Good Governance, Human Rights, Individuals, Research, Science, Technology",https://eucyberdirect.eu/news/eu-cd-fellowship-open-call-for-applications
MCCH Sustainable Food Challenge 2026,"Awards, Prizes and Challenges",All Countries,11/17/2025,The MCCH Sustainable Food Challenge 2026 is a global initiative aimed at fostering innovative startups and corporations to develop solutions that feed the planet's growing population while significantly reducing greenhouse gas emissions from the food value chain.,"Agriculture Food &amp; Nutrition, Farming, Startups, Manufacturing, Sustainable Development",https://apply.masschallenge.org/en-us/mcch-sustainable-food-challenge-2026
National Geographic Society Grant Program,Grant,All Countries,11/19/2025,The National Geographic Society has announced Grant Program for innovative education projects and research initiatives that foster curiosity and empower learners of all ages to protect and care for the planet.,"Education, Learning, Individuals, Innovation, Research, Sustainable Development",https://www.nationalgeographic.org/society/grants-and-investments/rfp-future-of-learning/
Investing in Civil Society Leadership to End Violence against Women,Grant,"Afghanistan, Albania, Algeria, Angola, Argentina, Armenia, Azerbaijan, Bangladesh, Belarus, Belize, Benin, Bhutan, Bolivia, Bosnia And Herzegovina, Botswana, Brazil, Burkina Faso, Burundi, Cambodia, Cameroon, Cape Verde, Central African Republic, Chad, China, Colombia, Comoros, Congo (Brazzaville), Congo DR, Costa Rica, Cote DIvoire (Ivory Coast), Cuba, Djibouti, Dominica, Dominican Republic, Ecuador, Egypt, El Salvador, Equatorial Guinea, Eritrea, Ethiopia, Fiji, Gabon, Gambia, Georgia, Ghana, Grenada, Guatemala, Guinea, Guinea-Bissau, Guyana, Haiti, Honduras, India, Indonesia, Iran, Iraq, Jamaica, Jordan, Kazakhstan, Kenya, Kiribati, North Korea, Kyrgyzstan, Laos, Lebanon, Lesotho, Liberia, Libya, Macedonia, Madagascar, Malawi, Malaysia, Maldives, Mali, Marshall Islands, Mauritania, Mauritius, Mexico, Micronesia Federated States Of, Moldova Republic Of, Mongolia, Montserrat, Morocco, Mozambique, Burma(Myanmar), Namibia, Nauru, Nepal, Nicaragua, Niger, Nigeria, Niue, Pakistan, Palau, Palestinian Territories, Panama, Papua New Guinea, Paraguay, Peru, Philippines, Rwanda, Saint Helena, Saint Lucia, Saint Vincent And The Grenadines, Samoa, Sao Tome And Principe, Senegal, Sierra Leone, Solomon Islands, Somalia, South Africa, Sri Lanka, Sudan, Suriname, Swaziland, Syria, Tajikistan, Tanzania, Thailand, East Timor (Timor-Leste), Togo, Tokelau, Tonga, Tunisia, Turkey, Turkmenistan, Tuvalu, Uganda, Ukraine, Uzbekistan, Vanuatu, Venezuela, Viet Nam, Wallis And Futuna, Yemen, Zambia, Zimbabwe, Montenegro, Serbia, Kosovo, South Sudan",11/19/2025,"The UN Trust Fund has launched a new Call for Proposals to provide four-year grants, offering both core and flexible funds, to civil society organizations working to end violence against women and girls.","Civil Society Development, Leadership, Violence Prevention, Sustainable Development, Women &amp; Gender",https://untf.unwomen.org/en/grant-giving/call-for-proposals
Entries open for Wellcome Career Development Awards,"Awards, Prizes and Challenges","Afghanistan, Albania, Algeria, American Samoa, Angola, Argentina, Armenia, Azerbaijan, Bangladesh, Belarus, Belize, Benin, Bhutan, Bolivia, Bosnia And Herzegovina, Botswana, Brazil, Bulgaria, Burkina Faso, Burundi, Cambodia, Cameroon, Cape Verde, Central African Republic, Chad, Colombia, Comoros, Congo (Brazzaville), Congo DR, Costa Rica, Cote DIvoire (Ivory Coast), Cuba, Djibouti, Dominica, Dominican Republic, Ecuador, Egypt, El Salvador, Equatorial Guinea, Eritrea, Ethiopia, Fiji, Gabon, Gambia, Georgia, Ghana, Grenada, Guatemala, Guinea, Guinea-Bissau, Guyana, Haiti, Honduras, Indonesia, Iran, Iraq, Ireland, Jamaica, Jordan, Kazakhstan, Kenya, Kiribati, North Korea, Kyrgyzstan, Laos, Lebanon, Lesotho, Liberia, Libya, Macedonia, Madagascar, Malawi, Malaysia, Maldives, Mali, Marshall Islands, Mauritania, Mauritius, Mexico, Micronesia Federated States Of, Moldova Republic Of, Mongolia, Morocco, Mozambique, Burma(Myanmar), Namibia, Nepal, Nicaragua, Niger, Nigeria, Pakistan, Palestinian Territories, Panama, Papua New Guinea, Paraguay, Peru, Philippines, Romania, Russia, Rwanda, Saint Lucia, Saint Vincent And The Grenadines, Samoa, Sao Tome And Principe, Senegal, Sierra Leone, Solomon Islands, Somalia, South Africa, Sri Lanka, Sudan, Suriname, Swaziland, Syria, Tajikistan, Tanzania, Thailand, East Timor (Timor-Leste), Togo, Tonga, Tunisia, Turkey, Turkmenistan, Tuvalu, Uganda, Ukraine, United Kingdom, Uzbekistan, Vanuatu, Venezuela, Viet Nam, Yemen, Zambia, Zimbabwe, Montenegro, Serbia, Kosovo, South Sudan",11/20/2025,Applications are now open for the Wellcome Career Development Awards to provide funding for mid-career researchers from any discipline who have the potential to be international research leaders.,"Career Development, Health, Leaders, Researchers, Innovation, Leadership, Research",https://wellcome.org/research-funding/schemes/wellcome-career-development-awards
"Call for EOIs: WASH, Climate Action and Environment Programme (Uganda)",Grant,Uganda,11/20/2025,"The United Nations International Children’s Emergency Fund Uganda has launched an initiative to enhance water, sanitation, hygiene (WASH), and environmental sustainability across the Central Region.","Children, Climate Change, Environment, Health &amp; Hygeine, Sustainable Development, Sanitation, Water",https://www.unpartnerportal.org/landing/opportunities/
EquityTech Fellowship for Empowering Inclusive Tech Innovation,Fellowship,All Countries,11/20/2025,"The Halcyon House EquityTech Fellowship is open to for-profit startups worldwide that leverage technology to increase social and financial inclusion and close equity gaps in education, wealth, and accessibility.","Business &amp; Industry, Startups, Education, Learning, Innovation, Technology",https://www.halcyonhouse.org/programs/equitytech-fellowship-2026/
RFAs: Balancing Water Distribution System Flow Capacity and Water Quality for Fire and Natural Disasters,Grant,All Countries,11/20/2025,The Water Research Foundation is offering a significant opportunity to advance understanding of how emergency flow requirements for fire protection and other natural disasters influence drinking water quality.,"Rural Development, Urban Development, Infrastructure, Health, Disaster Preparedness, Researchers, Research, Water",https://portal.waterrf.org/outbound-grant-details/72
Data Centers Program: Understanding Economic Considerations and Opportunities for Water and Wastewater Utilities,Grant,All Countries,11/20/2025,"The Water Research Foundation is launching a new opportunity to help water utilities better understand and manage the growing demands of data centers, one of the fastest-expanding and most water-intensive industries in the world.","Community Development, Infrastructure, Economic Development, Energy, Individuals, Research, Technology, Water",https://portal.waterrf.org/outbound-grant-details/78
CFPs: Eliminating Barriers to Entry Water Utilities as Community Partners for Career Pipelines,Grant,All Countries,11/20/2025,The Water Research Foundation is launching a new project to explore innovative approaches for building stronger workforce pipelines in the water industry through partnerships with community-based organizations and training programs.,"Community Development, Researchers, Innovation, Research, Water",https://portal.waterrf.org/outbound-grant-details/80
"Call for EOIs: Framework for Assessing Alternative Water Systems - Economic, Environmental, and Social Aspects",Grant,All Countries,11/20/2025,"The Water Research Foundation is inviting proposals for a project aimed at developing a standardized framework to evaluate the economic, environmental, and social costs and benefits of alternative water systems.","Democracy &amp; Good Governance, Education, Environment, Health, Individuals, Research, Water",https://portal.waterrf.org/outbound-grant-details/79
Public Humanities Fellowship Program,Fellowship,All Countries,11/21/2025,"Apply now for the Public Humanities Fellowship and join a thriving community of scholars, practitioners and leading thinkers who are committed to reimagining how humanities research engages with the world.","Art History and Preservation, Arts &amp; Culture, Languages, Literature, Museums, Visual Arts, Politics, Education, Individuals, Innovation, Journalism, Religion, Research, Humanities",https://www.sas.ac.uk/research-engagement/fellowships/public-humanities-fellowship
M Ventures Business Model Track Program (Cohort 1),Grant,"Ethiopia, Kenya, Rwanda, Tanzania, Uganda",11/21/2025,"M Ventures is an innovative enterprise support initiative by the UN Sanitation and Hygiene Fund (SHF) under its Capital M initiative, implemented by Bopinc, created to help menstrual health enterprises overcome market barriers and unlock their full commercial and impact potential.","Businesses, Companies and Enterprises, Learning, Health, Innovation, Marketing",https://www.menstrualventures.org/
Open Call for M Ventures Product Innovation Track (Cohort 2),Grant,"Ethiopia, Kenya, Rwanda, Tanzania, Uganda",11/21/2025,"M Ventures is an innovative enterprise support initiative by the UN Sanitation and Hygiene Fund (SHF) under its Capital M initiative, implemented by Bopinc, designed to support menstrual health enterprises to overcome market barriers and unlock their full commercial and impact potential.","Business &amp; Industry, Learning, Health, Innovation, Marketing, Research, Sanitation",https://www.menstrualventures.org/
D-Prize Global Challenge,Grant,All Countries,11/23/2025,The D-Prize offers a unique opportunity for changemakers to create lasting impact by launching new social ventures focused on expanding access to proven solutions in low- and middle-income countries.,"Community Development, Education, Energy, Health, Livelihood, Poverty Alleviation, Sustainable Development, Water",https://d-prize.org/
COLLABORATE Grant Program Supporting Ageing Adults Living with Rare Diseases,Grant,All Countries,11/23/2025,"Pfizer and the CanAge are collaborating to offer a new grant opportunity seeking grant proposals for programs to support initiatives that enhance education and collaboration in healthcare, particularly focusing on ageing adults living with rare diseases.","Adult Education, Education, Dental Care, Diseases, Health care, Medical and Ancillary Services, Older Adults or Senior Citizens",https://cdn.pfizer.com/pfizercom/2025-10/2025RDGlobalCanAgeRDinAdultsIME.pdf?VersionId=jh_u.WErDLN6WoCiP8Urd.T_ZwXnuy7m
Innovate for Tomorrow Impact Accelerator 2025,Training,All Countries,11/25/2025,"The Innovate For Tomorrow Impact Accelerator 2025, Dubai Holding’s flagship scale-up programme, is designed to empower innovators to unlock a better and more sustainable future through circular economy innovation across the UAE’s most vital sectors.","Business &amp; Industry, Economic Development, Environment, Innovation, Sustainable Development",https://innovate-for-tomorrow.dubaiholding.com/
Open Call for Exploration Co-Lab Edges of Possibility,Grant,All Countries,11/25/2025,The Exploration Co-Lab Edges of Possibility open call invites visionary innovators and creative thinkers to share ideas that challenge conventional boundaries and reimagine what’s possible for the planet and its people.,"Learning, Environment, Individuals, Innovation",https://unearthodox.org/2025/10/exploration-co-lab-2026-cohort-edges-of-possibility/
Projects to support to address Marine Pollution and Waste Management Challenges,Grant,"Afghanistan, Albania, Algeria, Angola, Argentina, Armenia, Azerbaijan, Bangladesh, Belarus, Belize, Benin, Bhutan, Bolivia, Bosnia And Herzegovina, Botswana, Brazil, Burkina Faso, Burundi, Cambodia, Cameroon, Cape Verde, Central African Republic, Chad, China, Colombia, Comoros, Congo (Brazzaville), Congo DR, Costa Rica, Cote DIvoire (Ivory Coast), Cuba, Djibouti, Dominica, Dominican Republic, Ecuador, Egypt, El Salvador, Equatorial Guinea, Eritrea, Ethiopia, Fiji, Gabon, Gambia, Georgia, Ghana, Grenada, Guatemala, Guinea, Guinea-Bissau, Guyana, Haiti, Honduras, India, Indonesia, Iran, Iraq, Jamaica, Jordan, Kazakhstan, Kenya, Kiribati, North Korea, Kyrgyzstan, Laos, Lebanon, Lesotho, Liberia, Libya, Macedonia, Madagascar, Malawi, Malaysia, Maldives, Mali, Marshall Islands, Mauritania, Mauritius, Mexico, Micronesia Federated States Of, Moldova Republic Of, Mongolia, Montserrat, Morocco, Mozambique, Burma(Myanmar), Namibia, Nauru, Nepal, Nicaragua, Niger, Nigeria, Niue, Pakistan, Palau, Palestinian Territories, Panama, Papua New Guinea, Paraguay, Peru, Philippines, Rwanda, Saint Helena, Saint Lucia, Saint Vincent And The Grenadines, Samoa, Sao Tome And Principe, Senegal, Sierra Leone, Solomon Islands, Somalia, South Africa, Sri Lanka, Sudan, Suriname, Swaziland, Syria, Tajikistan, Tanzania, Thailand, East Timor (Timor-Leste), Togo, Tokelau, Tonga, Tunisia, Turkey, Turkmenistan, Tuvalu, Uganda, Ukraine, Uzbekistan, Vanuatu, Venezuela, Viet Nam, Wallis And Futuna, Yemen, Zambia, Zimbabwe, Montenegro, Serbia, Kosovo, South Sudan",11/26/2025,"The Caribbean Biodiversity Fund (CBF) has opened its Second Call for Proposals under the Advancing Circular Economy (ACE) Facility, inviting projects that apply circular economy principles to address marine pollution and waste management challenges across the insular Caribbean.","Marine, Community Engagement, Biodiversity, Environment, Recycling",https://caribbeanbiodiversityfund.org/call-for-proposal/advancing-circular-economy-ace-facilitys-second-call-for-proposals/
Open Call for Social Policy and Social Protection Programme in Uganda,Grant,Uganda,11/26/2025,The United Nations International Children’s Emergency Fund is inviting expressions of interest from national and international civil society organizations to support the advancement of child-sensitive social policy and social protection initiatives in the Central Region of Uganda.,"Children, Civil Society Development, Democracy &amp; Good Governance, Social Service",https://www.unpartnerportal.org/landing/opportunities/
Apply for Global Development Fellowship Programme,Fellowship,"Afghanistan, Algeria, Angola, Bangladesh, Benin, Bhutan, Bolivia, Burkina Faso, Burundi, Cambodia, Cameroon, Cape Verde, Central African Republic, Chad, Comoros, Congo (Brazzaville), Congo DR, Cote DIvoire (Ivory Coast), Djibouti, Egypt, Eritrea, Ethiopia, Gambia, Ghana, Guinea, Guinea-Bissau, Haiti, Honduras, India, Iran, Jordan, Kenya, Kiribati, North Korea, Kyrgyzstan, Laos, Lebanon, Lesotho, Liberia, Madagascar, Malawi, Mali, Mauritania, Micronesia Federated States Of, Mongolia, Morocco, Mozambique, Burma(Myanmar), Nepal, Nicaragua, Niger, Nigeria, Pakistan, Papua New Guinea, Philippines, Rwanda, Samoa, Sao Tome And Principe, Senegal, Sierra Leone, Solomon Islands, Somalia, Sri Lanka, Sudan, Swaziland, Syria, Tajikistan, Tanzania, East Timor (Timor-Leste), Togo, Tokelau, Tunisia, Tuvalu, Uganda, Ukraine, Uzbekistan, Vanuatu, Viet Nam, Yemen, Zambia, Zimbabwe, South Sudan",11/28/2025,"The Global Development Fellowship Programme provides support to high impact, short term placements for PhD students from Least Developed and Lower Middle-Income Countries, to spend time at Imperial College London.","Capacity Building, , Students, Research, Science",https://www.imperial.ac.uk/imperial-global-development-lab/global-development-fellowship/
"""Discover Your Path"" Program",Events,All Countries,11/30/2025,"The Misk Foundation is pleased to announce its ""Discover Your Path"" Program to start your career path the right way by learning to discover yourself, your capabilities, your skills and which career path fits you the most in the local job market.","Learning, Career Development, Individuals, Students, Teachers, Marketing",https://hub.misk.org.sa/programs/skills/discover-your-path/
Misk Career Essentials Program,Events,All Countries,11/30/2025,The Misk Career Essentials Program has launched a second season of the successful series that focuses on preparing young people to enter the job market with confidence and skill.,"Languages, Career Development, Individuals, Marketing, Youth &amp; Adolescents",https://hub.misk.org.sa/programs/skills/misk-career-essentials-program/
Entries open for Ran and Ginny Fiennes Award,"Awards, Prizes and Challenges",All Countries,11/30/2025,"The Ran and Ginny Fiennes Award supports humanitarian, scientific or educational projects which follow in the Transglobe Expedition’s tradition of challenge and perseverance.","Education, Humanitarian Relief, Individuals, Innovation, Science, Tourism &amp; Travel",https://www.rgs.org/exploration/grants/expedition-grants/ran-and-ginny-fiennes-award
“SPOTLIGHT TAIWAN” Project,Grant,All Countries,11/30/2025,The Taiwan’s Ministry of Culture has launched a call for proposals for the 2026 “Spotlight Taiwan” Project.,"Art History and Preservation, Arts &amp; Culture, Exhibition, Literature, Performing Arts, Visual Arts, Community Development, Technology",https://www.taiwanembassy.org/bn_en/post/10396.html
Open Call for Climate Democracy Accelerator Program,Training,All Countries,11/30/2025,The Climate Democracy Accelerator (CDA) by People Powered offers a unique opportunity for governments and civil society organizations to design inclusive and participatory climate action programs.,"Agriculture Food &amp; Nutrition, Democracy &amp; Good Governance, Climate Change, Energy, Environment, Sustainable Development",https://www.peoplepowered.org/climate-democracy-accelerator
"Share Your Adoption Journey - Inspire Hope, Build Awareness",Events,All Countries,11/30/2025,"The Central Adoption Resource Authority (CARA), in collaboration with MyGov, invites adoptees, adoptive parents, and prospective adoptive parents from across the globe to share their personal stories, reflections, and memorable moments from their adoption journey.","Children, Family, Individuals, Storytelling",https://www.mygov.in/task/share-your-adoption-journey-inspire-hope-build-awareness/
African Leadership and Management Training Programme (Cohort-5),Training,"Benin, Burkina Faso, Congo DR, Niger, Nigeria, Sierra Leone, Tanzania, Togo, Uganda",11/30/2025,"The ALAMIME consortium has announced an opportunity for officers working in Malaria programmes to enhance their leadership, analytical and evidence-based decision-making capacities through the Certificate in Leadership, Management and Governance for Malaria Eradication.","Capacity Building, Democracy &amp; Good Governance, Individuals, Leadership, Science",https://alamime.musph.ac.ug/call-for-applications-cohort-5
Arteche Open Innovation Challenges,"Awards, Prizes and Challenges",All Countries,11/30/2025,"Arteche has announced an Open Innovation Call inviting innovative solutions to accelerate the transformation of the energy sector through technology, digitalization, and sustainability.","Infrastructure, Energy, Cyber Security, Innovation, Technology, Sustainable Development",https://bacceleratortower.com/en/arteche-open-innovation-challenge/
Entries open for the Global Schools Prize,"Awards, Prizes and Challenges",All Countries,11/30/2025,The Global Schools Prize seeks to recognise and celebrate exceptional schools from around the world – institutions that are re-imagining what’s possible in education.,"Children, Education, Learning, Artificial Intelligence",https://globalteacherprize.org/pages/global-schools-prize
Creating Opportunities for Youth and Women in Africa,Grant,"Angola, Benin, Botswana, Burundi, Cameroon, Cape Verde, Central African Republic, Chad, Comoros, Congo (Brazzaville), Congo DR, Cote DIvoire (Ivory Coast), Djibouti, Egypt, Equatorial Guinea, Eritrea, Ethiopia, Gabon, Gambia, Ghana, Guinea, Guinea-Bissau, Kenya, Lesotho, Liberia, Libya, Madagascar, Malawi, Mauritius, Mozambique, Namibia, Nigeria, Rwanda, Sao Tome And Principe, Senegal, Seychelles, Sierra Leone, Somalia, South Africa, Sudan, Swaziland, Togo, Tunisia, Uganda, Zambia, Zimbabwe, South Sudan",11/30/2025,"The African Union Development Agency (AUDA-NEPAD) has launched a call for proposals aimed at supporting initiatives that promote socio-economic inclusion, transformative leadership, and gender equality across Africa.","Businesses, Companies and Enterprises, Civil Society Development, Politics, Economic Development, Reproductive Health &amp; Family Planning, Leadership, Sexual Abuse, Violence Prevention, Gender Equality, Women &amp; Gender, Youth &amp; Adolescents",https://www.nepad.org/tenders/call-proposal-invitation-sub-delegation-s-creating-opportunities-youth-and-women-africa
Millennium Fellowship Program,Fellowship,All Countries,11/30/2025,The United Nations Academic Impact and MCN proudly present the Millennium Fellowship Program for undergraduates committed to advancing social impact and the Sustainable Development Goals.,"Students, Sustainable Development",https://www.millenniumfellows.org/apply
GSV Cup 50 2026,Events,All Countries,11/30/2025,The GSV Cup serves as a global stage for recognizing and accelerating the world’s most promising pre-Series A startups in digital learning and workforce skills.,"Businesses, Companies and Enterprises, Startups, Learning, Innovation, Technology",https://www.asugsvsummit.com/gsv-cup
Early-Career Scientific Research Grants Program,Grant,All Countries,12/1/2025,"The Association for the Advancement of Blood and Biotherapies Foundation’s Early-Career Scientific Research Grants Program offers early-stage investigators funding for original, investigator-initiated research in blood banking, transfusion medicine, and biotherapies.","Career Development, Diseases, , PhD Holder, Research, Science",https://www.aabb.org/foundation/early-career-scientific-research-grants-program
Research Grants for Innovation in Financial Risks and ERM,Grant,All Countries,12/1/2025,"The International Actuarial Association has announced a new research grant to support original research that advances developments and innovations in financial risks, investments, and enterprise risk management.","Accounts and Finance, Businesses, Companies and Enterprises, Learning, Climate Change, Individuals, Artificial Intelligence, Innovation, Research",https://actuaries.org/app/uploads/2025/07/IAA_AFIRERM_Section_Research_Grants_Final.pdf?fbclid=IwY2xjawL30g5leHRuA2FlbQIxMABicmlkETFZTmg3dVZDWmh1WnFqWlRvAR7JhYwwIejXMLX01OfRed6DYqb7-EB8EOMgJ6n7bHIMs8Bp8dZZ5PUcB-eNEQ_aem_lK1v5XiTiRGnJion2HnAPw
Entries open for House of No Waste Competition,Events,All Countries,12/1/2025,"The House of No Waste Competition (HØW) calls upon aspiring young architects, landscape architects, building and structural engineers, planners, builders, material and environmental scientists, product designers, and built environment professionals to engage in a global competition that tackles pressing issues of the circular economy, Resource Nexus and waste management in the built environment.","Environment, Recycling, , Individuals, Youth, Innovation, Sustainable Development",https://houseofnowaste.org/
Apply for Marie Sklodowska-Curie COFUND Program,Events,All Countries,12/1/2025,"The Marie Sklodowska-Curie COFUND Program invites Postdoctoral Researchers of any nationality to academic and non-academic research organizations in Türkiye, with the goal of enhancing their career development.","Career Development, Researchers, Research",https://tubitak.gov.tr/tr/duyuru/marie-sklodowska-curie-cofund-programi-kapsaminda-cocirculation3-2025-yili-cagrisi-acildi
Open Call: 10th Grant Cycle of International Trans Fund,Grant,All Countries,12/1/2025,"The International Trans Fund (ITF) has opened its 10th grant cycle, inviting applications from trans-led grassroots organizations across the world that are working to strengthen community resilience, leadership, and collective action.","Community Development, Leadership, LGBTQ",https://www.transfund.org/our-grants/apply-for-a-grant/
Forest Restoration and Community Conservation in Eastern Uganda and Karamoja,Grant,Uganda,12/1/2025,"The Italian Agency for Development Cooperation (AICS) has opened a call for proposals for its initiative titled “Restoration, Improved Management and Conservation of High-Value Forests, and Community Support for Preservation and Increased Tree Cover” in Eastern Uganda and the Napak District of Karamoja.","Economic Development, Conservation, Environment, Livelihood, Sustainable Development",https://aics.portaleamministrazionetrasparente.it/archivio97_concessione-contributi_0_194_952_1.html
FREE STEM Fund,Grant,"Afghanistan, Algeria, Angola, Argentina, Bangladesh, Benin, Bhutan, Bolivia, Botswana, Brazil, Brunei, Burkina Faso, Burundi, Cambodia, Cameroon, Cape Verde, Central African Republic, Chad, Chile, China, Colombia, Comoros, Congo (Brazzaville), Congo DR, Costa Rica, Cote DIvoire (Ivory Coast), Cuba, Djibouti, Dominican Republic, Ecuador, Egypt, El Salvador, Equatorial Guinea, Eritrea, Ethiopia, Gabon, Gambia, Ghana, Guatemala, Guinea, Guinea-Bissau, Honduras, India, Indonesia, Japan, Kazakhstan, Kenya, South Korea, North Korea, Kyrgyzstan, Laos, Lesotho, Liberia, Libya, Madagascar, Malawi, Malaysia, Maldives, Mali, Mauritania, Mauritius, Mayotte, Mexico, Mongolia, Morocco, Mozambique, Burma(Myanmar), Namibia, Nepal, Nicaragua, Niger, Nigeria, Oman, Pakistan, Panama, Paraguay, Peru, Philippines, Puerto Rico, Qatar, Reunion, Russia, Rwanda, Saint Helena, Sao Tome And Principe, Senegal, Seychelles, Sierra Leone, Singapore, Somalia, South Africa, Sri Lanka, Sudan, Swaziland, Tajikistan, Tanzania, Thailand, East Timor (Timor-Leste), Togo, Tunisia, Turkey, Turkmenistan, Uganda, Uruguay, Uzbekistan, Venezuela, Viet Nam, Western Sahara, Zambia, Zimbabwe, South Sudan",12/1/2025,"The FREE STEM Fund presents an important opportunity for organisations and groups dedicated to advancing gender equity within science, technology, engineering and mathematics.","Rural Development, Urban Development, Disability, Black, Indigenous Communities, LGBTQ, People of Color, Migration, Refugee &amp; Asylum Seekers, Science, Technology, Gender Equality, Women &amp; Gender",https://www.thefreestemfund.org/
AI for Financial Resilience Program,Grant,"Angola, Antigua and Barbuda, Argentina, Aruba, Bahamas, Barbados, Benin, Bolivia, Botswana, Brazil, Burkina Faso, Burundi, Cameroon, Cape Verde, Cayman Islands, Central African Republic, Chad, Chile, Colombia, Comoros, Congo (Brazzaville), Congo DR, Costa Rica, Cote DIvoire (Ivory Coast), Cuba, Djibouti, Dominican Republic, Ecuador, El Salvador, Equatorial Guinea, Eritrea, Ethiopia, Gabon, Gambia, Ghana, Grenada, Guadeloupe, Guatemala, Guinea, Guinea-Bissau, Haiti, Honduras, Jamaica, Kenya, Lesotho, Liberia, Madagascar, Malawi, Mali, Martinique, Mauritania, Mauritius, Mexico, Mozambique, Namibia, Nicaragua, Niger, Nigeria, Panama, Paraguay, Peru, Puerto Rico, Reunion, Rwanda, Saint Kitts And Nevis, Saint Lucia, Saint Vincent And The Grenadines, Sao Tome And Principe, Senegal, Seychelles, Sierra Leone, Somalia, South Africa, Sudan, Swaziland, Tanzania, Togo, Trinidad And Tobago, Turks And Caicos Islands, Uganda, Uruguay, Venezuela, United States Virgin Islands, Western Sahara, Zambia, Zimbabwe, Saint BarthÃ©lemy",12/1/2025,"The Mercy Corps Ventures has launched its AI for Financial Resilience Program to leverage emerging technologies like artificial intelligence and blockchain to expand financial inclusion, build climate resilience, and strengthen economic stability for unbanked and underbanked populations across emerging markets.","Accounts and Finance, Business &amp; Industry, Learning, Climate Change, Environment, Artificial Intelligence, Innovation",https://www.mercycorpsventures.com/blog/call-for-proposals-ai-for-financial-resilience
Society of Chemical Industry Sustainability Award 2025,"Awards, Prizes and Challenges",All Countries,12/1/2025,"The Society of Chemical Industry (SCI) Sustainability Award recognises outstanding science innovation in industry that leads to measurable improvements in environmental sustainability across products, processes, or business operations.","Businesses, Companies and Enterprises, Climate Change, Environment, Individuals, Sustainable Development",https://www.soci.org/awards/honours/sustainability-award
Nominations open for ADB-RIGHT Training Award,"Awards, Prizes and Challenges","Afghanistan, Albania, Algeria, American Samoa, Angola, Argentina, Armenia, Azerbaijan, Bangladesh, Belarus, Belize, Benin, Bhutan, Bolivia, Bosnia And Herzegovina, Botswana, Brazil, Bulgaria, Burkina Faso, Burundi, Cambodia, Cameroon, Cape Verde, Central African Republic, Chad, China, Colombia, Comoros, Congo (Brazzaville), Congo DR, Costa Rica, Cote DIvoire (Ivory Coast), Cuba, Djibouti, Dominica, Dominican Republic, Ecuador, Egypt, El Salvador, Equatorial Guinea, Eritrea, Ethiopia, Fiji, Gabon, Gambia, Georgia, Ghana, Grenada, Guatemala, Guinea, Guinea-Bissau, Guyana, Haiti, Honduras, India, Indonesia, Iran, Iraq, Jamaica, Jordan, Kazakhstan, Kenya, Kiribati, North Korea, Kyrgyzstan, Laos, Lebanon, Lesotho, Liberia, Libya, Macedonia, Madagascar, Malawi, Malaysia, Maldives, Mali, Marshall Islands, Mauritania, Mauritius, Mexico, Micronesia Federated States Of, Moldova Republic Of, Mongolia, Morocco, Mozambique, Burma(Myanmar), Namibia, Nepal, Nicaragua, Niger, Nigeria, Pakistan, Palau, Palestinian Territories, Papua New Guinea, Paraguay, Peru, Philippines, Russia, Rwanda, Saint Lucia, Saint Vincent And The Grenadines, Samoa, Sao Tome And Principe, Senegal, Sierra Leone, Solomon Islands, Somalia, South Africa, Sri Lanka, Sudan, Suriname, Swaziland, Syria, Tajikistan, Tanzania, Thailand, East Timor (Timor-Leste), Togo, Tonga, Tunisia, Turkey, Turkmenistan, Tuvalu, Uganda, Ukraine, Uzbekistan, Vanuatu, Viet Nam, Yemen, Zambia, Zimbabwe, Montenegro, Serbia, Kosovo, South Sudan",12/1/2025,The RIGHT Foundation is pleased to announce its Training Award (TA) to address critical gaps in global vaccine manufacturing by developing skilled human capital in low- and middle-income countries (LMICs).,"Capacity Building, Health, Individuals, Manufacturing, Technology",https://rightfoundation.kr/en/funding-opportunities/
Big Bets Fellowship Program (Africa),Fellowship,"Algeria, Angola, Benin, Botswana, Burkina Faso, Burundi, Cameroon, Cape Verde, Central African Republic, Chad, Comoros, Congo (Brazzaville), Congo DR, Cote DIvoire (Ivory Coast), Djibouti, Egypt, Equatorial Guinea, Eritrea, Ethiopia, Gabon, Gambia, Ghana, Guinea, Guinea-Bissau, Kenya, Lesotho, Liberia, Libya, Madagascar, Malawi, Mali, Mauritania, Mauritius, Mayotte, Morocco, Mozambique, Namibia, Niger, Nigeria, Reunion, Rwanda, Saint Helena, Sao Tome And Principe, Senegal, Seychelles, Sierra Leone, Somalia, South Africa, Sudan, Swaziland, Tanzania, Togo, Tunisia, Uganda, Western Sahara, Zambia, Zimbabwe, South Sudan",12/1/2025,"The Rockefeller Foundation is inviting applications for its Big Bets Fellowship Program to support emerging leaders who are driving bold, systemic solutions to create a prosperous and sustainable future for underserved communities across Africa.","Food Safety, Entrepreneurship, Community Development, Economic Development, Energy, Public Health, Leaders, Artificial Intelligence, Innovation, Leadership, Marketing, Sustainable Development",https://www.rockefellerfoundation.org/fellowships-convenings/big-bets-fellowships/africa/
Open Call: Japanese-Language Program for Specialists,Training,"Afghanistan, Aland Islands, Albania, Algeria, American Samoa, Andorra, Angola, Anguilla, Antarctica, Antigua and Barbuda, Argentina, Armenia, Aruba, Australia, Austria, Azerbaijan, Bahamas, Bahrain, Bangladesh, Barbados, Belarus, Belgium, Belize, Benin, Bermuda, Bhutan, Bolivia, Bosnia And Herzegovina, Botswana, Bouvet Island, Brazil, British Indian Ocean Territory, Brunei, Bulgaria, Burkina Faso, Burundi, Cambodia, Cameroon, Canada, Cape Verde, Cayman Islands, Central African Republic, Chad, Chile, China, Christmas Island, Cocos (Keeling) Islands, Colombia, Comoros, Congo (Brazzaville), Congo DR, Cook Islands, Costa Rica, Cote DIvoire (Ivory Coast), Croatia, Cuba, Cyprus, Czech Republic, Denmark, Djibouti, Dominica, Dominican Republic, Ecuador, Egypt, El Salvador, Equatorial Guinea, Eritrea, Estonia, Ethiopia, Falkland Islands (Malvinas), Faroe Islands, Fiji, Finland, France, French Guiana, French Polynesia, French Southern Territories, Gabon, Gambia, Georgia, Germany, Ghana, Gibraltar, Greece, Greenland, Grenada, Guadeloupe, Guam, Guatemala, Guernsey, Guinea, Guinea-Bissau, Guyana, Haiti, Heard Island And Mcdonald Islands, Holy See (Vatican City State), Honduras, Hong Kong SAR, Hungary, Iceland, India, Indonesia, Iran, Iraq, Ireland, Isle Of Man, Israel, Italy, Jamaica, Jersey, Jordan, Kazakhstan, Kenya, Kiribati, South Korea, North Korea, Kuwait, Kyrgyzstan, Laos, Latvia, Lebanon, Lesotho, Liberia, Libya, Liechtenstein, Lithuania, Luxembourg, Macau, Macedonia, Madagascar, Malawi, Malaysia, Maldives, Mali, Malta, Marshall Islands, Martinique, Mauritania, Mauritius, Mayotte, Mexico, Micronesia Federated States Of, Moldova Republic Of, Monaco, Mongolia, Montserrat, Morocco, Mozambique, Burma(Myanmar), Namibia, Nauru, Nepal, Netherlands, Netherlands Antilles, New Caledonia, New Zealand, Nicaragua, Niger, Nigeria, Niue, Norfolk Island, Northern Mariana Islands, Norway, Oman, Pakistan, Palau, Palestinian Territories, Panama, Papua New Guinea, Paraguay, Peru, Philippines, Pitcairn, Poland, Portugal, Puerto Rico, Qatar, Reunion, Romania, Russia, Rwanda, Saint Helena, Saint Kitts And Nevis, Saint Lucia, Saint Pierre And Miquelon, Saint Vincent And The Grenadines, Samoa, San Marino, Sao Tome And Principe, Saudi Arabia, Senegal, Seychelles, Sierra Leone, Singapore, Slovak Republic, Slovenia, Solomon Islands, Somalia, South Africa, South Georgia And The South Sandwich Islands, Spain, Sri Lanka, Sudan, Suriname, Svalbard And Jan Mayen, Swaziland, Sweden, Switzerland, Syria, Taiwan, Tajikistan, Tanzania, Thailand, East Timor (Timor-Leste), Togo, Tokelau, Tonga, Trinidad And Tobago, Tunisia, Turkey, Turkmenistan, Turks And Caicos Islands, Tuvalu, Uganda, Ukraine, United Arab Emirates, United Kingdom, United States, United States Minor Outlying Islands, Uruguay, Uzbekistan, Vanuatu, Venezuela, Viet Nam, British Virgin Islands, United States Virgin Islands, Wallis And Futuna, Western Sahara, Yemen, Zambia, Zimbabwe, Montenegro, Saint BarthÃ©lemy, Serbia, Kosovo, South Sudan , CuraÃ§ao, Bonaire Sint Eustatius and Saba, Saint Martin (French Part), Sint Maarten (Dutch Part)",12/2/2025,The Japanese-Language Institute in Kansai offers a specialized training program aimed at professionals who require Japanese-language proficiency to excel in their research and specialized work.,"Education, Researchers, Students, Research",https://www.jpf.go.jp/j/program/japanese.html
The EmpowHER Fund for an HIV Free Future for Women and Girls,Grant,"Kenya, Mozambique, South Africa, Uganda, Zambia",12/2/2025,"The call issued by Aidsfonds presents a significant opportunity for women- and girls-led organisations to advance community-driven HIV-prevention efforts across South Africa, Zambia, Kenya, Uganda and Mozambique.","Community Development, Health, HIV/AIDS, Innovation, Leadership, Women &amp; Gender",https://aidsfonds.org/news-stories/the-empowher-fund-call-for-proposals/
World Fellows Program,Events,"Afghanistan, Aland Islands, Albania, Algeria, American Samoa, Andorra, Angola, Anguilla, Antarctica, Antigua and Barbuda, Argentina, Armenia, Aruba, Australia, Austria, Azerbaijan, Bahamas, Bahrain, Bangladesh, Barbados, Belarus, Belgium, Belize, Benin, Bermuda, Bhutan, Bolivia, Bosnia And Herzegovina, Botswana, Bouvet Island, Brazil, British Indian Ocean Territory, Brunei, Bulgaria, Burkina Faso, Burundi, Cambodia, Cameroon, Canada, Cape Verde, Cayman Islands, Central African Republic, Chad, Chile, China, Christmas Island, Cocos (Keeling) Islands, Colombia, Comoros, Congo (Brazzaville), Congo DR, Cook Islands, Costa Rica, Cote DIvoire (Ivory Coast), Croatia, Cuba, Cyprus, Czech Republic, Denmark, Djibouti, Dominica, Dominican Republic, Ecuador, Egypt, El Salvador, Equatorial Guinea, Eritrea, Estonia, Ethiopia, Falkland Islands (Malvinas), Faroe Islands, Fiji, Finland, France, French Guiana, French Polynesia, French Southern Territories, Gabon, Gambia, Georgia, Germany, Ghana, Gibraltar, Greece, Greenland, Grenada, Guadeloupe, Guam, Guatemala, Guernsey, Guinea, Guinea-Bissau, Guyana, Haiti, Heard Island And Mcdonald Islands, Holy See (Vatican City State), Honduras, Hong Kong SAR, Hungary, Iceland, India, Indonesia, Iran, Iraq, Ireland, Isle Of Man, Israel, Italy, Jamaica, Japan, Jersey, Jordan, Kazakhstan, Kenya, Kiribati, South Korea, North Korea, Kuwait, Kyrgyzstan, Laos, Latvia, Lebanon, Lesotho, Liberia, Libya, Liechtenstein, Lithuania, Luxembourg, Macau, Macedonia, Madagascar, Malawi, Malaysia, Maldives, Mali, Malta, Marshall Islands, Martinique, Mauritania, Mauritius, Mayotte, Mexico, Micronesia Federated States Of, Moldova Republic Of, Monaco, Mongolia, Montserrat, Morocco, Mozambique, Burma(Myanmar), Namibia, Nauru, Nepal, Netherlands, Netherlands Antilles, New Caledonia, New Zealand, Nicaragua, Niger, Nigeria, Niue, Norfolk Island, Northern Mariana Islands, Norway, Oman, Pakistan, Palau, Palestinian Territories, Panama, Papua New Guinea, Paraguay, Peru, Philippines, Pitcairn, Poland, Portugal, Puerto Rico, Qatar, Reunion, Romania, Russia, Rwanda, Saint Helena, Saint Kitts And Nevis, Saint Lucia, Saint Pierre And Miquelon, Saint Vincent And The Grenadines, Samoa, San Marino, Sao Tome And Principe, Saudi Arabia, Senegal, Seychelles, Sierra Leone, Singapore, Slovak Republic, Slovenia, Solomon Islands, Somalia, South Africa, South Georgia And The South Sandwich Islands, Spain, Sri Lanka, Sudan, Suriname, Svalbard And Jan Mayen, Swaziland, Sweden, Switzerland, Syria, Taiwan, Tajikistan, Tanzania, Thailand, East Timor (Timor-Leste), Togo, Tokelau, Tonga, Trinidad And Tobago, Tunisia, Turkey, Turkmenistan, Turks And Caicos Islands, Tuvalu, Uganda, Ukraine, United Arab Emirates, United Kingdom, United States Minor Outlying Islands, Uruguay, Uzbekistan, Vanuatu, Venezuela, Viet Nam, British Virgin Islands, United States Virgin Islands, Wallis And Futuna, Western Sahara, Yemen, Zambia, Zimbabwe, Montenegro, Saint BarthÃ©lemy, Serbia, Kosovo, South Sudan , CuraÃ§ao, Bonaire Sint Eustatius and Saba, Saint Martin (French Part), Sint Maarten (Dutch Part)",12/3/2025,The Yale Jackson School of Global Affairs is currently accepting applications for its World Fellows Program.,"Entrepreneurship, Capacity Building, Career Development, Individuals, Leadership",https://worldfellows.yale.edu/the-program/application/
RFAs: Development of Continuous C-Peptide Monitoring Technologies Grant Program,Grant,All Countries,12/4/2025,The Breakthrough T1D invites applications to develop continuous C-peptide monitoring (CCPM) technologies.,"Researchers, Innovation, Research, Technology, Sustainable Development",https://www.breakthrought1d.org/wp-content/uploads/2025/10/CCPM_RFA_Call_Document.pdf
CFPs: Strengthening the Science-Policy-Society Interface in Ocean Science,Events,All Countries,12/5/2025,"The UN Decade of Ocean Science for Sustainable Development 2021-2030 (‘Ocean Decade’) enters its second half, the new Call for Decade Actions No. 10 is open to initiatives that enhance the science-policy-society nexus, translating scientific evidence into policies for sustainable ocean management and community well-being.","Community Development, Ocean Conservation, Innovation, Leadership, Science, Sustainable Development",https://oceandecade.org/news/new-call-for-decade-actions-no-10-2025-strengthening-the-science-policy-society-interface-in-ocean-science/
Startupbootcamp BOLD2 Food and AgriTech Accelerator Program,Training,All Countries,12/7/2025,"Startupbootcamp BOLD2 Food &amp; AgriTech is a 3-month hybrid accelerator program starting January 2026 in Amsterdam designed for passionate early-stage founders with game-changing solutions in food and agriculture, aiming to accelerate startups and drive positive change by providing knowledge, connections, and opportunities.","Agriculture Food &amp; Nutrition, Farming, Business &amp; Industry, Businesses, Companies and Enterprises, Technology, Sustainable Development",https://www.startupbootcamp.org/food-and-agritech-3
Open Call: AACR June L. Biedler Prize for Cancer Journalism,"Awards, Prizes and Challenges",All Countries,12/8/2025,Applications are now open for the AACR June L. Biedler Prize to recognize and showcase outstanding examples of cancer journalism by individual professional journalists.,"Education, Cancer, Journalists, Journalism, Media, Research",https://www.aacr.org/about-the-aacr/newsroom/the-aacr-june-l-biedler-prize-for-cancer-journalism/
Join Now: Hello CleanTech 3.0 Programme,Events,All Countries,12/10/2025,"The opportunity at hand lies in engaging with the Hello CleanTech 3.0 Startup Challenge, a programme designed to help start-ups and innovators in clean technology gain traction. Participants can join a platform that connects them with industry partners, investors and corporates, creating pathways to market for promising solutions.","Business &amp; Industry, Startups, Innovation, Technology, Sustainable Development",https://www.hellocleantech.com/
Entries open for ABTA Basic Research Fellowship Program,Fellowship,All Countries,12/10/2025,"The American Brain Tumor Association is seeking applications for its ABTA Basic Research Fellowship Program to support both established and new scientists in discovering more about the causes, effects, diagnosis, and treatment of brain tumors.","Career Development, Diseases, , Leaders, PhD Holder, Researchers, Innovation, Research, Science",https://www.abta.org/basic-research-fellowships/
Open Call: The African Reproductive Justice Litigation Fund,Grant,"Benin, Cote DIvoire (Ivory Coast), Kenya, Madagascar, Malawi, Nigeria, Senegal, Uganda, Zimbabwe",12/12/2025,"The Ahaki Foundation is offering a transformative funding opportunity through its LIRA Fund, aimed at advancing reproductive justice across Africa.","Capacity Building, Reproductive Health &amp; Family Planning, Human Rights, Social Justice",https://www.afyanahaki.org/wp-content/uploads/2025/11/Eng_Call-for-proposals_African-RJ-litigation-Fund-2026-Edition.pdf
Amujae Initiative Flagship Program,Events,"Algeria, Angola, Benin, Burkina Faso, Burundi, Cape Verde, Central African Republic, Chad, Comoros, Congo (Brazzaville), Djibouti, Equatorial Guinea, Eritrea, Gabon, Guinea-Bissau, Libya, Madagascar, Mali, Mauritania, Mauritius, Morocco, Mozambique, Niger, Senegal, Seychelles, Somalia, Sudan, Swaziland, Togo, Uganda, Western Sahara",12/12/2025,"The Amujae Initiative Flagship Program provides support that inspires and equips Africa’s most talented women, enabling them to rise unapologetically into the highest levels of public leadership and lift others along with them.","Community Development, Leaders, Women and Girls, Leadership, Women &amp; Gender",https://ejscenter.org/amujae-initiative-2025/
Nominations open for MIT Climate and Energy Prize,"Awards, Prizes and Challenges",All Countries,12/14/2025,The MIT Climate &amp; Energy Prize competition seeks to move the world closer to net zero carbon emissions by empowering ambitious entrepreneurs to solve the world’s most difficult climate-related challenges.,"Agriculture Food &amp; Nutrition, Business &amp; Industry, Entrepreneurship, Climate Change, Energy, Environment, Sustainable Development",https://cep.mit.edu/
Open Call for Home-Grown Solutions Agribusiness Accelerator Program,Training,"Burundi, Comoros, Congo DR, Djibouti, Egypt, Eritrea, Ethiopia, Kenya, Libya, Madagascar, Malawi, Mauritius, Rwanda, Seychelles, Somalia, Sudan, Swaziland, Tunisia, Uganda, Zambia, Zimbabwe",12/14/2025,The Home-Grown Solutions Agribusiness Accelerator is a COMESA regional initiative designed to strengthen growth-stage agribusinesses that offer scalable and impact-driven solutions across Africa’s agricultural value chain.,"Agriculture Food &amp; Nutrition, Food Safety, Businesses, Companies and Enterprises, Startups, Climate Change, Innovation, Sustainable Development, Women &amp; Gender, Youth &amp; Adolescents",https://auda-nepad.e4impactkenya.org/
World Sustainability Award,"Awards, Prizes and Challenges",All Countries,12/15/2025,The World Sustainability Award (WSA) honors individuals who have made groundbreaking contributions to sustainability research.,"Researchers, Research, Sustainable Development",https://mdpi-foundation.org/award
Mobility Grants Programme,Grant,"Angola, Austria, Belgium, Benin, Botswana, Bulgaria, Burkina Faso, Burundi, Cameroon, Cape Verde, Central African Republic, Chad, Comoros, Congo (Brazzaville), Congo DR, Cote DIvoire (Ivory Coast), Croatia, Cyprus, Czech Republic, Denmark, Djibouti, Equatorial Guinea, Eritrea, Estonia, Ethiopia, Finland, France, Gabon, Gambia, Germany, Ghana, Greece, Guinea, Guinea-Bissau, Hungary, Ireland, Italy, Kenya, Latvia, Lesotho, Liberia, Lithuania, Luxembourg, Madagascar, Malawi, Mali, Malta, Mauritania, Mauritius, Mozambique, Namibia, Netherlands, Niger, Nigeria, Poland, Portugal, Reunion, Romania, Rwanda, Sao Tome And Principe, Senegal, Seychelles, Sierra Leone, Slovak Republic, Slovenia, Somalia, South Africa, Spain, Sudan, Swaziland, Sweden, Tanzania, Togo, Uganda, Western Sahara, Zambia, Zimbabwe",12/15/2025,"The Goethe-Institut is accepting applications for its Mobility Grants Programme for African and European artists to collaborate, co-create, and exchange knowledge across borders.","Art History and Preservation, Arts &amp; Culture, Filmmaking and Entertainment, Literature, Media, Music, Performing Arts, Visual Arts, Capacity Building, Architecture and Planning, Disability, Career Development, Artists, Women &amp; Gender, Youth &amp; Adolescents",https://www.goethe.de/prj/aep/en/cal.html
Call for Concept Notes: Global Framework on Chemicals Fund,Grant,"Afghanistan, Albania, Algeria, American Samoa, Angola, Anguilla, Antigua and Barbuda, Argentina, Armenia, Aruba, Azerbaijan, Bahamas, Bahrain, Bangladesh, Barbados, Belarus, Belize, Benin, Bermuda, Bhutan, Bolivia, Bosnia And Herzegovina, Botswana, Brazil, Brunei, Burkina Faso, Burundi, Cambodia, Cameroon, Cape Verde, Cayman Islands, Central African Republic, Chad, Chile, China, Colombia, Comoros, Congo (Brazzaville), Congo DR, Cook Islands, Costa Rica, Cote DIvoire (Ivory Coast), Cuba, Djibouti, Dominica, Dominican Republic, Ecuador, Egypt, El Salvador, Equatorial Guinea, Eritrea, Ethiopia, Fiji, French Polynesia, Gabon, Gambia, Georgia, Ghana, Grenada, Guadeloupe, Guam, Guatemala, Guinea, Guinea-Bissau, Guyana, Haiti, Honduras, Hong Kong SAR, India, Indonesia, Iran, Iraq, Israel, Jamaica, Jordan, Kazakhstan, Kenya, Kiribati, North Korea, Kuwait, Kyrgyzstan, Laos, Lebanon, Lesotho, Liberia, Libya, Macedonia, Madagascar, Malawi, Malaysia, Maldives, Mali, Marshall Islands, Martinique, Mauritania, Mauritius, Mexico, Micronesia Federated States Of, Moldova Republic Of, Mongolia, Montserrat, Morocco, Mozambique, Burma(Myanmar), Namibia, Nauru, Nepal, New Caledonia, Nicaragua, Niger, Nigeria, Niue, Oman, Pakistan, Palau, Palestinian Territories, Panama, Papua New Guinea, Paraguay, Peru, Philippines, Puerto Rico, Qatar, Russia, Rwanda, Saint Kitts And Nevis, Saint Lucia, Saint Vincent And The Grenadines, Samoa, Sao Tome And Principe, Saudi Arabia, Senegal, Seychelles, Sierra Leone, Singapore, Solomon Islands, Somalia, South Africa, Sri Lanka, Sudan, Suriname, Swaziland, Syria, Taiwan, Tajikistan, Tanzania, Thailand, East Timor (Timor-Leste), Togo, Tonga, Trinidad And Tobago, Tunisia, Turkey, Turkmenistan, Turks And Caicos Islands, Tuvalu, Uganda, Ukraine, United Arab Emirates, Uruguay, Uzbekistan, Vanuatu, Venezuela, Viet Nam, British Virgin Islands, United States Virgin Islands, Yemen, Zambia, Zimbabwe, Montenegro, Serbia, South Sudan , CuraÃ§ao, Sint Maarten (Dutch Part)",12/15/2025,The Global Framework on Chemicals Fund (GFC Fund) offers an important opportunity for governments and civil society networks to access financial support for projects that promote the safe and sustainable management of chemicals and waste.,"Agriculture Food &amp; Nutrition, Construction, Labor Conditions, Environment, Health, Sustainable Development",https://www.unep.org/global-framework-chemicals/gfc-fund/applying-funding
Small Research Grants on Education Program,Grant,All Countries,12/15/2025,"The Spencer Foundation has launched its Small Research Grants on Education Program to support education research projects that will contribute to the improvement of education, broadly conceived for projects ranging from one to five years.","Education, , Students, Research",https://www.spencer.org/grant_types/small-research-grant
"RFAs: Re-establishment of Wildlife Corridor in Iriri Community Area, Napak District (Uganda)",Grant,Uganda,12/15/2025,"The Italian Agency for Development Cooperation (AICS) has launched a new initiative to enhance the sustainable contribution of Uganda’s forest resources to national economic growth and global environmental goals, including efforts to combat climate change and biodiversity loss.","Animals &amp; Wildlife, Economic Development, Biodiversity, Climate Change, Environment, Sustainable Development",https://aics.portaleamministrazionetrasparente.it/archivio97_concessione-contributi_0_198_952_1.html
Apply for SCOR Visiting Scholars Program,Events,"Afghanistan, Albania, Algeria, Angola, Antigua and Barbuda, Argentina, Armenia, Azerbaijan, Bahamas, Bangladesh, Barbados, Belarus, Belize, Benin, Bhutan, Bolivia, Bosnia And Herzegovina, Botswana, Brazil, Burkina Faso, Burundi, Cambodia, Cameroon, Cape Verde, Central African Republic, Chad, China, Colombia, Comoros, Congo (Brazzaville), Congo DR, Cook Islands, Cote DIvoire (Ivory Coast), Cuba, Djibouti, Dominica, Dominican Republic, Ecuador, Egypt, El Salvador, Equatorial Guinea, Eritrea, Ethiopia, Fiji, Gabon, Gambia, Georgia, Ghana, Grenada, Guatemala, Guinea, Guinea-Bissau, Guyana, Haiti, Honduras, India, Indonesia, Iran, Iraq, Jamaica, Jordan, Kazakhstan, Kenya, Kiribati, South Korea, Kyrgyzstan, Laos, Lebanon, Lesotho, Liberia, Libya, Macedonia, Madagascar, Malawi, Malaysia, Maldives, Mali, Marshall Islands, Mauritania, Mauritius, Mexico, Micronesia Federated States Of, Moldova Republic Of, Mongolia, Morocco, Mozambique, Burma(Myanmar), Namibia, Nauru, Nepal, Nicaragua, Niger, Nigeria, Niue, Pakistan, Palau, Palestinian Territories, Papua New Guinea, Paraguay, Peru, Philippines, Rwanda, Saint Kitts And Nevis, Samoa, Sao Tome And Principe, Senegal, Seychelles, Sierra Leone, Solomon Islands, Somalia, South Africa, Sri Lanka, Sudan, Suriname, Swaziland, Syria, Tajikistan, Tanzania, Thailand, East Timor (Timor-Leste), Togo, Tonga, Trinidad And Tobago, Tunisia, Turkey, Turkmenistan, Tuvalu, Uganda, Ukraine, Uzbekistan, Vanuatu, Venezuela, Viet Nam, Yemen, Zambia, Zimbabwe, Montenegro, Serbia, Kosovo",12/15/2025,"Applicants are now invited to submit applications for the SCOR Visiting Scholars Program to engage ocean scientists from both developed and developing countries in teaching short courses, as well as offering extended on-site education and mentorship at institutions in developing nations.","Capacity Building, Education, Ocean Conservation, , Individuals, Researchers, Students, Research, Science, Sustainable Development",https://scor-int.org/work/capacity/visiting-scholars/
CatchLight Global Fellowship Program,Fellowship,All Countries,12/15/2025,The CatchLight has launched its Global Fellowship Program for visual storytellers who aim to create meaningful social impact through innovative storytelling and community engagement.,"Arts &amp; Culture, Visual Arts, Community Engagement, Individuals, Leaders, Innovation, Storytelling, Sustainable Development",https://www.catchlight.io/how-to-apply-global-fellowship
4th Cohort of African Youth Ambassadors for Peace (AYAP),Events,"Algeria, Angola, Benin, Botswana, Burkina Faso, Burundi, Cameroon, Cape Verde, Central African Republic, Chad, Comoros, Congo (Brazzaville), Congo DR, Cote DIvoire (Ivory Coast), Djibouti, Egypt, Equatorial Guinea, Eritrea, Ethiopia, Gabon, Gambia, Ghana, Guinea, Guinea-Bissau, Kenya, Lesotho, Liberia, Libya, Madagascar, Malawi, Mali, Mauritania, Mauritius, Mayotte, Morocco, Mozambique, Namibia, Niger, Nigeria, Reunion, Rwanda, Saint Helena, Sao Tome And Principe, Senegal, Seychelles, Sierra Leone, Somalia, South Africa, Sudan, Swaziland, Tanzania, Togo, Tunisia, Uganda, Western Sahara, Zambia, Zimbabwe, South Sudan",12/15/2025,"The African Union has announced the next cohort of African Youth Ambassadors for Peace, an initiative designed to strengthen youth participation in the continent’s peace and security agenda.","Capacity Building, Education, Rehabilitation, Human Rights, Humanitarian Relief, Persons with Disabilities, Women and Girls, Youth, Peace &amp; Conflict Resolution, Sustainable Development, Youth &amp; Adolescents",https://www.peaceau.org/en/article/african-youth-ambassadors-for-peace-ayap-call-for-application-for-the-4th-cohort
The Global Citizen Prize: Cisco Youth Leadership Award,"Awards, Prizes and Challenges","Afghanistan, Aland Islands, Albania, Algeria, American Samoa, Andorra, Angola, Anguilla, Antarctica, Antigua and Barbuda, Argentina, Armenia, Aruba, Australia, Austria, Azerbaijan, Bahamas, Bahrain, Bangladesh, Barbados, Belarus, Belgium, Belize, Benin, Bermuda, Bhutan, Bolivia, Bosnia And Herzegovina, Botswana, Bouvet Island, Brazil, British Indian Ocean Territory, Brunei, Bulgaria, Burkina Faso, Burundi, Cambodia, Cameroon, Canada, Cape Verde, Cayman Islands, Central African Republic, Chad, Chile, China, Christmas Island, Cocos (Keeling) Islands, Colombia, Comoros, Congo (Brazzaville), Congo DR, Cook Islands, Costa Rica, Cote DIvoire (Ivory Coast), Croatia, Cyprus, Czech Republic, Denmark, Djibouti, Dominica, Dominican Republic, Ecuador, Egypt, El Salvador, Equatorial Guinea, Eritrea, Estonia, Ethiopia, Falkland Islands (Malvinas), Faroe Islands, Fiji, Finland, France, French Guiana, French Polynesia, French Southern Territories, Gabon, Gambia, Georgia, Germany, Ghana, Gibraltar, Greece, Greenland, Grenada, Guadeloupe, Guam, Guatemala, Guernsey, Guinea, Guinea-Bissau, Guyana, Haiti, Heard Island And Mcdonald Islands, Holy See (Vatican City State), Honduras, Hong Kong SAR, Hungary, Iceland, India, Indonesia, Iraq, Ireland, Isle Of Man, Israel, Italy, Jamaica, Japan, Jersey, Jordan, Kazakhstan, Kenya, Kiribati, South Korea, Kuwait, Kyrgyzstan, Laos, Latvia, Lebanon, Lesotho, Liberia, Libya, Liechtenstein, Lithuania, Luxembourg, Macau, Macedonia, Madagascar, Malawi, Malaysia, Maldives, Mali, Malta, Marshall Islands, Martinique, Mauritania, Mauritius, Mayotte, Mexico, Micronesia Federated States Of, Moldova Republic Of, Monaco, Mongolia, Montserrat, Morocco, Mozambique, Burma(Myanmar), Namibia, Nauru, Nepal, Netherlands, Netherlands Antilles, New Caledonia, New Zealand, Nicaragua, Niger, Nigeria, Niue, Norfolk Island, Northern Mariana Islands, Norway, Oman, Pakistan, Palau, Palestinian Territories, Panama, Papua New Guinea, Paraguay, Peru, Philippines, Pitcairn, Poland, Portugal, Puerto Rico, Qatar, Reunion, Romania, Rwanda, Saint Helena, Saint Kitts And Nevis, Saint Lucia, Saint Pierre And Miquelon, Saint Vincent And The Grenadines, Samoa, San Marino, Sao Tome And Principe, Saudi Arabia, Senegal, Seychelles, Sierra Leone, Singapore, Slovak Republic, Slovenia, Solomon Islands, Somalia, South Africa, South Georgia And The South Sandwich Islands, Spain, Sri Lanka, Sudan, Suriname, Svalbard And Jan Mayen, Swaziland, Sweden, Switzerland, Syria, Taiwan, Tajikistan, Tanzania, Thailand, East Timor (Timor-Leste), Togo, Tokelau, Tonga, Trinidad And Tobago, Tunisia, Turkey, Turkmenistan, Turks And Caicos Islands, Tuvalu, Uganda, Ukraine, United Arab Emirates, United Kingdom, United States, United States Minor Outlying Islands, Uruguay, Uzbekistan, Vanuatu, Viet Nam, British Virgin Islands, United States Virgin Islands, Wallis And Futuna, Western Sahara, Yemen, Zambia, Zimbabwe, Montenegro, Saint BarthÃ©lemy, Serbia, Kosovo, South Sudan , CuraÃ§ao, Bonaire Sint Eustatius and Saba, Saint Martin (French Part), Sint Maarten (Dutch Part)",12/17/2025,Applications are now open for the Global Citizen Prize: Cisco Youth Leadership Award to recognize an individual aged 18-30 who has contributed meaningfully with technology to help end extreme poverty.,"Community Development, Individuals, Innovation, Leadership, Poverty Alleviation, Technology, Sustainable Development, Youth &amp; Adolescents",https://www.globalcitizen.org/en/prize/youth-leadership/
Russell E. Train Fellowship Program,Fellowship,"Belize, Bhutan, Bolivia, Brazil, Cambodia, Cameroon, Central African Republic, Chile, Colombia, Congo (Brazzaville), Congo DR, Ecuador, Fiji, French Guiana, Gabon, Guatemala, Guyana, Honduras, Indonesia, Kenya, Laos, Madagascar, Malaysia, Mozambique, Burma(Myanmar), Namibia, Nepal, Paraguay, Peru, Suriname, Tanzania, Uganda, Viet Nam, Zambia",12/18/2025,"The World Wildlife Fund is pleased to announce its Russell E. Train Fellowship Program to support current and aspiring university faculty affiliated with or currently employed at African, Asian, Latin American, and Caribbean universities for doctoral degree study in conservation-related fields.","Capacity Building, Education, Climate Change, Conservation, Environment, Indigenous Communities, , Individuals, Leaders, Students, Leadership, Research, Sustainable Development",https://www.worldwildlife.org/projects/russell-e-train-fellowships
Nomination open for Simon Wiesenthal Prize 2025,"Awards, Prizes and Challenges",All Countries,12/19/2025,The National Fund of the Republic of Austria for Victims of National Socialism invites individuals and groups from civil society to submit an entry for the Simon Wiesenthal Prize 2025.,"Children, Civil Society Development, Education, Family, Human Rights, Researchers, Youth &amp; Adolescents",https://www.wiesenthalpreis.at/submissions
Conservation Finance Alliance Incubator Program (Round 4),Training,All Countries,12/20/2025,The CFA Incubator invites applications for its fourth round to support innovators developing practical and scalable conservation finance mechanisms that create lasting benefits for nature and people.,"Accounts and Finance, Business &amp; Industry, Conservation, Environment, Innovation, Sustainable Development",https://www.conservationfinancealliance.org/incubator
SparkUp Initiative Fellowship to Strengthen Women-Led Organizations (Global),Fellowship,"Afghanistan, Algeria, Andorra, Angola, Bangladesh, Benin, Bhutan, Botswana, Brunei, Burkina Faso, Burundi, Cambodia, Cameroon, Cape Verde, Central African Republic, Chad, China, Comoros, Congo (Brazzaville), Congo DR, Cote DIvoire (Ivory Coast), Djibouti, Egypt, Equatorial Guinea, Eritrea, Ethiopia, Gabon, Gambia, Ghana, Guinea, Guinea-Bissau, Holy See (Vatican City State), India, Indonesia, Japan, Kazakhstan, Kenya, South Korea, North Korea, Kyrgyzstan, Laos, Lesotho, Liberia, Libya, Liechtenstein, Madagascar, Malawi, Malaysia, Maldives, Mali, Malta, Mauritania, Mauritius, Mayotte, Monaco, Mongolia, Morocco, Mozambique, Burma(Myanmar), Namibia, Nepal, Niger, Nigeria, Oman, Pakistan, Philippines, Qatar, Reunion, Russia, Rwanda, Saint Helena, San Marino, Sao Tome And Principe, Senegal, Seychelles, Sierra Leone, Singapore, Somalia, South Africa, Sri Lanka, Sudan, Swaziland, Tajikistan, Tanzania, Thailand, East Timor (Timor-Leste), Togo, Tunisia, Turkey, Turkmenistan, Uganda, Uzbekistan, Viet Nam, Western Sahara, Zambia, Zimbabwe, South Sudan",12/20/2025,"The SparkUp Initiative Fellowship is a global capacity-building program designed to equip women-led organizations with the skills, tools and confidence needed to advance their fundraising potential and grow their impact.","Capacity Building, Learning, Women &amp; Gender",https://sparkupinitiative.org/sparkup-initiative-fellowship/
SDSN Youth announces Local Pathways Fellowship Program,Fellowship,All Countries,12/21/2025,"The SDSN Youth has opened applications for the 2026 cycle of the Local Pathways Fellowship (LPF), inviting young urban innovators worldwide to re-imagine and reshape the future of their cities.","Urban Development, Climate Change, Environment, Housing &amp; Shelter, Youth, Innovation, Sustainable Development, Youth &amp; Adolescents",https://localpathways.org/blog/2025/11/27/sdsn-youth-announces-the-2026-local-pathways-fellowship-lpf-program-application-call
Zairi International Award,"Awards, Prizes and Challenges",All Countries,12/27/2025,"Applications are now open for the Zairi International Award to honor higher education institutions creating sustainable impact and addressing global educational challenges through excellence and innovation in areas such as digital transformation, research impact, community service, internationalization, equity, and inclusion.","Community Engagement, Education, Innovation, Research, Sustainable Development",https://cli-cks.com/zairi-international-awards/
HealthPro2 Grants for Vulnerable Populations Facing Food Insecurity,Grant,"Afghanistan, Albania, Algeria, Angola, Antarctica, Armenia, Aruba, Australia, Austria, Azerbaijan, Bangladesh, Belarus, Belgium, Belize, Benin, Bhutan, Bolivia, Bosnia And Herzegovina, Botswana, Bulgaria, Burkina Faso, Burundi, Cambodia, Cameroon, Canada, Cape Verde, Central African Republic, Chad, Chile, Colombia, Comoros, Congo (Brazzaville), Congo DR, Costa Rica, Cote DIvoire (Ivory Coast), Croatia, Cuba, Cyprus, Czech Republic, Denmark, Djibouti, Dominica, Dominican Republic, Ecuador, Egypt, El Salvador, Equatorial Guinea, Eritrea, Estonia, Ethiopia, Fiji, Finland, France, French Polynesia, French Southern Territories, Gabon, Gambia, Georgia, Germany, Ghana, Greece, Greenland, Grenada, Guatemala, Guinea, Guinea-Bissau, Guyana, Haiti, Honduras, Hungary, Iceland, Iran, Iraq, Ireland, Israel, Italy, Jamaica, Japan, Jordan, Kazakhstan, Kenya, Kiribati, North Korea, Kyrgyzstan, Laos, Latvia, Lebanon, Lesotho, Liberia, Libya, Liechtenstein, Lithuania, Luxembourg, Macedonia, Madagascar, Malawi, Malaysia, Maldives, Mali, Malta, Marshall Islands, Mauritania, Mauritius, Mongolia, Montserrat, Morocco, Mozambique, Burma(Myanmar), Namibia, Nauru, Nepal, Netherlands, New Caledonia, New Zealand, Nicaragua, Niger, Nigeria, Niue, Norway, Pakistan, Palestinian Territories, Panama, Papua New Guinea, Paraguay, Peru, Philippines, Poland, Portugal, Romania, Rwanda, Saint Helena, Saint Lucia, Saint Pierre And Miquelon, Saint Vincent And The Grenadines, Samoa, Sao Tome And Principe, Senegal, Sierra Leone, Slovak Republic, Slovenia, Solomon Islands, Somalia, Spain, Sri Lanka, Sudan, Suriname, Swaziland, Sweden, Switzerland, Syria, Tajikistan, Tanzania, Thailand, East Timor (Timor-Leste), Togo, Tokelau, Tonga, Tunisia, Turkey, Turkmenistan, Tuvalu, Uganda, Ukraine, United Kingdom, United States, Uzbekistan, Vanuatu, Venezuela, Wallis And Futuna, Yemen, Zambia, Zimbabwe, Montenegro, Saint BarthÃ©lemy, Serbia, Kosovo, South Sudan , CuraÃ§ao, Bonaire Sint Eustatius and Saba, Saint Martin (French Part)",12/29/2025,The Italian Agency for Development Cooperation is now accepting applications for its HealthPro2 Grant Program.,"Food Safety, Nutrition, Community Development, Health, Health &amp; Hygeine, Health care, Malnutrition, Poverty Alleviation, Refugee &amp; Asylum Seekers, Sustainable Development, Sanitation, Water",https://aics.portaleamministrazionetrasparente.it/archivio97_concessione-contributi_0_193_952_1.html
RFAs: Bobby Anspach Studios Foundation Grant Program,Grant,All Countries,12/30/2025,"The Bobby Anspach Studios Foundation is proud to announce its Bobby Anspach Studios Foundation Grant Program to support artists whose practices expand empathy, nurture connection, and respond to the ecological and social challenges of their time.","Arts &amp; Culture, Arts and Crafts, Media, Performing Arts, Sculpture, Visual Arts, Climate Change, Environment, Artists, Innovation, Sustainable Development",https://www.bas-foundation.com/grants
Reece Foundation Grant Program,Grant,Global,12/31/2025,"Applications are now open for the Reece Foundation Grant Program to support locally led initiatives that help communities in Australia and overseas with access to clean water, sanitation or food security through irrigation.","Agriculture Food & Nutrition, Community Development",https://www.reecefoundation.charity/get-involved
Ethereum Foundation's Small Grants,Grant,Global,12/31/2025,The Ethereum Foundation is excited to announce its call for Small Grants.,"Community Development, Technology",https://esp.ethereum.foundation/applicants/small-grants 
WISE Edtech Accelerator Program,Accelerator,Global,12/31/2025,WISE is now inviting applications for its Edtech Accelerator Program.,"Business & Industry, Startups, Education, Technology",https://www.wise-qatar.org/wise-works/wise-accelerator/ 
SBW Berlin Scholarship Program for International Students,Scholarship,Global,12/31/2025,The SBW Berlin Scholarship Program for International Students supports young people from abroad who are already socially committed and will use the skills they acquire during their studies and thereafter to develop social or non-profit projects at non-profit organizations or social institutions in their home countries.,"Arts & Culture, Education, Career Development, Youth & Adolescents, Science",https://sbw.berlin/en/portfolio-items/sbw-berlin-scholarship
Small Grants to Foster Community Philanthropy,Grant,Global,12/31/2025,The Global Fund for Community Foundations (GFCF) is providing Small Grants aimed at stimulating and support the development of community philanthropy organizations around the world.,Community Development,https://globalfundcommunityfoundations.org/what-we-do/grants/
100+ Accelerator Program for Inclusive Growth,Accelerator,Global,12/31/2025,"Startups from around the world are invited for the 100+ Accelerator Program to create economic prosperity, workplace safety, inclusion and long-term environmental health.","Entrepreneurship, Startups, Employment & Labor, Innovation, Poverty Alleviation, Technology",https://www.100accelerator.com/challenges/inclusive-growth
UNIDO ONE World Sustainability Awards,"Awards, Prizes and Challenges",Global,12/31/2025,The United Nations Industrial Development Organization (UNIDO) is accepting applications for its UNIDO ONE World Sustainability Awards to recognize and promote ground-breaking contributions to sustainable industrial development worldwide.,"Business & Industry, Startups",https://www.unido.org/oneworld-sustainability-awards
AJA Foundation Grant Program,Grant,Global,12/31/2025,"The AJA Foundation accepts Letters of Intent to help those who have done everything society asks of them, yet for whom access to essential resources and the probability for advancement that comes from them remain elusive at best and structurally impossible at worst.","Education, Health Care",https://www.ajafoundation.org/how-to-apply/
Apply for a Purpose Earth Grant and Mentorship Program,Grant,"Afghanistan, Aland Islands, Algeria, American Samoa, Andorra, Angola, Anguilla, Antarctica, Antigua and Barbuda, Argentina, Armenia, Aruba, Australia, Austria, Azerbaijan, Bahamas, Bahrain, Bangladesh, Barbados, Belarus, Belgium, Belize, Benin, Bermuda, Bhutan, Bolivia, Botswana, Bouvet Island, Brazil, British Indian Ocean Territory, Brunei, Burkina Faso, Burundi, Cambodia, Cameroon, Canada, Cape Verde, Cayman Islands, Central African Republic, Chad, Chile, China, Christmas Island, Cocos (Keeling) Islands, Colombia, Comoros, Congo (Brazzaville), Cook Islands, Costa Rica, Cote DIvoire (Ivory Coast), Cuba, Cyprus, Czech Republic, Denmark, Djibouti, Dominica, Dominican Republic, Ecuador, Egypt, El Salvador, Equatorial Guinea, Eritrea, Estonia, Falkland Islands (Malvinas), Faroe Islands, Fiji, Finland, France, French Guiana, French Polynesia, French Southern Territories, Gabon, Gambia, Georgia, Germany, Ghana, Gibraltar, Greece, Greenland, Grenada, Guadeloupe, Guam, Guatemala, Guernsey, Guinea, Guinea-Bissau, Guyana, Haiti, Heard Island And Mcdonald Islands, Holy See (Vatican City State), Honduras, Hong Kong SAR, Hungary, Iceland, India, Indonesia, Ireland, Isle Of Man, Israel, Italy, Jamaica, Japan, Jersey, Jordan, Kazakhstan, Kenya, Kiribati, South Korea, North Korea, Kuwait, Kyrgyzstan, Laos, Latvia, Lebanon, Lesotho, Liberia, Liechtenstein, Lithuania, Luxembourg, Macau, Madagascar, Malawi, Malaysia, Maldives, Malta, Marshall Islands, Martinique, Mauritania, Mauritius, Mayotte, Mexico, Micronesia Federated States Of, Moldova Republic Of, Monaco, Mongolia, Montserrat, Morocco, Mozambique, Namibia, Nauru, Nepal, Netherlands, Netherlands Antilles, New Caledonia, New Zealand, Nicaragua, Niger, Nigeria, Niue, Norfolk Island, Northern Mariana Islands, Norway, Oman, Pakistan, Palau, Panama, Papua New Guinea, Paraguay, Peru, Philippines, Pitcairn, Poland, Portugal, Puerto Rico, Qatar, Reunion, Rwanda, Saint Helena, Saint Kitts And Nevis, Saint Lucia, Saint Pierre And Miquelon, Saint Vincent And The Grenadines, Samoa, San Marino, Sao Tome And Principe, Saudi Arabia, Senegal, Seychelles, Sierra Leone, Singapore, Slovak Republic, Solomon Islands, Somalia, South Africa, South Georgia And The South Sandwich Islands, Spain, Sri Lanka, Suriname, Svalbard And Jan Mayen, Swaziland, Sweden, Switzerland, Taiwan, Tajikistan, Tanzania, Thailand, East Timor (Timor-Leste), Togo, Tokelau, Tonga, Trinidad And Tobago, Tunisia, Turkey, Turkmenistan, Turks And Caicos Islands, Tuvalu, Uganda, United Arab Emirates, United Kingdom, United States, United States Minor Outlying Islands, Uruguay, Uzbekistan, Vanuatu, Viet Nam, British Virgin Islands, United States Virgin Islands, Wallis And Futuna, Western Sahara, Zambia, Zimbabwe, Saint BarthÃ©lemy, CuraÃ§ao, Bonaire Sint Eustatius and Saba, Saint Martin (French Part), Sint Maarten (Dutch Part)",12/31/2025,"Do you have a purpose-driven project ready to launch into motion? If yes, then this Purpose Earth Grant and Mentorship Program is designed for you!","Community Development, Community Engagement, Climate Change, Environment, Individuals",https://www.purposeearth.org/apply-for-a-grant
Grant Project Competition for Financing Feasibility Study Visits in Development Cooperation Projects,Grant,"Algeria, Angola, Armenia, Benin, Botswana, Burkina Faso, Burundi, Cameroon, Cape Verde, Central African Republic, Chad, Comoros, Congo (Brazzaville), Congo DR, Cote DIvoire (Ivory Coast), Djibouti, Egypt, Equatorial Guinea, Eritrea, Ethiopia, Gabon, Gambia, Ghana, Guinea, Guinea-Bissau, Kenya, Kyrgyzstan, Lesotho, Liberia, Libya, Madagascar, Malawi, Mali, Mauritania, Mauritius, Mayotte, Moldova Republic Of, Morocco, Mozambique, Namibia, Niger, Nigeria, Reunion, Rwanda, Saint Helena, Sao Tome And Principe, Senegal, Seychelles, Sierra Leone, Somalia, South Africa, Sudan, Swaziland, Tajikistan, Tanzania, Togo, Tunisia, Uganda, Ukraine, Uzbekistan, Western Sahara, Zambia, Zimbabwe, South Sudan",12/31/2025,"The Ministry of Foreign Affairs of Latvia has announced a new grant competition, “Support to financing of pre-assessment visits for development cooperation projects in recipient countries designated by the Republic of Latvia”.","Businesses, Companies and Enterprises, Economic Development, Education, Climate Change, Peace &amp; Conflict Resolution, Gender Equality",https://www.mfa.gov.lv/en/article/foreign-ministry-launches-grant-competition-pre-assessment-development-cooperation-projects-0
Go-Together Accelerator Programme,Accelerator,"Afghanistan, Albania, Algeria, Andorra, Angola, Antigua and Barbuda, Argentina, Armenia, Australia, Austria, Azerbaijan, Bahamas, Bahrain, Bangladesh, Barbados, Belarus, Belgium, Belize, Benin, Bhutan, Bolivia, Bosnia And Herzegovina, Botswana, Brazil, Brunei, Bulgaria, Burkina Faso, Burundi, Cambodia, Cameroon, Canada, Cape Verde, Central African Republic, Chad, Chile, China, Colombia, Comoros, Congo (Brazzaville), Congo DR, Costa Rica, Cote DIvoire (Ivory Coast), Croatia, Cuba, Cyprus, Czech Republic, Denmark, Djibouti, Dominica, Dominican Republic, Ecuador, Egypt, El Salvador, Equatorial Guinea, Eritrea, Estonia, Ethiopia, Falkland Islands (Malvinas), Finland, France, French Guiana, Gabon, Gambia, Georgia, Germany, Ghana, Greece, Grenada, Guatemala, Guinea, Guinea-Bissau, Guyana, Haiti, Holy See (Vatican City State), Honduras, Hungary, Iceland, India, Indonesia, Iran, Iraq, Ireland, Israel, Italy, Jamaica, Japan, Jordan, Kazakhstan, Kenya, South Korea, North Korea, Kuwait, Kyrgyzstan, Laos, Latvia, Lebanon, Lesotho, Liberia, Libya, Liechtenstein, Lithuania, Luxembourg, Macedonia, Madagascar, Malawi, Malaysia, Maldives, Mali, Malta, Mauritania, Mauritius, Mayotte, Mexico, Moldova Republic Of, Monaco, Mongolia, Morocco, Mozambique, Burma(Myanmar), Namibia, Nepal, Netherlands, New Zealand, Nicaragua, Niger, Nigeria, Norway, Oman, Pakistan, Palestinian Territories, Panama, Paraguay, Peru, Philippines, Poland, Portugal, Qatar, Reunion, Romania, Russia, Rwanda, Saint Helena, Saint Kitts And Nevis, Saint Lucia, Saint Vincent And The Grenadines, San Marino, Sao Tome And Principe, Saudi Arabia, Senegal, Seychelles, Sierra Leone, Singapore, Slovak Republic, Slovenia, Somalia, South Africa, Spain, Sri Lanka, Sudan, Suriname, Swaziland, Sweden, Switzerland, Syria, Tajikistan, Tanzania, Thailand, East Timor (Timor-Leste), Togo, Trinidad And Tobago, Tunisia, Turkey, Turkmenistan, Uganda, Ukraine, United Arab Emirates, United Kingdom, United States, Uruguay, Uzbekistan, Venezuela, Viet Nam, Western Sahara, Yemen, Zambia, Zimbabwe, Montenegro, Kosovo, South Sudan",12/31/2025,"The Go-Together Accelerator Programme has opened applications for EdTech startups, offering early-stage to Series A ventures the opportunity to scale their businesses with expert coaching and international support.","Businesses, Companies and Enterprises, Startups, Education, Technology",https://www.go-together.com/
Grants available for Underreported Stories in Africa,Grant,All Countries,12/31/2025,"The Pulitzer Center is seeking proposals to advance wide-reaching and relevant journalism on issues impacting communities in Africa, including but not limited to water and sanitation, land degradation and coastal erosion, education, maternal health, and climate resilience.","COVID-19, Education, Climate Change, Environment, Health, , , Journalists, Journalism, Media, Storytelling, Water &amp; Sanitation",https://pulitzercenter.org/grants-fellowships/opportunities-journalists/underreported-stories-africa
RFAs: Machine Learning Reporting Grant Program,Grant,All Countries,12/31/2025,"The Pulitzer Center encourages proposals that use advanced data mining techniques, such as machine learning and natural language processing, to solve a data or reporting problem related to a journalistic investigation.","Languages, Learning, Individuals, Journalists, Innovation, Journalism, Storytelling, Technology",https://pulitzercenter.org/grants-fellowships/opportunities-journalists/machine-learning-reporting-grants
"""Our Work/Environment"" Reporting Grant Program",Grant,All Countries,12/31/2025,The Pulitzer Center is now accepting applications for its initiative focused on climate change and its effects on workers and work.,"Employment &amp; Labor, Climate Change, Environment, Journalists, Livelihood, Journalism, Sustainable Development, Women &amp; Gender",https://pulitzercenter.org/grants-fellowships/opportunities-journalists/our-work-environment-grants
Youth4Water Grants Program,Grant,"Afghanistan, Algeria, Angola, Bangladesh, Benin, Bhutan, Botswana, Burkina Faso, Burundi, Cameroon, Cape Verde, Central African Republic, Chad, Comoros, Congo (Brazzaville), Congo DR, Cote DIvoire (Ivory Coast), Djibouti, Egypt, Equatorial Guinea, Eritrea, Ethiopia, Gabon, Gambia, Ghana, Guinea, Guinea-Bissau, India, Iran, Kenya, Lesotho, Liberia, Libya, Madagascar, Malawi, Maldives, Mali, Mauritania, Mauritius, Mayotte, Morocco, Mozambique, Namibia, Nepal, Niger, Nigeria, Pakistan, Reunion, Rwanda, Saint Helena, Sao Tome And Principe, Senegal, Seychelles, Sierra Leone, Somalia, South Africa, Sri Lanka, Sudan, Swaziland, Tanzania, Togo, Tunisia, Uganda, Western Sahara, Zambia, Zimbabwe, South Sudan",12/31/2025,"The Youth4Water Grants program is designed to support young people and youth-led organizations across Africa and South Asia in implementing innovative, community-driven initiatives focused on water.","Community Development, Innovation, Sustainable Development, Water, Water &amp; Sanitation, Youth &amp; Adolescents",https://protectolhealthcare-my.sharepoint.com/:w:/g/personal/irfanpullani_protectolhs_com/EYwFCmizeHFFoaJ5VRf1SpcBfupmrPevLSdarnEvdU3vHQ
FIFA Global Citizen's Education Fund,Grant,All Countries,12/31/2025,"The Global Citizen Education Fund, in partnership with FIFA, is now inviting applications from grassroots and community-based organisations worldwide that aim to expand access to quality education and sports for children in underserved communities.","Children, Education, Sports &amp; Recreation",https://www.globalcitizen.org/en/projects/fifa-global-citizen-education-fund/apply/
Un Decade Youth Task Force Microgrant Program,Grant,"Afghanistan, Albania, Algeria, American Samoa, Andorra, Angola, Anguilla, Antarctica, Antigua and Barbuda, Argentina, Armenia, Aruba, Australia, Austria, Azerbaijan, Bahamas, Bahrain, Bangladesh, Barbados, Belarus, Belgium, Belize, Benin, Bermuda, Bhutan, Bolivia, Bosnia And Herzegovina, Botswana, Bouvet Island, Brazil, British Indian Ocean Territory, Brunei, Bulgaria, Burkina Faso, Burundi, Cambodia, Cameroon, Canada, Cape Verde, Cayman Islands, Central African Republic, Chad, Chile, China, Christmas Island, Cocos (Keeling) Islands, Colombia, Comoros, Congo (Brazzaville), Congo DR, Cook Islands, Costa Rica, Cote DIvoire (Ivory Coast), Croatia, Cuba, Cyprus, Czech Republic, Denmark, Djibouti, Dominica, Dominican Republic, Ecuador, Egypt, El Salvador, Equatorial Guinea, Eritrea, Estonia, Ethiopia, Falkland Islands (Malvinas), Fiji, Finland, France, French Guiana, French Southern Territories, Gabon, Gambia, Georgia, Germany, Ghana, Greece, Grenada, Guadeloupe, Guam, Guatemala, Guinea, Guinea-Bissau, Guyana, Haiti, Heard Island And Mcdonald Islands, Holy See (Vatican City State), Honduras, Hong Kong SAR, Hungary, Iceland, India, Indonesia, Iran, Iraq, Ireland, Italy, Jamaica, Japan, Jordan, Kenya, Kiribati, North Korea, Kuwait, Kyrgyzstan, Laos, Latvia, Lebanon, Lesotho, Liberia, Libya, Liechtenstein, Lithuania, Luxembourg, Macau, Macedonia, Madagascar, Malawi, Malaysia, Maldives, Mali, Malta, Marshall Islands, Martinique, Mauritania, Mauritius, Mayotte, Mexico, Micronesia Federated States Of, Moldova Republic Of, Monaco, Mongolia, Montserrat, Morocco, Mozambique, Burma(Myanmar), Namibia, Nauru, Nepal, Netherlands, Netherlands Antilles, New Caledonia, New Zealand, Nicaragua, Niger, Nigeria, Niue, Norfolk Island, Northern Mariana Islands, Norway, Oman, Pakistan, Palau, Palestinian Territories, Panama, Papua New Guinea, Paraguay, Peru, Philippines, Pitcairn, Poland, Portugal, Puerto Rico, Qatar, Reunion, Romania, Rwanda, Saint Helena, Saint Kitts And Nevis, Saint Lucia, Saint Vincent And The Grenadines, Samoa, San Marino, Sao Tome And Principe, Saudi Arabia, Senegal, Seychelles, Sierra Leone, Slovak Republic, Slovenia, Solomon Islands, Somalia, South Africa, South Georgia And The South Sandwich Islands, Spain, Sri Lanka, Sudan, Suriname, Swaziland, Sweden, Switzerland, Syria, Tajikistan, Tanzania, Thailand, East Timor (Timor-Leste), Togo, Tokelau, Tonga, Trinidad And Tobago, Tunisia, Turkmenistan, Turks And Caicos Islands, Tuvalu, Uganda, Ukraine, United Arab Emirates, United Kingdom, United States, United States Minor Outlying Islands, Uruguay, Uzbekistan, Vanuatu, Venezuela, Viet Nam, British Virgin Islands, United States Virgin Islands, Wallis And Futuna, Western Sahara, Yemen, Zambia, Zimbabwe, Montenegro, Saint BarthÃ©lemy, Kosovo, South Sudan , Saint Martin (French Part)",12/31/2025,The UN Decade Youth Task Force is pleased to announce the 2026 Call for Micro-Grant applications towards ecosystem restoration efforts.,"Community Engagement, Biodiversity, Climate Change, Environment, Rehabilitation, Leadership, Sustainable Development, Water, Youth &amp; Adolescents",https://www.decadeonrestoration.org/events/un-decade-youth-task-force-microgrant-call-applications
Danforth Conservation Grants Program,Grant,All Countries,1/1/2026,"Roger Williams Park Zoo is inviting applications for its Sophie Danforth Conservation Biology Fund, a grant opportunity that supports conservation projects focused on protecting threatened wildlife and habitats around the world.","Animals &amp; Wildlife, Habitat, Education, Biodiversity, Conservation, Environment, Innovation",https://www.rwpzoo.org/danforth-conservation-grants/
Loeb/ArtLab Fellowship Program,Fellowship,All Countries,1/5/2026,"The Loeb/ArtLab Fellowship Program invites applications from urban designers, public artists, developers, journalists, civic leaders, architects, landscape architects, urban planners, policymakers, and community development leaders.","Capacity Building, Environment, Artists, Individuals, Journalists, Leaders, Leadership",https://loebfellowship.gsd.harvard.edu/apply-nominate/
RFPs: Science for Nature and People Partnership Grant Program,Grant,All Countries,1/6/2026,Applicants are now invited to submit applications for the Science for Nature and People Partnership Grant Program to support high-impact collaborative working groups.,"Capacity Building, Conservation, , , Individuals, Research, Science, Sustainable Development",https://awards.snappartnership.net/
AU-EU Youth Action Lab Entrepreneurship Grant Program 2026,Grant,"Ethiopia, Kenya, Mozambique, Nigeria, Senegal, Sierra Leone, Somalia, Tanzania, Tunisia, Uganda, Zambia, Zimbabwe",1/7/2026,The Entrepreneurship Grants present a significant opportunity for youth-led organisations committed to driving social and economic change in their communities.,"Employment &amp; Labor, Livelihood, Youth &amp; Adolescents",https://aueuyouth.com/entrepreneurship-grants/
Seed Award,"Awards, Prizes and Challenges","Afghanistan, Albania, Algeria, Angola, Argentina, Armenia, Azerbaijan, Bangladesh, Belarus, Belize, Benin, Bhutan, Bolivia, Bosnia And Herzegovina, Botswana, Brazil, Burkina Faso, Burundi, Cambodia, Cameroon, Cape Verde, Central African Republic, Chad, China, Colombia, Comoros, Congo (Brazzaville), Congo DR, Costa Rica, Cote DIvoire (Ivory Coast), Cuba, Djibouti, Dominica, Dominican Republic, Ecuador, Egypt, El Salvador, Equatorial Guinea, Eritrea, Ethiopia, Fiji, Gabon, Gambia, Georgia, Ghana, Grenada, Guatemala, Guinea, Guinea-Bissau, Guyana, Haiti, Honduras, India, Indonesia, Iran, Iraq, Jamaica, Jordan, Kazakhstan, Kenya, Kiribati, North Korea, Kyrgyzstan, Laos, Lebanon, Lesotho, Liberia, Libya, Macedonia, Madagascar, Malawi, Malaysia, Maldives, Mali, Marshall Islands, Mauritania, Mauritius, Mexico, Micronesia Federated States Of, Moldova Republic Of, Mongolia, Montserrat, Morocco, Mozambique, Burma(Myanmar), Namibia, Nauru, Nepal, Nicaragua, Niger, Nigeria, Niue, Pakistan, Palau, Palestinian Territories, Panama, Papua New Guinea, Paraguay, Peru, Philippines, Rwanda, Saint Helena, Saint Lucia, Saint Vincent And The Grenadines, Samoa, Sao Tome And Principe, Senegal, Sierra Leone, Solomon Islands, Somalia, South Africa, Sri Lanka, Sudan, Suriname, Swaziland, Syria, Tajikistan, Tanzania, Thailand, East Timor (Timor-Leste), Togo, Tokelau, Tonga, Tunisia, Turkey, Turkmenistan, Tuvalu, Uganda, Ukraine, Uzbekistan, Vanuatu, Venezuela, Viet Nam, Wallis And Futuna, Yemen, Zambia, Zimbabwe, Montenegro, Serbia, Kosovo, South Sudan",1/8/2026,"Applications are now open for the Seed Award to support emerging artists and cultural practitioners that add a new wave of ideas, perspectives and energy to the force of culture.","Arts &amp; Culture, Civil Society Development, Community Development, Politics, Energy, Environment, Artists, Individuals, Innovation, Sustainable Development",https://princeclausfund.nl/awards-and-programmes/seed-award/2026-call-for-applications
Fellowship for Advancing Science Journalism in Africa and the Middle East,Fellowship,"Algeria, Angola, Bahrain, Benin, Botswana, Burkina Faso, Burundi, Cameroon, Cape Verde, Central African Republic, Chad, Comoros, Congo (Brazzaville), Congo DR, Cote DIvoire (Ivory Coast), Djibouti, Egypt, Equatorial Guinea, Eritrea, Ethiopia, Gabon, Gambia, Ghana, Guinea, Guinea-Bissau, Iran, Iraq, Israel, Jordan, Kenya, Kuwait, Lebanon, Lesotho, Liberia, Libya, Madagascar, Malawi, Mali, Mauritania, Mauritius, Mayotte, Morocco, Mozambique, Namibia, Niger, Nigeria, Oman, Palestinian Territories, Qatar, Reunion, Rwanda, Saint Helena, Sao Tome And Principe, Saudi Arabia, Senegal, Seychelles, Sierra Leone, Somalia, South Africa, Sudan, Swaziland, Syria, Tanzania, Togo, Tunisia, Uganda, United Arab Emirates, Western Sahara, Yemen, Zambia, Zimbabwe, South Sudan",1/9/2026,"The Knight Science Journalism program is now accepting applications for its Fellowship for Advancing Science Journalism, designed to support reporters and editors from the region in strengthening their skills and advancing their careers in science journalism.","Career Development, Environment, Health, , , Individuals, Journalists, Journalism, Media, Science",https://ksj.mit.edu/fellowships/africa-middle-east-fellowship/
Knight Science Journalism Academic-Year Fellowship Program,Fellowship,All Countries,1/9/2026,"The Knight Science Journalism Program at MIT provides year-long fellowships to ten science journalists worldwide, allowing them to deepen their expertise in science and technology, refine their journalistic craft and engage with leading research institutions while focusing on a specialized area of interest.","Community Development, Environment, Health, Individuals, Journalists, Researchers, Journalism, Media, Research, Science, Technology",https://ksj.mit.edu/fellowships/academic-year-fellowship/
Open Call for Empower Innovation Challenge,Grant,All Countries,1/11/2026,"The Empower Innovation Challenge offers a transformative opportunity for organizations across Central America to drive economic growth, strengthen small businesses, and expand innovation ecosystems.","Civil Society Development, Innovation",https://www.eiclared.org/cic
Nominations open for the Win Win Gothenburg Sustainability Award 2026,"Awards, Prizes and Challenges",All Countries,1/11/2026,Applications are now open for the Win Win Gothenburg Sustainability Award to honor outstanding and completed sustainability achievements across the world.,"Community Development, Education, Environment, Individuals, Innovation, Peace &amp; Conflict Resolution, Sustainable Development, Gender Equality, Women &amp; Gender, Youth &amp; Adolescents",https://www.winwinaward.org/theme-2026
CLIFF-GRADS Fellowship Programme,Fellowship,"Afghanistan, Albania, Algeria, Angola, Antigua and Barbuda, Argentina, Armenia, Azerbaijan, Bahamas, Bahrain, Bangladesh, Belarus, Belize, Benin, Bhutan, Bolivia, Bosnia And Herzegovina, Botswana, Brazil, Bulgaria, Burkina Faso, Burundi, Cameroon, Cape Verde, Central African Republic, Chad, Chile, China, Colombia, Comoros, Congo (Brazzaville), Congo DR, Costa Rica, Cote DIvoire (Ivory Coast), Croatia, Djibouti, Dominica, Dominican Republic, Ecuador, Egypt, El Salvador, Equatorial Guinea, Eritrea, Estonia, Ethiopia, Fiji, Gabon, Gambia, Georgia, Ghana, Grenada, Guatemala, Guinea, Guinea-Bissau, Guyana, Haiti, Honduras, Hungary, India, Indonesia, Iran, Iraq, Jamaica, Jordan, Kazakhstan, Kenya, Kiribati, Kuwait, Kyrgyzstan, Laos, Latvia, Lebanon, Lesotho, Liberia, Libya, Lithuania, Macedonia, Madagascar, Malawi, Malaysia, Maldives, Mali, Marshall Islands, Mauritania, Mauritius, Mexico, Micronesia Federated States Of, Moldova Republic Of, Mongolia, Morocco, Mozambique, Burma(Myanmar), Namibia, Nauru, Nepal, Nicaragua, Niger, Nigeria, Oman, Pakistan, Palau, Panama, Papua New Guinea, Paraguay, Peru, Philippines, Poland, Qatar, Romania, Russia, Rwanda, Saint Kitts And Nevis, Saint Lucia, Saint Vincent And The Grenadines, Samoa, Sao Tome And Principe, Saudi Arabia, Senegal, Seychelles, Sierra Leone, Solomon Islands, Somalia, South Africa, Sri Lanka, Sudan, Suriname, Swaziland, Syria, Tajikistan, Tanzania, Thailand, East Timor (Timor-Leste), Togo, Tonga, Trinidad And Tobago, Tunisia, Turkey, Turkmenistan, Tuvalu, Uganda, Ukraine, United Arab Emirates, Uruguay, Uzbekistan, Vanuatu, Venezuela, Viet Nam, Yemen, Zambia, Zimbabwe, Montenegro, Kosovo",1/11/2026,"The CLIFF-GRADS Programme invites applications from PhD students from developing countries for short-term scientific training and research on the measurement, modelling, quantification and mitigation of greenhouse gas emissions, or carbon storage in agricultural systems relevant to developing countries.","Agriculture Food &amp; Nutrition, Climate Change, Environment, Students, Research, Sustainable Development",https://globalresearchalliance.org/n/cliff-grads-fellowships-open-for-applications-2/
Melvin Yahr Parkinson’s Disease Clinical Research Award,"Awards, Prizes and Challenges",All Countries,1/12/2026,Entries are now open for the Melvin Yahr Parkinson’s Disease Clinical Research Award to foster clinical research into any aspect of Parkinson’s disease conducted by young investigators who are under-represented in current research.,"Career Development, Diseases, Health, Health care, , , Innovation, Research, Youth &amp; Adolescents",https://www.parkinson.org/advancing-research/for-researchers/award-deadlines
Open Call: ExciteLab Deep Tech Startup Accelerator Program,Training,"Afghanistan, Albania, Algeria, Andorra, Angola, Antigua and Barbuda, Argentina, Armenia, Australia, Austria, Azerbaijan, Bahamas, Bahrain, Bangladesh, Barbados, Belarus, Belgium, Belize, Benin, Bhutan, Bolivia, Bosnia And Herzegovina, Botswana, Brazil, Brunei, Bulgaria, Burkina Faso, Burundi, Cambodia, Cameroon, Canada, Cape Verde, Central African Republic, Chad, Chile, China, Colombia, Comoros, Congo (Brazzaville), Congo DR, Costa Rica, Cote DIvoire (Ivory Coast), Croatia, Cuba, Cyprus, Czech Republic, Denmark, Djibouti, Dominica, Dominican Republic, Ecuador, Egypt, El Salvador, Equatorial Guinea, Eritrea, Estonia, Ethiopia, Falkland Islands (Malvinas), Finland, France, French Guiana, Gabon, Gambia, Georgia, Ghana, Greece, Grenada, Guatemala, Guinea, Guinea-Bissau, Guyana, Haiti, Holy See (Vatican City State), Honduras, Hungary, Iceland, India, Indonesia, Iran, Iraq, Ireland, Israel, Italy, Jamaica, Japan, Jordan, Kazakhstan, Kenya, South Korea, North Korea, Kuwait, Kyrgyzstan, Laos, Latvia, Lebanon, Lesotho, Liberia, Libya, Liechtenstein, Lithuania, Luxembourg, Macedonia, Madagascar, Malawi, Malaysia, Maldives, Mali, Malta, Mauritania, Mauritius, Mayotte, Mexico, Moldova Republic Of, Monaco, Mongolia, Morocco, Mozambique, Burma(Myanmar), Namibia, Nepal, Netherlands, New Zealand, Nicaragua, Niger, Nigeria, Norway, Oman, Pakistan, Palestinian Territories, Panama, Paraguay, Peru, Philippines, Poland, Portugal, Qatar, Reunion, Romania, Russia, Rwanda, Saint Helena, Saint Kitts And Nevis, Saint Lucia, Saint Vincent And The Grenadines, San Marino, Sao Tome And Principe, Saudi Arabia, Senegal, Seychelles, Sierra Leone, Singapore, Slovak Republic, Slovenia, Somalia, South Africa, Spain, Sri Lanka, Sudan, Suriname, Swaziland, Sweden, Switzerland, Syria, Tajikistan, Tanzania, Thailand, East Timor (Timor-Leste), Togo, Trinidad And Tobago, Tunisia, Turkey, Turkmenistan, Uganda, Ukraine, United Arab Emirates, United Kingdom, United States, Uruguay, Uzbekistan, Venezuela, Viet Nam, Western Sahara, Yemen, Zambia, Zimbabwe, Montenegro, Kosovo, South Sudan",1/13/2026,"The ExciteLab accelerator in Dresden offers a compelling opportunity for startups in high-tech fields such as robotics, sensors, IoT, semiconductors, and quantum technology to scale up from early-stage to market entry","Financial Management, Business &amp; Industry, Startups, Community Development, Environment, Technology",https://www.excitelab.co/en/apply-now
Apply for Innovative Student Research Grant Program,Grant,All Countries,1/14/2026,The Society for the Advancement of Behavior Analysis has launched its Innovative Student Research Grant Program to provide funding for students in psychology or behavior analysis doctoral programs and students in psychology or behavior analysis master's programs that can support applied or basic research in the experimental analysis of behavior.,"Education, Students, Innovation, Research, Science",https://saba.abainternational.org/grants/Innovative-Student-Research-Grant/
"CFPs: Innovative Student Research Grant Program in Diversity, Equity and Inclusion",Grant,All Countries,1/14/2026,"The Society for the Advancement of Behavior Analysis has announced its Innovative Student Research Grant Program to support graduate-level study of issues relevant to diversity, equity, and inclusion (DEI) in behavior analysis.","Education, , Students, Innovation, Research, Science",https://saba.abainternational.org/grants/innovative-student-research-grant-dei/
Open Call: Sidney W. and Janet R. Bijou Grant Program,Grant,All Countries,1/14/2026,"The Sidney W. and Janet R. Bijou Grant Program provides support to doctoral student research grounded in the natural science framework for development established by Bijou, emphasizing studies that examine behavioral development through observable interactions between an organism and its environment.","Education, Students, Research, Science",https://saba.abainternational.org/grants/sidney-w-janet-r-bijou-grant/
Public Awareness Grant Program,Grant,All Countries,1/14/2026,The Society for the Advancement of Behavior Analysis is inviting applications for its Public Awareness Grant Program to deliver messaging focused on behavior science and behavior analytic solutions to important problems.,"Community Engagement, Education, Individuals, Science",https://saba.abainternational.org/grants/public-awareness-grant/
Open Call: Seeds of Radical Renewal Fellowship Program,Fellowship,All Countries,1/14/2026,"The Emergence Magazine is pleased to announce its Seeds of Radical Renewal Fellowship Program to create an incubator of emerging leadership and creativity with an approach based on integrating the ontology of spiritual ecology, the adaptive leadership framework, and the power of art and story to create alchemical spaces of regeneration and renewal.","Arts &amp; Culture, Capacity Building, Career Development, , , Artists, Individuals, Leadership, Storytelling",https://emergencemagazine.org/event/seeds-of-radical-renewal-fellowship/
ABTA Medical Student Summer Fellowship Program,Fellowship,All Countries,1/14/2026,"The American Brain Tumor Association is inviting applications for its Medical Student Summer Fellowship Program to support both established and new scientists in discovering more about the causes, effects, diagnosis, and treatment of brain tumors.","Career Development, Diseases, , Students, Innovation, Research, Science",https://www.abta.org/medical-student-summer-fellowships/
CEHA Horticulture Value Chain Growth Grant for Agribusinesses,Grant,"Ethiopia, Kenya, Rwanda, Tanzania, Uganda",1/14/2026,The CEHA Horticulture Value Chain Growth Grant offers financial and technical support to strengthen agribusinesses operating across key horticulture value chains in East Africa.,"Agriculture Food &amp; Nutrition, Food Safety, Business &amp; Industry, Capacity Building, Energy, Marketing, Sustainable Development",https://www.comesa.int/grants-under-ceha/
Queen Elizabeth Commonwealth Scholarships Program,Scholarship,"Antigua and Barbuda, Australia, Bahamas, Bangladesh, Barbados, Belize, Botswana, Cameroon, Canada, Cyprus, Dominica, Fiji, Gabon, Gambia, Ghana, Grenada, Guyana, India, Jamaica, Kenya, Kiribati, Lesotho, Malawi, Malaysia, Maldives, Malta, Mauritius, Mozambique, Namibia, Nauru, New Zealand, Nigeria, Pakistan, Papua New Guinea, Rwanda, Saint Kitts And Nevis, Saint Lucia, Saint Vincent And The Grenadines, Samoa, Seychelles, Sierra Leone, Singapore, Solomon Islands, South Africa, Sri Lanka, Swaziland, Tanzania, Togo, Tonga, Trinidad And Tobago, Tuvalu, Uganda, United Kingdom, Vanuatu, Zambia",1/14/2026,"The Queen Elizabeth Commonwealth Scholarship (QECS), administered by Association of Commonwealth Universities (ACU), offers a life-changing opportunity for students to pursue a Master’s degree abroad while receiving full financial support.","Education, Students",https://www.acu.ac.uk/funding-opportunities/for-students/scholarships/queen-elizabeth-commonwealth-scholarships/
The KAUST Global Fellowship Program for Early Career Researchers,Fellowship,All Countries,1/15/2026,The King Abdullah University of Science and Technology is accepting applications for its KAUST Global Fellowship Program to attract and support outstanding emerging research leaders and scientists from around the world to build their path towards a fully independent career.,"Community Development, Career Development, , Leaders, Researchers, Research, Science",https://kgfp.kaust.edu.sa/
Open Call for Learning Planet Youth Design Challenge,"Awards, Prizes and Challenges",All Countries,1/15/2026,"The Learning Planet Institute is driving an intergenerational, global movement to build a Learning Planet Academy, supported by UNESCO and the United Nations University, adapted to transitions across the world.","Community Engagement, Democracy &amp; Good Governance, Economic Development, Education, Health, Individuals, Leaders, Artificial Intelligence, Innovation, Peace &amp; Conflict Resolution, Sustainable Development, Youth &amp; Adolescents",https://www.learningplanetinstitute.org/en/ydc/
RFAs: PADI Foundation Electronic Grant Program,Grant,All Countries,1/15/2026,The PADI Foundation offers a valuable opportunity for individuals and organizations engaged in research and education focused on aquatic environments.,"Marine, Education, Climate Change, Environment, Innovation, Research",http://www.padifoundation.org/guides-deadlines.html
IKI Small Grants Programme for Local Climate and Biodiversity Projects,Grant,"Afghanistan, Albania, Algeria, Andorra, Angola, Antigua and Barbuda, Argentina, Armenia, Australia, Austria, Azerbaijan, Bahamas, Bahrain, Bangladesh, Barbados, Belarus, Belgium, Belize, Benin, Bhutan, Bolivia, Bosnia And Herzegovina, Botswana, Brazil, Brunei, Bulgaria, Burkina Faso, Burundi, Cambodia, Cameroon, Canada, Cape Verde, Central African Republic, Chad, Chile, China, Colombia, Comoros, Congo (Brazzaville), Congo DR, Costa Rica, Cote DIvoire (Ivory Coast), Croatia, Cuba, Cyprus, Czech Republic, Denmark, Djibouti, Dominica, Dominican Republic, Ecuador, Egypt, El Salvador, Equatorial Guinea, Eritrea, Estonia, Ethiopia, Fiji, Finland, France, Gabon, Gambia, Georgia, Germany, Ghana, Greece, Grenada, Guatemala, Guinea, Guinea-Bissau, Guyana, Haiti, Honduras, Hungary, Iceland, India, Indonesia, Iran, Iraq, Ireland, Israel, Italy, Jamaica, Japan, Jordan, Kazakhstan, Kenya, Kiribati, South Korea, North Korea, Kuwait, Kyrgyzstan, Laos, Latvia, Lebanon, Lesotho, Liberia, Libya, Liechtenstein, Lithuania, Luxembourg, Macedonia, Madagascar, Malawi, Malaysia, Maldives, Mali, Malta, Marshall Islands, Mauritania, Mauritius, Mexico, Micronesia Federated States Of, Moldova Republic Of, Monaco, Mongolia, Morocco, Mozambique, Burma(Myanmar), Namibia, Nauru, Nepal, Netherlands, New Zealand, Nicaragua, Niger, Nigeria, Norway, Oman, Pakistan, Palau, Panama, Papua New Guinea, Paraguay, Peru, Philippines, Poland, Portugal, Qatar, Romania, Russia, Rwanda, Saint Kitts And Nevis, Saint Lucia, Saint Vincent And The Grenadines, Samoa, San Marino, Sao Tome And Principe, Saudi Arabia, Senegal, Seychelles, Sierra Leone, Singapore, Slovak Republic, Slovenia, Solomon Islands, Somalia, South Africa, Spain, Sri Lanka, Sudan, Suriname, Swaziland, Sweden, Switzerland, Syria, Tajikistan, Tanzania, Thailand, East Timor (Timor-Leste), Togo, Tonga, Trinidad And Tobago, Tunisia, Turkey, Turkmenistan, Tuvalu, Uganda, Ukraine, United Arab Emirates, United Kingdom, United States, Uruguay, Uzbekistan, Vanuatu, Venezuela, Viet Nam, Yemen, Zambia, Zimbabwe, Montenegro, Serbia, South Sudan",1/15/2026,The IKI Small Grants Programme funded by the German Federal Government invites applications from national and local organisations to support climate and biodiversity projects through a newly updated application process that now includes a prior eligibility check before full proposal submission.,"Civil Society Development, Biodiversity, Climate Change",https://iki-small-grants.de/application/
Global Climate Fellowship Program 2026,Fellowship,All Countries,1/15/2026,"Halcyon provides a vibrant community designed to support impact-driven businesses and their founders by offering space, community connections, and access to key resources.","Business &amp; Industry, Community Development, Climate Change, Environment",https://www.halcyonhouse.org/programs/global-climate-fellowship-2026/
Individual Research Fellowship Program (Africa),Fellowship,"Algeria, Angola, Benin, Botswana, Burkina Faso, Burundi, Cameroon, Cape Verde, Central African Republic, Chad, Comoros, Congo (Brazzaville), Congo DR, Cote DIvoire (Ivory Coast), Djibouti, Egypt, Equatorial Guinea, Eritrea, Ethiopia, Gabon, Gambia, Ghana, Guinea, Guinea-Bissau, Kenya, Lesotho, Liberia, Libya, Madagascar, Malawi, Mali, Mauritania, Mauritius, Mayotte, Morocco, Mozambique, Namibia, Niger, Nigeria, Reunion, Rwanda, Saint Helena, Sao Tome And Principe, Senegal, Seychelles, Sierra Leone, Somalia, South Africa, Sudan, Swaziland, Tanzania, Togo, Tunisia, Uganda, Western Sahara, Zambia, Zimbabwe, South Sudan",1/16/2026,"The Social Science Research Council is inviting applications for its Individual Research Fellowship Program to enhance the quality and visibility of independent African peacebuilding research both regionally and globally, while making peacebuilding knowledge accessible to key policymakers, practitioners, and research centers of excellence in Africa and around the world.","Food Safety, Arts &amp; Culture, Capacity Building, Politics, Climate Change, Energy, Environment, Health, Public Health, Humanitarian Relief, Individuals, PhD Holder, Researchers, Artificial Intelligence, Leadership, Peace &amp; Conflict Resolution, Migration, Research",https://www.ssrc.org/programs/african-peacebuilding-and-developmental-dynamics-apdd/individual-research-fellowships/
RFAs: Doctoral Dissertation Research Fellowship Program,Fellowship,"Ghana, Kenya, Nigeria, South Africa, Tanzania, Uganda",1/16/2026,"The Doctoral Dissertation Research Fellowship Program provides support for topics related to Peacebuilding, Governance, and Developmental Dynamics.","Arts &amp; Culture, Media, Democracy &amp; Good Governance, Politics, Education, Climate Change, Energy, Environment, Natural Resources, Human Rights, Individuals, Artificial Intelligence, Peace &amp; Conflict Resolution, Religion, Research, Technology, Women &amp; Gender, Youth &amp; Adolescents",https://www.ssrc.org/programs/african-peacebuilding-and-developmental-dynamics-apdd/awards-and-fellowships/doctoral-dissertation-research-fellowship/
Open Call for Doctoral Dissertation Proposal Fellowship Program,Fellowship,"Ghana, Kenya, Nigeria, South Africa, Tanzania, Uganda",1/16/2026,"The Doctoral Dissertation Proposal Fellowship Program provides support to PhD students working on developing a doctoral dissertation proposal, as well as students who have recently completed a master’s degree and seek to enroll in a PhD program.","Arts &amp; Culture, Democracy &amp; Good Governance, Career Development, Climate Change, Energy, Environment, Natural Resources, Students, Artificial Intelligence, Media, Peace &amp; Conflict Resolution, Migration, Religion, Research, Technology, Women &amp; Gender, Youth &amp; Adolescents",https://www.ssrc.org/programs/african-peacebuilding-and-developmental-dynamics-apdd/awards-and-fellowships/doctoral-dissertation-proposal-fellowship/
Open Call: Houghton Library Visiting Fellowship Program,Fellowship,All Countries,1/16/2026,"The Houghton Library Visiting Fellowship Program is inviting applications for scholars at all stages of their careers to pursue projects that require in-depth research on Houghton Library’s holdings, draw on staff expertise, and participate in intellectual life at Harvard.","Arts &amp; Culture, Politics, Career Development, Black, Individuals, Researchers, Students, Research",https://library.harvard.edu/grants-fellowships/houghton-library-visiting-fellowships#eligibility
Kubota Yutaka Public Trust Fund,Grant,"Afghanistan, Albania, Algeria, Angola, Antigua and Barbuda, Argentina, Armenia, Azerbaijan, Bahamas, Bahrain, Bangladesh, Belarus, Belize, Benin, Bhutan, Bolivia, Bosnia And Herzegovina, Botswana, Brazil, Bulgaria, Burkina Faso, Burundi, Cameroon, Cape Verde, Central African Republic, Chad, Chile, China, Colombia, Comoros, Congo (Brazzaville), Congo DR, Costa Rica, Cote DIvoire (Ivory Coast), Croatia, Djibouti, Dominica, Dominican Republic, Ecuador, Egypt, El Salvador, Equatorial Guinea, Eritrea, Estonia, Ethiopia, Fiji, Gabon, Gambia, Georgia, Ghana, Grenada, Guatemala, Guinea, Guinea-Bissau, Guyana, Haiti, Honduras, Hungary, India, Indonesia, Iran, Iraq, Jamaica, Jordan, Kazakhstan, Kenya, Kiribati, Kuwait, Kyrgyzstan, Laos, Latvia, Lebanon, Lesotho, Liberia, Libya, Lithuania, Macedonia, Madagascar, Malawi, Malaysia, Maldives, Mali, Marshall Islands, Mauritania, Mauritius, Mexico, Micronesia Federated States Of, Moldova Republic Of, Mongolia, Morocco, Mozambique, Burma(Myanmar), Namibia, Nauru, Nepal, Nicaragua, Niger, Nigeria, Oman, Pakistan, Palau, Panama, Papua New Guinea, Paraguay, Peru, Philippines, Poland, Qatar, Romania, Russia, Rwanda, Saint Kitts And Nevis, Saint Lucia, Saint Vincent And The Grenadines, Samoa, Sao Tome And Principe, Saudi Arabia, Senegal, Seychelles, Sierra Leone, Solomon Islands, Somalia, South Africa, Sri Lanka, Sudan, Suriname, Swaziland, Syria, Tajikistan, Tanzania, Thailand, East Timor (Timor-Leste), Togo, Tonga, Trinidad And Tobago, Tunisia, Turkey, Turkmenistan, Tuvalu, Uganda, Ukraine, United Arab Emirates, Uruguay, Uzbekistan, Vanuatu, Venezuela, Viet Nam, Yemen, Zambia, Zimbabwe, Montenegro, Kosovo",1/19/2026,"The Kubota Fund provides financial support to individuals from developing countries to advance industrial technology through education, training and capacity building in Japan.","Financial Management, Business &amp; Industry, Infrastructure, Economic Development, Education, Individuals, Technology",https://www.kubota-fund.org/
Entries open for beVisioneers Fellowship Program,Fellowship,"Albania, Andorra, Armenia, Austria, Azerbaijan, Belarus, Belgium, Bosnia And Herzegovina, Bulgaria, Chile, Costa Rica, Croatia, Cyprus, Czech Republic, Denmark, Estonia, Finland, France, Georgia, Germany, Greece, Holy See (Vatican City State), Hong Kong SAR, Hungary, Iceland, India, Indonesia, Ireland, Italy, Japan, Kenya, South Korea, Latvia, Liechtenstein, Lithuania, Luxembourg, Macedonia, Malaysia, Malta, Mexico, Moldova Republic Of, Monaco, Netherlands, Norway, Panama, Poland, Portugal, Romania, Rwanda, San Marino, Singapore, Slovak Republic, Slovenia, South Africa, Spain, Sweden, Switzerland, Tanzania, Thailand, Uganda, Ukraine, United Kingdom, United States, Zimbabwe, Montenegro, Kosovo",1/25/2026,"Applicants are now invited to submit applications for the beVisioneers Fellowship Program to help bring your planet-positive ideas to life, regardless of your entrepreneurial experience or your financial situation.","Food Safety, Entrepreneurship, Environment, Individuals, Innovation, Leadership, Sustainable Development, Water",https://bevisioneers.world/fellowship/
Women Entrepreneurship for Africa Programme,Events,"Cameroon, Kenya, Malawi, Mozambique, Senegal, Tanzania, Togo, Uganda",1/25/2026,The IYBA-WE4A (Investing in Young Business in Africa- Women Entrepreneurship for Africa) Entrepreneurship Programme is designed to empower women entrepreneurs in Sub-Saharan Africa by enhancing their access to finance and business knowledge.,"Businesses, Companies and Enterprises, Entrepreneurship, Startups, Sustainable Development, Women &amp; Gender",https://tefconnect.com/
Immersive Design Challenge for Sustainable Innovation,Grant,All Countries,1/26/2026,The Immersive Design Challenge invites higher-education students worldwide to apply their creativity to design sustainable solutions using immersive engineering and digital tools.,"Business &amp; Industry, Students, Innovation, Technology, Sustainable Development",https://immersive-design-challenge.com/
Prince Talal International Prize for Affordable and Clean Energy,"Awards, Prizes and Challenges",All Countries,1/30/2026,The Prince Talal International Prize for Affordable and Clean Energy is awarded annually by the Arab Gulf Programme for Development with the aim of inciting and encouraging innovation and creativity in human development.,"Children, Civil Society Development, Capacity Building, Community Development, Education, Energy, Individuals, Women and Girls, Innovation, Poverty Alleviation, Sustainable Development, Women &amp; Gender",https://agfund.org/
Sustainability Open Innovation Challenge 7th Edition,"Awards, Prizes and Challenges",All Countries,1/30/2026,"The Sustainability Open Innovation Challenge (SOIC), led by Enterprise Singapore with donor support of S$100,000 from Hexagon Group, welcomes startups and innovators to collaborate with leading corporates in delivering practical and scalable sustainability solutions.","Agriculture Food &amp; Nutrition, Business &amp; Industry, Startups, Energy, Innovation, Sustainable Development",https://sustainability.innovation-challenge.sg/
3rd Call for Proposals on Metabolic Health and Longevity Grant Program,Grant,All Countries,1/30/2026,The AXA Research Fund is proud to announce the launch of the 3rd Call for Proposals under the AXA-Swiss Re Joint Risk Resilience Partnership.,"Agriculture Food &amp; Nutrition, Education, Cancer, Health, Health care, Public Health, , Research, Science",https://axa-research.org/news/new-axa-swiss-re-call-for-proposals-on-metabolic-health-and-longevity
Nominations open for Gulbenkian Prize for Humanity 2026,"Awards, Prizes and Challenges",All Countries,1/30/2026,"Applicants are now invited to submit applications for the Gulbenkian Prize for Humanity to help accelerate proven, impactful climate action that benefits people and the planet.","Community Development, Politics, Climate Change, Environment, Individuals, Leadership, Science, Technology",https://gulbenkian.pt/en/news/nominations-open-for-gulbenkian-prize-for-humanity-2026/
 IBSA Foundation Fellowships,Fellowship,Global,1/31/2026,"Entries are now open for IBSA Foundation for Scientific Research Fellowship to promote equity in access to research, recognising emerging scientific excellence in resource-limited contexts and strengthening international dialogue within the scientific community.`","Community Development, Research",https://www.ibsafoundation.org/en/fellowship/call-2025
the Earth Prize Environmental Sustainability Competition,Events,"Afghanistan, Albania, Algeria, Andorra, Angola, Antigua and Barbuda, Argentina, Armenia, Austria, Azerbaijan, Bahamas, Bahrain, Bangladesh, Barbados, Belarus, Belgium, Belize, Benin, Bhutan, Bolivia, Bosnia And Herzegovina, Botswana, Brazil, Brunei, Brunei, Bulgaria, Burkina Faso, Burundi, Cambodia, Cambodia, Cameroon, Canada, Cape Verde, Central African Republic, Chad, Chile, China, Colombia, Comoros, Congo (Brazzaville), Congo DR, Costa Rica, Cote DIvoire (Ivory Coast), Croatia, Cuba, Cyprus, Czech Republic, Denmark, Djibouti, Dominica, Dominican Republic, Ecuador, Egypt, El Salvador, Equatorial Guinea, Eritrea, Estonia, Ethiopia, Falkland Islands (Malvinas), Finland, France, French Guiana, Gabon, Gambia, Georgia, Germany, Ghana, Greece, Grenada, Guatemala, Guinea, Guinea-Bissau, Guyana, Haiti, Holy See (Vatican City State), Honduras, Hungary, Iceland, India, Indonesia, Indonesia, Iran, Iraq, Ireland, Israel, Italy, Jamaica, Japan, Jordan, Kazakhstan, Kenya, South Korea, North Korea, Kuwait, Kyrgyzstan, Laos, Laos, Latvia, Lebanon, Lesotho, Liberia, Libya, Liechtenstein, Lithuania, Luxembourg, Macedonia, Madagascar, Malawi, Malaysia, Malaysia, Maldives, Mali, Malta, Mauritania, Mauritius, Mayotte, Mexico, Moldova Republic Of, Monaco, Mongolia, Morocco, Mozambique, Burma(Myanmar), Burma(Myanmar), Namibia, Nepal, Netherlands, Nicaragua, Niger, Nigeria, Norway, Oman, Oman, Pakistan, Palestinian Territories, Panama, Paraguay, Peru, Philippines, Philippines, Poland, Portugal, Qatar, Qatar, Reunion, Romania, Russia, Rwanda, Saint Helena, Saint Kitts And Nevis, Saint Lucia, Saint Vincent And The Grenadines, San Marino, Sao Tome And Principe, Saudi Arabia, Senegal, Seychelles, Sierra Leone, Singapore, Singapore, Slovak Republic, Slovenia, Somalia, South Africa, Spain, Sri Lanka, Sudan, Suriname, Swaziland, Sweden, Switzerland, Syria, Tajikistan, Tanzania, Thailand, Thailand, East Timor (Timor-Leste), Togo, Trinidad And Tobago, Tunisia, Turkey, Turkmenistan, Uganda, Ukraine, United Arab Emirates, United Kingdom, United States, Uruguay, Uzbekistan, Venezuela, Viet Nam, Viet Nam, Western Sahara, Yemen, Zambia, Zimbabwe, Montenegro, Kosovo, South Sudan",1/31/2026,"Applications are now open for the Earth Prize Environmental Sustainability Competition for students between the ages of 13 and 19, which rewards the teams whose projects have the most potential to address environmental issues.","Environment, Leaders, Students, Innovation, Leadership, Sustainable Development, Youth &amp; Adolescents",https://www.theearthprize.org/schools
Free Electrons 2026 Program,Events,All Countries,1/31/2026,The Free Electrons 2026 Program invites startups from around the world to join a transformative journey designed to accelerate disruptive energy solutions and drive the global clean energy transition.,"Business &amp; Industry, Startups, Climate Change, Energy, Artificial Intelligence, Cyber Security, Innovation, Technology, Sustainable Development, Transportation",https://freeelectrons.org/2026-program/
Apply for SVRI Early Career Research Fellowship Program,Fellowship,"Afghanistan, Albania, Algeria, American Samoa, Angola, Argentina, Armenia, Azerbaijan, Bangladesh, Belarus, Belize, Benin, Bhutan, Bolivia, Bosnia And Herzegovina, Botswana, Brazil, Bulgaria, Burkina Faso, Burundi, Cambodia, Cameroon, Cape Verde, Central African Republic, Chad, China, Colombia, Comoros, Congo (Brazzaville), Congo DR, Costa Rica, Cote DIvoire (Ivory Coast), Cuba, Djibouti, Dominica, Dominican Republic, Ecuador, Egypt, El Salvador, Equatorial Guinea, Eritrea, Ethiopia, Fiji, Gabon, Georgia, Ghana, Grenada, Guatemala, Guinea, Guinea-Bissau, Guyana, Haiti, Honduras, India, Indonesia, Iran, Iraq, Jamaica, Jordan, Kazakhstan, Kenya, Kiribati, North Korea, Kyrgyzstan, Laos, Lebanon, Lesotho, Liberia, Libya, Macedonia, Madagascar, Malawi, Malaysia, Maldives, Mali, Marshall Islands, Mauritania, Mauritius, Mexico, Micronesia Federated States Of, Moldova Republic Of, Mongolia, Morocco, Mozambique, Burma(Myanmar), Namibia, Nepal, Nicaragua, Niger, Nigeria, Pakistan, Palau, Palestinian Territories, Papua New Guinea, Paraguay, Peru, Philippines, Russia, Rwanda, Saint Lucia, Saint Vincent And The Grenadines, Samoa, Sao Tome And Principe, Senegal, Sierra Leone, Solomon Islands, Somalia, South Africa, Sri Lanka, Sudan, Suriname, Swaziland, Syria, Tajikistan, Tanzania, Thailand, East Timor (Timor-Leste), Togo, Tonga, Tunisia, Turkey, Turkmenistan, Tuvalu, Uganda, Ukraine, Uzbekistan, Vanuatu, Viet Nam, Yemen, Zambia, Zimbabwe, Montenegro, Serbia, Kosovo, South Sudan",1/31/2026,"The Sexual Violence Research Initiative is offering doctoral and postdoctoral fellowships for early-career researchers based in low- and middle-income countries (LMICs) to build leadership, strengthen research capacity, and advance knowledge at the intersection of violence against women (VAW) and violence against children (VAC).","Children, Career Development, Individuals, Researchers, Leadership, Violence Prevention, Research, Women &amp; Gender",https://www.svri.org/svri-early-career-research-fellowships/
Paul Mellon Centre announces Senior Fellowships,Fellowship,All Countries,1/31/2026,"The Paul Mellon Centre offers Senior Fellowships annually to academics, established scholars, or senior museum professionals in the field of British art to complete a manuscript or book for publication or to undertake a sustained period of research towards a major project.","Arts &amp; Culture, Exhibition, Museums, Employment &amp; Labor, Academicians, Publications, Research, Sustainable Development",https://www.paul-mellon-centre.ac.uk/grants-and-fellowships/senior-fellowships
Entries open for Paul Mellon Centre Junior Fellowships,Fellowship,All Countries,1/31/2026,The Paul Mellon Centre offers Junior Fellowships annually to support advanced doctoral research in British art or architectural history in the United Kingdom for students enrolled at non-British universities.,"Arts &amp; Culture, Architecture and Planning, Employment &amp; Labor, Students, Research",https://www.paul-mellon-centre.ac.uk/grants-and-fellowships/junior-fellowships
Open Call: Paul Mellon Centre Rome Fellowship Program (UK),Fellowship,All Countries,1/31/2026,"The Paul Mellon Centre offers the Rome Fellowship annually to provide an individual with the opportunity to undertake three months of dedicated research on a visually focused topic relating to cultural contact, exchange, and influence between Britain (including its historical Empire and Commonwealth) and Italy, while based at the British School at Rome (BSR).","Arts &amp; Culture, Languages, Architecture and Planning, Employment &amp; Labor, Researchers, Research",https://www.paul-mellon-centre.ac.uk/grants-and-fellowships/rome-fellowship
OPCFHK Conservation Funding Program,Grant,All Countries,1/31/2026,"The Ocean Park Conservation Foundation, Hong Kong (OPCFHK) is now accepting applications for its 2026–2027 Conservation Funding cycle, providing an opportunity for conservationists, researchers, and institutions across Asia to secure grants for wildlife- and habitat-focused projects.","Animals &amp; Wildlife, Habitat, Marine, Capacity Building, Community Development, Education, Conservation, Researchers, Scientific Research",https://www.opcf.org.hk/en/conservation-research/research-funding/funding-application#2026-to-2027-conservation-funding-guidelines
Habitat Conservation Funding to Strengthen Hong Kong’s Biodiversity,Grant,All Countries,1/31/2026,"The Ocean Park Conservation Foundation, Hong Kong (OPCFHK) is now inviting applications for a dedicated funding programme that supports impactful projects aimed at conserving Hong Kong’s habitats and associated biodiversity.","Animals &amp; Wildlife, Community Development, Education, Biodiversity, Conservation, Individuals, Sustainable Development",https://www.opcf.org.hk/en/conservation-research/research-funding/funding-application#hong-kong-biodiversity-conservation-funding-guidelines
Jacobs CIFAR Research Fellowship Program,Fellowship,All Countries,2/2/2026,The SurveyMonkey is inviting applications for its Jacobs CIFAR Research Fellowship Program to support early and mid-career researchers whose work is dedicated to improving the learning and development of children and youth worldwide.,"Children, Capacity Building, Education, Learning, PhD Holder, Researchers, Research, Science, Youth &amp; Adolescents",https://cifarportal.smapply.io/prog/jacobs_cifar_research_fellowship_program_/
Open Call: The Gratitude Network Fellowship Program,Fellowship,All Countries,2/6/2026,The Gratitude Network Fellowship offers a unique opportunity for nonprofit leaders to accelerate both their personal growth and the impact of their organizations.,"Learning, Leadership",https://gratitude-network.org/get-involved/fellowship-application/
9th Edition of The Liveability Challenge: Cool Earth Theme,"Awards, Prizes and Challenges",All Countries,2/9/2026,The ninth edition of The Liveability Challenge invites innovators worldwide to submit groundbreaking solutions that tackle climate-induced extreme weather conditions for a more liveable planet.,"Business &amp; Industry, Climate Change, Sustainable Development",https://www.theliveabilitychallenge.org/participate
Apila First Impression Award,"Awards, Prizes and Challenges",All Countries,2/15/2026,"The publishing house Apila Ediciones, in collaboration with the School of Design of Aragón and with the support of the Zaragoza City Council has announced the Apila’s First Impression Award 2026, the fourteenth edition of an International Illustrated Children’s Book competition aimed at strengthening graphic and literary creation by supporting illustrators who have not yet published any books.","Literature, Children, Individuals",https://www.apilaediciones.com/premio-apila-primera-impresion/
The NewNow Emerging Young Leaders Program,Events,,2/16/2026,The One Young World is requesting applications for its NewNow Emerging Young Leaders Program to empower and redefine change through systems-thinking and collective action.,"Capacity Building, Leaders, Innovation, Leadership, Media, Sustainable Development, Youth &amp; Adolescents",https://www.oneyoungworld.com/scholarship/newnow
International Climate Initiative Large Grants,Grant,"Afghanistan, Albania, Algeria, Angola, Argentina, Armenia, Azerbaijan, Bangladesh, Belarus, Belize, Benin, Bhutan, Bolivia, Bosnia And Herzegovina, Botswana, Brazil, Burkina Faso, Burundi, Cambodia, Cameroon, Cape Verde, Central African Republic, Chad, China, Colombia, Comoros, Congo (Brazzaville), Congo DR, Costa Rica, Cote DIvoire (Ivory Coast), Cuba, Djibouti, Dominica, Dominican Republic, Ecuador, Egypt, El Salvador, Equatorial Guinea, Eritrea, Ethiopia, Fiji, Gabon, Gambia, Georgia, Ghana, Grenada, Guatemala, Guinea, Guinea-Bissau, Guyana, Haiti, Honduras, India, Indonesia, Iran, Iraq, Jamaica, Jordan, Kazakhstan, Kenya, Kiribati, North Korea, Kyrgyzstan, Laos, Lebanon, Lesotho, Liberia, Libya, Macedonia, Madagascar, Malawi, Malaysia, Maldives, Mali, Marshall Islands, Mauritania, Mauritius, Mexico, Micronesia Federated States Of, Moldova Republic Of, Mongolia, Morocco, Mozambique, Burma(Myanmar), Namibia, Nauru, Nepal, Nicaragua, Niger, Nigeria, Niue, Pakistan, Palau, Panama, Papua New Guinea, Paraguay, Peru, Philippines, Rwanda, Saint Helena, Saint Lucia, Saint Vincent And The Grenadines, Samoa, Sao Tome And Principe, Senegal, Sierra Leone, Solomon Islands, Somalia, South Africa, Sri Lanka, Sudan, Suriname, Swaziland, Syria, Tajikistan, Tanzania, Thailand, East Timor (Timor-Leste), Togo, Tokelau, Tonga, Tunisia, Turkey, Turkmenistan, Tuvalu, Uganda, Ukraine, Uzbekistan, Vanuatu, Venezuela, Viet Nam, Wallis And Futuna, Yemen, Zambia, Zimbabwe, Montenegro, Serbia, Kosovo, South Sudan",2/17/2026,"The International Climate Initiative (IKI) is a cornerstone of Germany’s international efforts to address climate change, support adaptation measures, and conserve biodiversity in developing and emerging countries.","Biodiversity, Climate Change, Sustainable Development",https://www.international-climate-initiative.com/en/find-funding/large-grants/ilg-call-2025/
GEO Mountains Small Grants Call 2026–2027,Grant,"Afghanistan, Argentina, Armenia, Azerbaijan, Bangladesh, Bhutan, Bolivia, Burundi, Chile, China, Colombia, Comoros, Djibouti, Ecuador, Eritrea, Ethiopia, Georgia, India, Kazakhstan, Kenya, Kyrgyzstan, Madagascar, Malawi, Mauritius, Mayotte, Mozambique, Burma(Myanmar), Nepal, Pakistan, Peru, Reunion, Rwanda, Seychelles, Somalia, Tajikistan, Tanzania, Turkmenistan, Uganda, Uzbekistan, Venezuela, Zambia, Zimbabwe",2/20/2026,"The GEO Mountains Small Grants Call offers an opportunity for researchers and practitioners to advance mountain monitoring, data generation and information sharing across some of the world’s most critical mountain regions.","Environment, Researchers, Research, Sustainable Development",https://geomountains.org/geo-mountains-small-data-grants-call-2026-2027/
Royal Society Africa Prize,"Awards, Prizes and Challenges","Algeria, Angola, Benin, Botswana, Burkina Faso, Burundi, Cameroon, Cape Verde, Central African Republic, Chad, Comoros, Congo (Brazzaville), Congo DR, Cote DIvoire (Ivory Coast), Djibouti, Egypt, Equatorial Guinea, Eritrea, Ethiopia, Gabon, Gambia, Ghana, Guinea, Guinea-Bissau, Kenya, Lesotho, Liberia, Libya, Madagascar, Malawi, Mali, Mauritania, Mauritius, Mayotte, Morocco, Mozambique, Namibia, Niger, Nigeria, Reunion, Rwanda, Saint Helena, Sao Tome And Principe, Senegal, Seychelles, Sierra Leone, Somalia, South Africa, Sudan, Swaziland, Tanzania, Togo, Tunisia, Uganda, Western Sahara, Zambia, Zimbabwe, South Sudan",2/20/2026,Submissions are now open for the Royal Society Africa Prize to recognise research scientists based in Africa who are making an innovative contribution to the sciences.,"Capacity Building, Health, , PhD Holder, Researchers, Innovation, Research, Science",https://royalsociety.org/medals-and-prizes/africa-prize/
CYD Doctoral Fellowships,Fellowship,All Countries,2/25/2026,The CYD Doctoral Fellowships funded by the CYD Campus aim to support doctoral researchers in completing their PhD thesis in Switzerland with full financial and academic backing for up to four years.,"Tertiary &amp; Higher Education, Researchers, Artificial Intelligence, Cyber Security, Information Technology, Research, Technology",https://www.epfl.ch/research/funding/epfl-programmes/cyd/cyd-phd/
Never Such Innocence International Competition,Events,All Countries,2/27/2026,"The Never Such Innocence invites young creatives to participate in this year’s competition, which challenges entrants to explore perspectives through the theme ""In Someone Else’s Shoes"".","Arts &amp; Culture, Literature, Music, Children, Individuals, Youth &amp; Adolescents",https://www.neversuchinnocence.com/2025-26-competition
Nominations open for the Global Water Award 2026,Grant,All Countries,2/27/2026,"The Global Water Awards presents a major opportunity for companies, utilities, technology firms, projects and organisations working in water, wastewater and desalination to gain global recognition for innovation, performance and sustainability.","Businesses, Companies and Enterprises, Individuals, Innovation, Sustainable Development, Water, Water Management",https://globalwaterawards.com/process
Apply to become a Kanthari Participant,Scholarship,All Countries,2/28/2026,"The kanthari offers a twelve-month, fully scholarship-based leadership programme that equips changemakers to start and run civil society organisations, social enterprises or social ventures.","Civil Society Development, Learning, Environment, Social Justice, Innovation, Leadership",https://www.kanthari.org/admissions/
International Young Eco-Hero Awards,"Awards, Prizes and Challenges",All Countries,2/28/2026,The Action For Nature is excited to announce that applications for the 2026 International Young Eco-Hero Awards are now open to environmental activists between the ages of 8 and 16.,"Animals &amp; Wildlife, Habitat, Community Engagement, Education, Environment, Health, Youth, Research, Youth &amp; Adolescents",https://actionfornature.org/eco-hero-awards/apply/
International Student Competition,Events,All Countries,3/1/2026,The TSL International Student Competition invites students worldwide to creatively explore the theme of “Sustainability Culture” through diverse forms of expression.,"Arts &amp; Culture, Media, Music, Visual Arts, Education, Students, Storytelling, Research, Sustainable Development",https://trustforsustainableliving.org/take-part/international-schools-essay-competition-and-debate
Open Call for Jen Angel Anarchist Media Grant Program,Grant,All Countries,3/2/2026,The Agency has launched its Jen Angel Anarchist Media Grant Program to support diverse creators advancing community-centered projects.,"Community Development, Individuals, Media",https://anarchistagency.com/jen-angel-anarchist-media-grant/
Entries open for EnergyLab Scaleup Program,Events,All Countries,3/2/2026,EnergyLab's Scaleup Program is designed to help the most innovative startups and energy companies work together to roll out technology that will help decarbonise the energy sector.,"Business &amp; Industry, Businesses, Companies and Enterprises, Startups, Learning, Energy, Innovation",https://energylab.org.au/programs/scaleup/
Africa Youth Portal and Research Programme,Events,"Algeria, Angola, Benin, Botswana, Burkina Faso, Burundi, Cameroon, Cape Verde, Central African Republic, Chad, Comoros, Congo (Brazzaville), Congo DR, Cote DIvoire (Ivory Coast), Djibouti, Egypt, Equatorial Guinea, Eritrea, Ethiopia, Gabon, Gambia, Ghana, Guinea, Guinea-Bissau, Kenya, Lesotho, Liberia, Libya, Madagascar, Malawi, Mali, Mauritania, Mauritius, Mayotte, Morocco, Mozambique, Namibia, Niger, Nigeria, Reunion, Rwanda, Saint Helena, Sao Tome And Principe, Senegal, Seychelles, Sierra Leone, Somalia, South Africa, Sudan, Swaziland, Tanzania, Togo, Tunisia, Uganda, Western Sahara, Zambia, Zimbabwe, South Sudan",12/12/2025,"Are you a postgraduate student passionate about shaping Africa’s future through research and policy? The South African Institute of International Affairs (SAIIA) invites applications for the Africa Youth Portal and Research Programme, a transformative initiative designed to empower emerging youth researchers across the continent.","Education, Climate Change, Environment, Researchers, Youth, Artificial Intelligence, Research, Youth &amp; Adolescents",https://saiia.org.za/job/call-for-applications-africa-youth-portal-and-research-programme/
Join Now: Discoveries Acceleration Program for Tourism Startups (8th Edition),Events,All Countries,12/12/2025,"Startup Discoveries, backed by an international tourism innovation ecosystem, offers a global acceleration program designed to empower high-potential startups and promote innovative tourism ventures worldwide.","Business &amp; Industry, Businesses, Companies and Enterprises, Startups, Environment, Artificial Intelligence, Innovation, Sustainable Development, Tourism &amp; Travel",https://www.startupdiscoveries.com/
Leaders Africa Virtual Leadership Development Program,Events,"Algeria, Angola, Benin, Botswana, Burkina Faso, Burundi, Cameroon, Cape Verde, Central African Republic, Chad, Comoros, Congo (Brazzaville), Congo DR, Cote DIvoire (Ivory Coast), Djibouti, Egypt, Equatorial Guinea, Eritrea, Ethiopia, Gabon, Gambia, Ghana, Guinea, Guinea-Bissau, Kenya, Lesotho, Liberia, Libya, Madagascar, Malawi, Mali, Mauritania, Mauritius, Mayotte, Morocco, Mozambique, Namibia, Niger, Nigeria, Reunion, Rwanda, Saint Helena, Sao Tome And Principe, Senegal, Seychelles, Sierra Leone, Somalia, South Africa, Sudan, Swaziland, Tanzania, Togo, Tunisia, Uganda, Western Sahara, Zambia, Zimbabwe, South Sudan",12/12/2025,"The Barack Obama Foundation is now accepting applications for its Leaders Africa Virtual Leadership Development Program to build a growing network of innovative and values-based changemakers who will drive positive change in their communities, the continent and the world.","Civil Society Development, Community Development, Leaders, Innovation, Leadership",https://www.obama.org/programs/leaders/africa/
Apply for Activate AI: Economic Opportunity Challenge,"Awards, Prizes and Challenges","Aland Islands, Albania, Algeria, American Samoa, Andorra, Angola, Anguilla, Antarctica, Antigua and Barbuda, Argentina, Armenia, Aruba, Australia, Austria, Azerbaijan, Bahamas, Bahrain, Bangladesh, Barbados, Belgium, Belize, Benin, Bermuda, Bhutan, Bolivia, Bosnia And Herzegovina, Botswana, Bouvet Island, Brazil, British Indian Ocean Territory, Brunei, Bulgaria, Burkina Faso, Burundi, Cambodia, Cameroon, Canada, Cape Verde, Cayman Islands, Central African Republic, Chad, Chile, China, Christmas Island, Cocos (Keeling) Islands, Colombia, Comoros, Congo (Brazzaville), Congo DR, Cook Islands, Costa Rica, Cote DIvoire (Ivory Coast), Croatia, Cyprus, Czech Republic, Denmark, Djibouti, Dominica, Dominican Republic, Ecuador, Egypt, El Salvador, Equatorial Guinea, Eritrea, Estonia, Ethiopia, Falkland Islands (Malvinas), Faroe Islands, Fiji, Finland, France, French Guiana, French Polynesia, French Southern Territories, Gabon, Gambia, Georgia, Germany, Ghana, Gibraltar, Greece, Greenland, Grenada, Guadeloupe, Guam, Guatemala, Guernsey, Guinea, Guinea-Bissau, Guyana, Haiti, Heard Island And Mcdonald Islands, Holy See (Vatican City State), Honduras, Hong Kong SAR, Hungary, Iceland, India, Indonesia, Iraq, Ireland, Isle Of Man, Israel, Italy, Jamaica, Japan, Jersey, Jordan, Kazakhstan, Kenya, Kiribati, South Korea, Kuwait, Kyrgyzstan, Laos, Latvia, Lebanon, Lesotho, Liberia, Libya, Liechtenstein, Lithuania, Luxembourg, Macau, Macedonia, Madagascar, Malawi, Malaysia, Maldives, Mali, Malta, Marshall Islands, Martinique, Mauritania, Mauritius, Mayotte, Mexico, Micronesia Federated States Of, Moldova Republic Of, Monaco, Mongolia, Montserrat, Morocco, Mozambique, Burma(Myanmar), Namibia, Nauru, Nepal, Netherlands, Netherlands Antilles, New Caledonia, New Zealand, Nicaragua, Niger, Nigeria, Niue, Norfolk Island, Northern Mariana Islands, Norway, Oman, Pakistan, Palau, Palestinian Territories, Panama, Papua New Guinea, Paraguay, Peru, Philippines, Pitcairn, Poland, Portugal, Puerto Rico, Qatar, Reunion, Romania, Rwanda, Saint Helena, Saint Kitts And Nevis, Saint Lucia, Saint Pierre And Miquelon, Saint Vincent And The Grenadines, Samoa, San Marino, Sao Tome And Principe, Saudi Arabia, Senegal, Seychelles, Sierra Leone, Singapore, Slovak Republic, Slovenia, Solomon Islands, Somalia, South Africa, South Georgia And The South Sandwich Islands, Spain, Sri Lanka, Sudan, Suriname, Svalbard And Jan Mayen, Swaziland, Sweden, Switzerland, Taiwan, Tajikistan, Tanzania, Thailand, East Timor (Timor-Leste), Togo, Tokelau, Tonga, Trinidad And Tobago, Tunisia, Turkey, Turkmenistan, Turks And Caicos Islands, Tuvalu, Uganda, United Arab Emirates, United Kingdom, United States, United States Minor Outlying Islands, Uruguay, Uzbekistan, Vanuatu, Venezuela, Viet Nam, British Virgin Islands, United States Virgin Islands, Wallis And Futuna, Western Sahara, Zambia, Zimbabwe, Montenegro, Saint BarthÃ©lemy, Serbia, Kosovo, South Sudan , CuraÃ§ao, Bonaire Sint Eustatius and Saba, Saint Martin (French Part), Sint Maarten (Dutch Part)",1/8/2026,"The Activate AI: Economic Opportunity Challenge, launched by data.org in collaboration with Zoom, is a global call for innovative AI applications that empower people and communities and unlock economic opportunity for a resilient future.","Businesses, Companies and Enterprises, Community Development, Infrastructure, Economic Development, Climate Change, Artificial Intelligence, Innovation, Marketing, Media",https://data.org/initiatives/challenges/activate-ai-economic-opportunity-challenge/
BEAM Circular Accelerator for Circular Bioeconomy Startups,Training,All Countries,1/11/2026,"The BEAM Circular Accelerator is designed to support high-growth startups advancing the circular bioeconomy and provides capital, coaching, and strategic connections to help them scale sustainably.","Agriculture Food &amp; Nutrition, Food Safety, Business &amp; Industry, Entrepreneurship, Startups, Energy, Sustainable Development",https://www.gener8tor.com/investment-accelerators/beam-circular
Cox Cleantech Accelerator for Climate and Sustainability Startups,Training,All Countries,1/11/2026,"The Cox Cleantech Accelerator invests in founders pioneering the next generation of sustainable solutions and provides capital, mentorship, and strategic connections to help startups grow into high-impact companies.","Businesses, Companies and Enterprises, Startups, Climate Change, Sustainable Development",https://www.gener8tor.com/investment-accelerators/cox-cleantech
Youth Ambassador Programme,Events,All Countries,1/13/2026,The Youth Ambassador Programme in partnership with IBO as part of Festival of Hope supports young changemakers to create and build upon social impact projects addressing the Sustainable Development Goals (SDGs).,"Individuals, Youth, Innovation, Sustainable Development, Youth &amp; Adolescents",https://hundred.org/en/youth-ambassadors
Entries open for Eye Health Accelerator Program,Training,"Angola, Benin, Botswana, Burkina Faso, Burundi, Cameroon, Cape Verde, Central African Republic, Chad, Comoros, Congo (Brazzaville), Congo DR, Cote DIvoire (Ivory Coast), Djibouti, Equatorial Guinea, Eritrea, Ethiopia, Gabon, Gambia, Ghana, Guinea, Guinea-Bissau, Kenya, Lesotho, Liberia, Madagascar, Malawi, Mali, Mauritania, Mauritius, Mozambique, Namibia, Niger, Nigeria, Reunion, Rwanda, Sao Tome And Principe, Senegal, Seychelles, Sierra Leone, Somalia, South Africa, Sudan, Swaziland, Tanzania, Togo, Uganda, Western Sahara, Zambia, Zimbabwe",1/14/2026,The Eye Health Accelerator Program invites legally registered African startups with validated solutions and demonstrated traction to apply and scale tech-enabled innovations tackling major vision challenges across the continent.,"Business &amp; Industry, Startups, Health, Innovation, Technology, Sustainable Development",https://vc4a.com/villgro-africa/eye-health-accelerator-call-for-applications/application/eye-health-accelerator/
Overseas Translation Education Support Program,Events,All Countries,1/14/2026,The Literature Translation Institute of Korea (LTI Korea) provides support to Korean literature translation workshops hosted by overseas universities offering Korean language or Korean literature programs.,"Literature, Education, , Individuals",https://www.facebook.com/photo?fbid=1307274904769894&amp;set=pcb.1307275028103215
Community-driven MHPSS for Children Affected by Conflict,Grant,All Countries,1/15/2026,The Peace of Mind Foundation (PoM) has announced an important opportunity for organisations to apply for funding to deliver and psychosocial support (MHPSS) services targeted at children affected by conflict and crisis.,"Children, Health, Mental Health &amp; Crisis Support, Psychosocial Support",https://www.linkedin.com/posts/foundation-peace-of-mind_mhpss-grants-activity-7401630253648945152-jyW0/?utm_source=share&amp;utm_medium=member_desktop&amp;rcm=ACoAAEs7GpEBIND9mAbY0lhKs7wNzewCs4JJIlg
RFPs: Gender Equity/GBV Evidence Accelerator Fellowship Program,Grant,"Afghanistan, Albania, Algeria, American Samoa, Angola, Argentina, Armenia, Azerbaijan, Bangladesh, Belarus, Belize, Benin, Bhutan, Bolivia, Bosnia And Herzegovina, Botswana, Brazil, Bulgaria, Burkina Faso, Burundi, Cambodia, Cameroon, Cape Verde, Central African Republic, Chad, China, Colombia, Comoros, Congo (Brazzaville), Congo DR, Costa Rica, Cote DIvoire (Ivory Coast), Cuba, Djibouti, Dominica, Dominican Republic, Ecuador, Egypt, El Salvador, Equatorial Guinea, Eritrea, Ethiopia, Fiji, Gabon, Georgia, Ghana, Grenada, Guatemala, Guinea, Guinea-Bissau, Guyana, Haiti, Honduras, India, Indonesia, Iran, Iraq, Jamaica, Jordan, Kazakhstan, Kenya, Kiribati, North Korea, Kyrgyzstan, Laos, Lebanon, Lesotho, Liberia, Libya, Macedonia, Madagascar, Malawi, Malaysia, Maldives, Mali, Marshall Islands, Mauritania, Mauritius, Mexico, Micronesia Federated States Of, Moldova Republic Of, Mongolia, Morocco, Mozambique, Burma(Myanmar), Namibia, Nepal, Nicaragua, Niger, Nigeria, Pakistan, Palau, Palestinian Territories, Papua New Guinea, Paraguay, Peru, Philippines, Russia, Rwanda, Saint Lucia, Saint Vincent And The Grenadines, Samoa, Sao Tome And Principe, Senegal, Sierra Leone, Solomon Islands, Somalia, South Africa, Sri Lanka, Sudan, Suriname, Swaziland, Syria, Tajikistan, Tanzania, Thailand, East Timor (Timor-Leste), Togo, Tonga, Tunisia, Turkey, Turkmenistan, Tuvalu, Uganda, Ukraine, Uzbekistan, Vanuatu, Viet Nam, Yemen, Zambia, Zimbabwe, Montenegro, Serbia, Kosovo, South Sudan",1/16/2026,"The Gender Equity/GBV Evidence Accelerator Fellowship Program offers sponsored mentorship and select coursework through the Center for Global Women’s Health and Gender Equity (CGWHGE) at the Johns Hopkins University to practitioners, professionals and scholars engaged in gender equity work, including those focused on gender-based violence (GBV), particularly in low- and middle-income settings.","Career Development, Individuals, Violence Prevention, Research",https://publichealth.jhu.edu/center-for-global-womens-health-and-gender-equity/training-opportunities/gender-equity/gbv-evidence-accelerator-fellowship
RFPs: Accelerating Youth-Led Action in Addressing Climate Mobility in Africa,Grant,"Algeria, Angola, Benin, Botswana, Burkina Faso, Burundi, Cameroon, Cape Verde, Central African Republic, Chad, Comoros, Congo (Brazzaville), Congo DR, Cote DIvoire (Ivory Coast), Djibouti, Egypt, Equatorial Guinea, Eritrea, Ethiopia, Gabon, Gambia, Ghana, Guinea, Guinea-Bissau, Kenya, Lesotho, Liberia, Libya, Madagascar, Malawi, Mali, Mauritania, Mauritius, Mayotte, Morocco, Mozambique, Namibia, Niger, Nigeria, Reunion, Rwanda, Saint Helena, Sao Tome And Principe, Senegal, Seychelles, Sierra Leone, Somalia, South Africa, Sudan, Swaziland, Tanzania, Togo, Tunisia, Uganda, Western Sahara, Zambia, Zimbabwe, South Sudan",1/19/2026,The International Organization for Migration (IOM) is inviting a grant opportunity for youth-led civil society organisations (CSOs) across Africa through its Accelerating Youth-Led Action in Addressing Climate Mobility in Africa programme.,"Civil Society Development, Capacity Building, Climate Change, Youth &amp; Adolescents",https://environmentalmigration.iom.int/accelerating-youth-led-action-addressing-climate-mobility-africa-call-grant-application-and-selection-criteria
Motorola Solutions Foundation Grants Program 2026,Grant,All Countries,1/22/2026,"The Motorola Solutions Foundation has officially opened its 2026 grant cycle and is inviting eligible organizations to submit an inquiry form by January 22, 2026.","Education, Technology",https://www.motorolasolutions.com/en_us/about/motorola-solutions-foundation/annual-grants.html
African Poetry Digital Humanities Grant 2026,Grant,"Algeria, Angola, Benin, Botswana, Burkina Faso, Burundi, Cameroon, Cape Verde, Central African Republic, Chad, Comoros, Congo (Brazzaville), Congo DR, Cote DIvoire (Ivory Coast), Djibouti, Egypt, Equatorial Guinea, Eritrea, Ethiopia, Gabon, Gambia, Ghana, Guinea, Guinea-Bissau, Kenya, Lesotho, Liberia, Libya, Madagascar, Malawi, Mali, Mauritania, Mauritius, Mayotte, Morocco, Mozambique, Namibia, Niger, Nigeria, Reunion, Rwanda, Saint Helena, Sao Tome And Principe, Senegal, Seychelles, Sierra Leone, Somalia, South Africa, Sudan, Swaziland, Tanzania, Togo, Tunisia, Uganda, Western Sahara, Zambia, Zimbabwe, South Sudan",1/23/2026,The Andrew Mellon Foundation is seeking applications from scholars and researchers for the African Poetry Digital Humanities Grant.,"Arts &amp; Culture, Literature, Community Development, Researchers, Research, Technology, Humanities",https://africanpoetics.brown.edu/s/portal/page/african-poetry-digital-humanities-grant-2026
Open Call: Kellogg-Morgan Stanley Sustainable Investing Challenge,"Awards, Prizes and Challenges",All Countries,1/25/2026,The Kellogg-Morgan Stanley Sustainable Investing Challenge invites teams of graduate students from around the world to develop and pitch creative financial approaches to tackle pressing social and environmental challenges.,"Food Safety, Education, Career Development, Climate Change, Energy, Environment, Health, Health care, Students, Innovation, Sustainable Development, Water",https://www.sustainableinvestingchallenge.org/
PhD Forest Sciences Scholarships 2025,Scholarship,"Ethiopia, Mozambique, Rwanda, Tanzania, Uganda",1/25/2026,The Regional Research School in Forest Sciences Programme is inviting qualified candidates to apply and compete for the 20 PhD Forest Science scholarships available for a maximum period of four years starting from April/May 2026.,"Capacity Building, Education, Biodiversity, Climate Change, Environment, , Refugees, Migrants and Asylum Seekers, Students, Women and Girls, Livelihood, Research, Science, Sustainable Development, Women &amp; Gender",https://www.cfwt.sua.ac.tz/reforest/call-for-applications-phd-forest-sciences-scholarships-2025-20-positions/
Long-Term Vision for the Madagascar and Indian Ocean Islands Biodiversity Hotspot,Grant,All Countries,1/26/2026,"The Critical Ecosystem Partnership Fund, a global programme supporting civil society to safeguard biodiversity hotspots, is inviting proposals to develop a long-term strategic vision for investment in the Madagascar and Indian Ocean Islands biodiversity hotspot.","Civil Society Development, Capacity Building, Biodiversity, Conservation, Academicians",https://www.cepf.net/grants/open-calls-for-proposals/2025-long-term-vision-madio-cfp
Social Impact Grants Program,Grant,All Countries,1/28/2026,"The Global Climbing Initiative’s Social Impact Grants empower locally led projects that foster greater access, inclusion, and leadership within climbing communities.","Community Development, Leadership",https://globalclimbing.org/social-impact-grants
RFA's: Wild Wonder Project Micro Grants 2026,Grant,All Countries,1/29/2026,"The Wild Wonder Project Micro Grants is designed to help individuals and small groups bring innovative nature journaling projects to life, especially those that introduce this practice to new audiences and underserved communities.","Community Engagement, Purchase of New Equipment, Individuals",https://www.wildwonder.org/grants
RFAs: Wild Wonder Project Micro Grants 2026,Grant,All Countries,1/29/2026,"The Wild Wonder Project Micro Grants is designed to help individuals and small groups bring innovative nature journaling projects to life, especially those that introduce this practice to new audiences and underserved communities.","Community Engagement, Purchase of New Equipment, Individuals",https://www.wildwonder.org/grants
ACT Foundation Grants for Scalable Health and Entrepreneurship Programs (Africa),Grant,"Algeria, Angola, Benin, Botswana, Burkina Faso, Burundi, Cameroon, Cape Verde, Central African Republic, Chad, Comoros, Congo (Brazzaville), Congo DR, Cote DIvoire (Ivory Coast), Djibouti, Egypt, Equatorial Guinea, Eritrea, Ethiopia, Gabon, Gambia, Ghana, Guinea, Guinea-Bissau, Kenya, Lesotho, Liberia, Libya, Madagascar, Malawi, Mali, Mauritania, Mauritius, Mayotte, Morocco, Mozambique, Namibia, Niger, Nigeria, Reunion, Rwanda, Saint Helena, Sao Tome And Principe, Senegal, Seychelles, Sierra Leone, Somalia, South Africa, Sudan, Swaziland, Tanzania, Togo, Tunisia, Uganda, Western Sahara, Zambia, Zimbabwe, South Sudan",1/30/2026,"ACT Foundation is inviting eligible organizations across Africa to apply for grants aimed at promoting sustainable, community-driven solutions that address pressing social, economic, and environmental challenges on the continent.","Entrepreneurship, Community Development, Health",https://actrustfoundation.org/grant_application
Global Youth Action Fund,Grant,All Countries,1/30/2026,The International Baccalaureate has launched its Global Youth Action Fund to provide financial and capability building support to young changemakers aged 12 to 19 who are transforming their projects into real impact in their communities.,"Entrepreneurship, Capacity Building, Community Development, Climate Change, Environment, Students, Youth, Innovation, Leadership, Sustainable Development, Youth &amp; Adolescents",https://ibo.org/news/news-about-the-ib/global-youth-action-fund
Entries open for African Energy Futures Grant Program,Grant,"Algeria, Angola, Benin, Botswana, Burkina Faso, Burundi, Cameroon, Cape Verde, Central African Republic, Chad, Comoros, Congo (Brazzaville), Congo DR, Cote DIvoire (Ivory Coast), Djibouti, Egypt, Equatorial Guinea, Eritrea, Ethiopia, Gabon, Gambia, Ghana, Guinea, Guinea-Bissau, Kenya, Lesotho, Liberia, Libya, Madagascar, Malawi, Mali, Mauritania, Mauritius, Mayotte, Morocco, Mozambique, Namibia, Niger, Nigeria, Reunion, Rwanda, Saint Helena, Sao Tome And Principe, Senegal, Seychelles, Sierra Leone, Somalia, South Africa, Sudan, Swaziland, Tanzania, Togo, Tunisia, Uganda, Western Sahara, Zambia, Zimbabwe, South Sudan",1/30/2026,"The African Energy Futures has launched its Grant Program to support African-based universities, think-tanks and research institutions to register their interest in forming hubs that will anchor a new collaboration network.","Capacity Building, Energy, Leadership, Research",https://africanenergyfutures.org/call-for-proposals/
Apply for Blue Corridors for Turtles (BC4T) Small Grants Fund,Grant,All Countries,1/31/2026,"The State of the World’s Sea Turtles program, in partnership with the World Wide Fund for Nature and Wildlife Computers, has launched the Blue Corridors for Turtles Small Grants Fund to support community-engaged research initiatives focused on marine turtle conservation.","Endangered Species, Marine, Community Engagement, Conservation, Research",https://www.seaturtlestatus.org/bc4t-grants
Apply for the Asia House Fellowship Programme,Fellowship,All Countries,1/31/2026,"The Asia House Fellowship Programme is pleased to announce its applications to support early-career professionals in producing original, policy-relevant research focused on Asia and the Middle East.","Business &amp; Industry, Energy, Individuals, Leaders, Artificial Intelligence, Leadership, Research, Technology, Sustainable Development",https://www.asiahouse.org/fellowship-programme/
International Design Competition,Events,All Countries,1/31/2026,The BE OPEN Foundation is pleased to announce its International Design Competition to mobilize urgent and sustained action to achieve gender equality and the empowerment of all women and girls while supporting the achievement of the Sustainable Development Goals.,"Entrepreneurship, Entrepreneurs, Students, Women and Girls, Innovation, Technology, Sustainable Development, Tourism &amp; Travel, Gender Equality, Women &amp; Gender, Youth &amp; Adolescents",https://designequality2025.com/
The African Impact Challenge: Powering Early Innovators to Build Global Solutions,Challenge,"Algeria, Angola, Benin, Botswana, Burkina Faso, Burundi, Cameroon, Cape Verde, Central African Republic, Chad, Comoros, Congo (Brazzaville), Congo DR, Cote DIvoire (Ivory Coast), Djibouti, Egypt, Equatorial Guinea, Eritrea, Ethiopia, Gabon, Gambia, Ghana, Guinea, Guinea-Bissau, Kenya, Lesotho, Liberia, Libya, Madagascar, Malawi, Mali, Mauritania, Mauritius, Mayotte, Morocco, Mozambique, Namibia, Niger, Nigeria, Reunion, Rwanda, Saint Helena, Sao Tome And Principe, Senegal, Seychelles, Sierra Leone, Somalia, South Africa, Sudan, Swaziland, Tanzania, Togo, Tunisia, Uganda, Western Sahara, Zambia, Zimbabwe, South Sudan",1/31/2026,"The African Impact Challenge empowers daring early innovators to solve African challenges with global potential, providing comprehensive support to build market-shaping, globally competitive businesses.","Business &amp; Industry, Capacity Building, Youth, Innovation",https://www.africanimpact.ca/our-initiatives#how-the-african-impact-challenge-works
African Women Entrepreneurship Cooperative: Building Leaders and Businesses,Events,"Algeria, Angola, Benin, Botswana, Burkina Faso, Burundi, Cameroon, Cape Verde, Central African Republic, Chad, Comoros, Congo (Brazzaville), Congo DR, Cote DIvoire (Ivory Coast), Djibouti, Egypt, Equatorial Guinea, Eritrea, Ethiopia, Gabon, Gambia, Ghana, Guinea, Guinea-Bissau, Kenya, Lesotho, Liberia, Libya, Madagascar, Malawi, Mali, Mauritania, Mauritius, Mayotte, Morocco, Mozambique, Namibia, Niger, Nigeria, Reunion, Rwanda, Saint Helena, Sao Tome And Principe, Senegal, Seychelles, Sierra Leone, Somalia, South Africa, Sudan, Swaziland, Tanzania, Togo, Tunisia, Uganda, Western Sahara, Zambia, Zimbabwe, South Sudan",2/1/2026,The African Women Entrepreneurship Cooperative is a 12-month leadership and business management capacity building program designed to support women entrepreneurs across Africa and the African diaspora.,"Business &amp; Industry, Businesses, Companies and Enterprises, Entrepreneurship, Capacity Building, Leadership, Women &amp; Gender",https://www.weareawec.org/
STEG Larger Research Grant Program (6th Call),Grant,All Countries,2/2/2026,The Structural Transformation and Economic Growth invites applications to the sixth call for proposals for Larger Research Grants (LRGs).,"Agriculture Food &amp; Nutrition, COVID-19, Employment &amp; Labor, Climate Change, Environment, , PhD Holder, Research",https://steg.cepr.org/call-for-proposals/sixth-call-proposals-steg-larger-research-grants
Graduate Research Grant Program,Grant,All Countries,2/2/2026,"The Organization for Autism Research has launched its Graduate Research Grant Program to support independent autism research by graduate, doctoral and post-doctoral students whose work aims to produce practical, objective outcomes that can improve the lives of autistic people and their communities.","Education, Employment &amp; Labor, Family, Students, Research, Science",https://researchautism.org/researchers/graduate-research/
IPI’s AI Accelerator for Media: Building Sustainable Newsrooms in the Global Majority,Training,"Afghanistan, Algeria, Angola, Argentina, Bahrain, Bangladesh, Benin, Bhutan, Bolivia, Botswana, Brazil, Brunei, Burkina Faso, Burundi, Cambodia, Cameroon, Cape Verde, Central African Republic, Chad, Chile, China, Colombia, Comoros, Congo (Brazzaville), Congo DR, Costa Rica, Cote DIvoire (Ivory Coast), Cuba, Djibouti, Dominican Republic, Ecuador, Egypt, El Salvador, Equatorial Guinea, Eritrea, Ethiopia, Gabon, Gambia, Ghana, Guatemala, Guinea, Guinea-Bissau, Honduras, India, Indonesia, Iran, Iraq, Israel, Japan, Jordan, Kazakhstan, Kenya, South Korea, North Korea, Kuwait, Kyrgyzstan, Laos, Lebanon, Lesotho, Liberia, Libya, Madagascar, Malawi, Malaysia, Maldives, Mali, Mauritania, Mauritius, Mayotte, Mexico, Mongolia, Morocco, Mozambique, Burma(Myanmar), Namibia, Nepal, Nicaragua, Niger, Nigeria, Oman, Oman, Pakistan, Palestinian Territories, Panama, Paraguay, Peru, Philippines, Puerto Rico, Qatar, Qatar, Reunion, Russia, Rwanda, Saint Helena, Sao Tome And Principe, Saudi Arabia, Senegal, Seychelles, Sierra Leone, Singapore, Somalia, South Africa, Sri Lanka, Sudan, Swaziland, Syria, Tajikistan, Tanzania, Thailand, East Timor (Timor-Leste), Togo, Tunisia, Turkey, Turkmenistan, Uganda, United Arab Emirates, Uruguay, Uzbekistan, Venezuela, Viet Nam, Western Sahara, Yemen, Zambia, Zimbabwe, South Sudan",2/4/2026,IPI’s Global AI Accelerator for Media is a specialized programme designed to support small and mid-sized independent news outlets in Global Majority countries as they navigate business sustainability and innovation in the age of artificial intelligence.,"Business &amp; Industry, Literacy, Artificial Intelligence, Information Technology, Innovation, Journalism, Media",https://ipi.media/innovation/global-ai-accelerator-for-media/
Milken–Penn GSE EBPC: Empowering Education Entrepreneurs Worldwide,"Awards, Prizes and Challenges",All Countries,2/11/2026,"The Milken–Penn GSE Education Business Plan Competition (EBPC) invites education entrepreneurs from around the world to scale their most innovative ventures and compete for prizes, expert mentorship, and access to a global network of education innovators.","Languages, Business &amp; Industry, Entrepreneurship, Education, Learning, Entrepreneurs, Individuals, Innovation, Technology",https://www.educationcompetition.org/
Empowering Communities with Solar Energy for Equity and Sustainability,Grant,All Countries,2/12/2026,"The Honnold Foundation supports community-driven projects that expand solar energy access, promote social and economic equity, and reduce environmental impact in marginalized communities worldwide.","Community Development, Energy, Environment",https://www.honnoldfoundation.org/become-a-partner#become-a-partner-hero
Establishment and Operation of a Knowledge Center for Development Cooperation,Events,"Afghanistan, Albania, Algeria, Angola, Argentina, Armenia, Azerbaijan, Bangladesh, Belarus, Belize, Benin, Bhutan, Bolivia, Bosnia And Herzegovina, Botswana, Brazil, Burkina Faso, Burundi, Cambodia, Cameroon, Cape Verde, Central African Republic, Chad, China, Colombia, Comoros, Congo (Brazzaville), Congo DR, Costa Rica, Cote DIvoire (Ivory Coast), Cuba, Djibouti, Dominica, Dominican Republic, Ecuador, Egypt, El Salvador, Equatorial Guinea, Eritrea, Ethiopia, Fiji, Gabon, Gambia, Georgia, Ghana, Grenada, Guatemala, Guinea, Guinea-Bissau, Guyana, Haiti, Honduras, India, Indonesia, Iran, Iraq, Jamaica, Jordan, Kazakhstan, Kenya, Kiribati, North Korea, Kyrgyzstan, Laos, Lebanon, Lesotho, Liberia, Libya, Macedonia, Madagascar, Malawi, Malaysia, Maldives, Mali, Marshall Islands, Mauritania, Mauritius, Mexico, Micronesia Federated States Of, Moldova Republic Of, Mongolia, Montserrat, Morocco, Mozambique, Burma(Myanmar), Namibia, Nauru, Nepal, Nicaragua, Niger, Nigeria, Niue, Pakistan, Palau, Palestinian Territories, Panama, Papua New Guinea, Paraguay, Peru, Philippines, Rwanda, Saint Helena, Saint Lucia, Saint Vincent And The Grenadines, Samoa, Sao Tome And Principe, Senegal, Sierra Leone, Solomon Islands, Somalia, South Africa, Sri Lanka, Sudan, Suriname, Swaziland, Syria, Tajikistan, Tanzania, Thailand, East Timor (Timor-Leste), Togo, Tokelau, Tonga, Tunisia, Turkey, Turkmenistan, Tuvalu, Uganda, Ukraine, Uzbekistan, Vanuatu, Venezuela, Viet Nam, Wallis And Futuna, Yemen, Zambia, Zimbabwe, Montenegro, Serbia, Kosovo, South Sudan",2/12/2026,"The Norwegian Agency for Development Cooperation (Norad), on behalf of the Ministry of Foreign Affairs, is announcing a call for proposals to establish and operate a Knowledge Center for Development Cooperation to strengthen effective and knowledge-based development efforts through civil society.","Civil Society Development, Capacity Building, Individuals, Research",https://grants.mfa.no/#call/4341/main
Call for Submissions: Journalist Fellowship Programme,Fellowship,All Countries,2/13/2026,The Thomson Reuters Foundation has announced its Journalist Fellowship Programme to support mid-career journalists to take some time out from their day jobs to explore journalism in depth.,"Climate Change, Environment, Journalists, Journalism, Media, Research, Sustainable Development",https://reutersinstitute.politics.ox.ac.uk/our-journalist-fellowship-programme
Open Call for Expression of Interest for the Learning and Skilling Programme (Uganda),Grant,Uganda,2/13/2026,Open Call for Expression of Interest issued by United Nations International Children’s Emergency Fund (UNICEF) to engage partners in the Learning and Skilling Programme under the 2026–2030 Uganda Country Programme.,"Children, Disability, Education, Learning, Out-of-School, Refugee &amp; Asylum Seekers, Youth &amp; Adolescents",https://www.unpartnerportal.org/landing/opportunities/
Child Protection for All: Uganda Country Programme 2026–2030,Grant,Uganda,2/13/2026,The United Nations International Children’s Emergency Fund (UNICEF) invites qualified organizations to submit applications for funding to support the strengthening of child protection systems in Uganda.,"Children, Family, Legal Services, Violence Prevention, Youth &amp; Adolescents",https://www.unpartnerportal.org/landing/opportunities/
BlueInvest Africa 2026 Call: Pitch Your Blue Economy Innovation,Events,"Algeria, Angola, Benin, Botswana, Burkina Faso, Burundi, Cameroon, Cape Verde, Central African Republic, Chad, Comoros, Congo (Brazzaville), Congo DR, Cote DIvoire (Ivory Coast), Djibouti, Egypt, Equatorial Guinea, Eritrea, Ethiopia, Gabon, Gambia, Ghana, Guinea, Guinea-Bissau, Kenya, Lesotho, Liberia, Libya, Madagascar, Malawi, Mali, Mauritania, Mauritius, Mayotte, Morocco, Mozambique, Namibia, Niger, Nigeria, Reunion, Rwanda, Saint Helena, Sao Tome And Principe, Senegal, Seychelles, Sierra Leone, Somalia, South Africa, Sudan, Swaziland, Tanzania, Togo, Tunisia, Uganda, Western Sahara, Zambia, Zimbabwe, South Sudan",2/13/2026,"Are you an entrepreneur with an innovative project in the blue economy? The BlueInvest Africa 2026 call for pitchers is now officially open! This is your chance to showcase your project, connect with investors, and take your ideas to the next level.","Business &amp; Industry, Businesses, Companies and Enterprises, Energy, Sustainable Development",https://blueinvestafrica.eu/
Nominations open for Innovation Award 2026,"Awards, Prizes and Challenges",All Countries,2/15/2026,The Food and Agriculture Organization of the United Nations has established the FAO Award for Innovation to recognise ground-breaking innovation in areas under FAO’s mandate across agrifood systems.,"Agriculture Food &amp; Nutrition, Food Safety, Nutrition, Economic Development, Environment, Academicians, Individuals, Innovation, Technology, Sustainable Development, Women &amp; Gender, Youth &amp; Adolescents",https://www.fao.org/fao-awards/innovation/apply-now/en
FAO Award for Partnership 2026,"Awards, Prizes and Challenges",All Countries,2/15/2026,"Applications are now open for “FAO Award for Partnership” to recognize outstanding cooperation with FAO in advancing the Organization’s work by Members, other UN agencies or international institutions, academic or research entities; and civil society or private sector entities, including media outlets.","Agriculture Food &amp; Nutrition, Food Safety, Nutrition, Community Engagement, Economic Development, Environment, Natural Resources, Malnutrition, Academicians, Innovation, Livelihood, Sustainable Development",https://www.fao.org/fao-awards/partnership/apply-now/en
Ashoka Grants for Preserving and Promoting Dharma Worldwide,Grant,All Countries,2/15/2026,Ashoka Grants support organizations and individuals seeking innovative and enduring ways to preserve and promote the dharma by increasing Buddhist activity around the world.,"Community Development, Individuals, Innovation, Buddhism, Religion",https://khyentsefoundation.org/grants-scholarships/ashoka-grants/
RFPs: Latvian Literature Grant Program for Translators,Grant,"Afghanistan, Aland Islands, Albania, Algeria, American Samoa, Andorra, Angola, Anguilla, Antarctica, Antigua and Barbuda, Argentina, Armenia, Aruba, Australia, Austria, Azerbaijan, Bahamas, Bahrain, Bangladesh, Barbados, Belarus, Belgium, Belize, Benin, Bermuda, Bhutan, Bolivia, Bosnia And Herzegovina, Botswana, Bouvet Island, Brazil, British Indian Ocean Territory, Brunei, Bulgaria, Burkina Faso, Burundi, Cambodia, Cameroon, Canada, Cape Verde, Cayman Islands, Central African Republic, Chad, Chile, China, Christmas Island, Cocos (Keeling) Islands, Colombia, Comoros, Congo (Brazzaville), Congo DR, Cook Islands, Costa Rica, Cote DIvoire (Ivory Coast), Croatia, Cuba, Cyprus, Czech Republic, Denmark, Djibouti, Dominica, Dominican Republic, Ecuador, Egypt, El Salvador, Equatorial Guinea, Eritrea, Estonia, Ethiopia, Falkland Islands (Malvinas), Faroe Islands, Fiji, Finland, France, French Guiana, French Polynesia, French Southern Territories, Gabon, Gambia, Georgia, Germany, Ghana, Gibraltar, Greece, Greenland, Grenada, Guadeloupe, Guam, Guatemala, Guernsey, Guinea, Guinea-Bissau, Guyana, Haiti, Heard Island And Mcdonald Islands, Holy See (Vatican City State), Honduras, Hong Kong SAR, Hungary, Iceland, India, Indonesia, Iran, Iraq, Ireland, Isle Of Man, Israel, Italy, Jamaica, Japan, Jersey, Jordan, Kazakhstan, Kenya, Kiribati, South Korea, North Korea, Kuwait, Kyrgyzstan, Laos, Lebanon, Lesotho, Liberia, Libya, Liechtenstein, Lithuania, Luxembourg, Macau, Macedonia, Madagascar, Malawi, Malaysia, Maldives, Mali, Malta, Marshall Islands, Martinique, Mauritania, Mauritius, Mayotte, Mexico, Micronesia Federated States Of, Moldova Republic Of, Monaco, Mongolia, Montserrat, Morocco, Mozambique, Burma(Myanmar), Namibia, Nauru, Nepal, Netherlands, Netherlands Antilles, New Caledonia, New Zealand, Nicaragua, Niger, Nigeria, Niue, Norfolk Island, Northern Mariana Islands, Norway, Oman, Pakistan, Palau, Palestinian Territories, Panama, Papua New Guinea, Paraguay, Peru, Philippines, Pitcairn, Poland, Portugal, Puerto Rico, Qatar, Reunion, Romania, Russia, Rwanda, Saint Helena, Saint Kitts And Nevis, Saint Lucia, Saint Pierre And Miquelon, Saint Vincent And The Grenadines, Samoa, San Marino, Sao Tome And Principe, Saudi Arabia, Senegal, Seychelles, Sierra Leone, Singapore, Slovak Republic, Slovenia, Solomon Islands, Somalia, South Africa, South Georgia And The South Sandwich Islands, Spain, Sri Lanka, Sudan, Suriname, Svalbard And Jan Mayen, Swaziland, Sweden, Switzerland, Syria, Taiwan, Tajikistan, Tanzania, Thailand, East Timor (Timor-Leste), Togo, Tokelau, Tonga, Trinidad And Tobago, Tunisia, Turkey, Turkmenistan, Turks And Caicos Islands, Tuvalu, Uganda, Ukraine, United Arab Emirates, United Kingdom, United States, United States Minor Outlying Islands, Uruguay, Uzbekistan, Vanuatu, Venezuela, Viet Nam, British Virgin Islands, United States Virgin Islands, Wallis And Futuna, Western Sahara, Yemen, Zambia, Zimbabwe, Montenegro, Saint BarthÃ©lemy, Serbia, Kosovo, South Sudan , CuraÃ§ao, Bonaire Sint Eustatius and Saba, Saint Martin (French Part), Sint Maarten (Dutch Part)",2/15/2026,The Latvian Literature is pleased to announce its Grant Program for Translators to provide financial support to translators who wish to translate Latvian literary works.,"Literature, Children, Individuals, Journalism, Youth &amp; Adolescents",https://latvianliterature.lv/en/grants#
CFPs: Support for Foreign Publishers Publishing Latvian Literature,Grant,"Afghanistan, Aland Islands, Albania, Algeria, American Samoa, Andorra, Angola, Anguilla, Antarctica, Antigua and Barbuda, Argentina, Armenia, Aruba, Australia, Austria, Azerbaijan, Bahamas, Bahrain, Bangladesh, Barbados, Belarus, Belgium, Belize, Benin, Bermuda, Bhutan, Bolivia, Bosnia And Herzegovina, Botswana, Bouvet Island, Brazil, British Indian Ocean Territory, Brunei, Bulgaria, Burkina Faso, Burundi, Cambodia, Cameroon, Canada, Cape Verde, Cayman Islands, Central African Republic, Chad, Chile, China, Christmas Island, Cocos (Keeling) Islands, Colombia, Comoros, Congo (Brazzaville), Congo DR, Cook Islands, Costa Rica, Cote DIvoire (Ivory Coast), Croatia, Cuba, Cyprus, Czech Republic, Denmark, Djibouti, Dominica, Dominican Republic, Ecuador, Egypt, El Salvador, Equatorial Guinea, Eritrea, Estonia, Ethiopia, Falkland Islands (Malvinas), Faroe Islands, Fiji, Finland, France, French Guiana, French Polynesia, French Southern Territories, Gabon, Gambia, Georgia, Germany, Ghana, Gibraltar, Greece, Greenland, Grenada, Guadeloupe, Guam, Guatemala, Guernsey, Guinea, Guinea-Bissau, Guyana, Haiti, Heard Island And Mcdonald Islands, Holy See (Vatican City State), Honduras, Hong Kong SAR, Hungary, Iceland, India, Indonesia, Iran, Iraq, Ireland, Isle Of Man, Israel, Italy, Jamaica, Japan, Jersey, Jordan, Kazakhstan, Kenya, Kiribati, South Korea, North Korea, Kuwait, Kyrgyzstan, Laos, Lebanon, Lesotho, Liberia, Libya, Liechtenstein, Lithuania, Luxembourg, Macau, Macedonia, Madagascar, Malawi, Malaysia, Maldives, Mali, Malta, Marshall Islands, Martinique, Mauritania, Mauritius, Mayotte, Mexico, Micronesia Federated States Of, Moldova Republic Of, Monaco, Mongolia, Montserrat, Morocco, Mozambique, Burma(Myanmar), Namibia, Nauru, Nepal, Netherlands, Netherlands Antilles, New Caledonia, New Zealand, Nicaragua, Niger, Nigeria, Niue, Norfolk Island, Northern Mariana Islands, Norway, Oman, Pakistan, Palau, Palestinian Territories, Panama, Papua New Guinea, Paraguay, Peru, Philippines, Pitcairn, Poland, Portugal, Puerto Rico, Qatar, Reunion, Romania, Russia, Rwanda, Saint Helena, Saint Kitts And Nevis, Saint Lucia, Saint Pierre And Miquelon, Saint Vincent And The Grenadines, Samoa, San Marino, Sao Tome And Principe, Saudi Arabia, Senegal, Seychelles, Sierra Leone, Singapore, Slovak Republic, Slovenia, Solomon Islands, Somalia, South Africa, South Georgia And The South Sandwich Islands, Spain, Sri Lanka, Sudan, Suriname, Svalbard And Jan Mayen, Swaziland, Sweden, Switzerland, Syria, Taiwan, Tajikistan, Tanzania, Thailand, East Timor (Timor-Leste), Togo, Tokelau, Tonga, Trinidad And Tobago, Tunisia, Turkey, Turkmenistan, Turks And Caicos Islands, Tuvalu, Uganda, Ukraine, United Arab Emirates, United Kingdom, United States, United States Minor Outlying Islands, Uruguay, Uzbekistan, Vanuatu, Venezuela, Viet Nam, British Virgin Islands, United States Virgin Islands, Wallis And Futuna, Western Sahara, Yemen, Zambia, Zimbabwe, Montenegro, Saint BarthÃ©lemy, Serbia, Kosovo, South Sudan , CuraÃ§ao, Bonaire Sint Eustatius and Saba, Saint Martin (French Part), Sint Maarten (Dutch Part)",2/15/2026,"The Support for Foreign Publishers Publishing Latvian Literature provides support to foster foreign publishers' interest in Latvian book publishing, literature and its translations into various languages.","Languages, Literature, Children, Individuals, Journalism, Youth &amp; Adolescents",https://latvianliterature.lv/en/grants
GTY Youth Support Grant: Empowering Young Former Combatants for Peace,Grant,All Countries,2/15/2026,The Global Taskforce for Youth Combatants (GTY) Youth Support Grant provides funding for initiatives that help young people associated with non-state armed groups (YANSAG) to unlock their potential and become agents of peace.,"Community Development, Education, Individuals, Peace &amp; Conflict Resolution, Youth &amp; Adolescents",https://gt4y.org/grant/
Entries open for Education Innovation Awards 2026,"Awards, Prizes and Challenges",All Countries,2/16/2026,The Education Innovation Awards 2026 support non-profits using digital technology to advance education access and outcomes for marginalised learners.,"Education, Learning, Information Technology, Innovation",https://theirworld.org/education-innovation-awards-2026/
UNOPS Launches Small Grants Programme for World Day for Assistive Technology,Grant,"Algeria, Angola, Benin, Botswana, Burkina Faso, Burundi, Cameroon, Cape Verde, Central African Republic, Chad, Comoros, Congo (Brazzaville), Congo DR, Cote DIvoire (Ivory Coast), Djibouti, Egypt, Equatorial Guinea, Eritrea, Ethiopia, Gabon, Gambia, Ghana, Guinea, Guinea-Bissau, Kenya, Lesotho, Liberia, Libya, Madagascar, Malawi, Mali, Mauritania, Mauritius, Morocco, Mozambique, Namibia, Niger, Nigeria, Rwanda, Sao Tome And Principe, Senegal, Seychelles, Sierra Leone, Somalia, South Africa, Sudan, Swaziland, Tanzania, Togo, Tunisia, Uganda, Zambia, South Sudan",2/16/2026,"The ATscale secretariat, hosted by the United Nations Office for Project Services (UNOPS) in Geneva, Switzerland, invites eligible organizations to participate in a small grants programme to support World Day for Assistive Technology activities.","Disability, Education, Health, Individuals, Technology",https://grantplus.unops.org/funding-opportunity/15
Call for Expression of Interest: Learning or Livelihood Opportunities for Adolescents (Uganda),Grant,Uganda,2/17/2026,The United Nations International Children’s Emergency Fund (UNICEF) Uganda is calling for expressions of interest from Civil Society Organizations to implement programs aimed at supporting adolescents in their safe transition to productive adulthood.,"Community Development, Learning, Livelihood, Poverty Alleviation, Sustainable Development, Youth &amp; Adolescents",https://www.unpartnerportal.org/landing/opportunities/
EcoHeroes Initiative (Africa),Events,"Algeria, Angola, Benin, Botswana, Burkina Faso, Burundi, Cameroon, Cape Verde, Central African Republic, Chad, Comoros, Congo (Brazzaville), Congo DR, Cote DIvoire (Ivory Coast), Djibouti, Egypt, Equatorial Guinea, Eritrea, Ethiopia, Gabon, Gambia, Ghana, Guinea, Guinea-Bissau, Kenya, Lesotho, Liberia, Libya, Madagascar, Malawi, Mali, Mauritania, Mauritius, Mayotte, Morocco, Mozambique, Namibia, Niger, Nigeria, Reunion, Rwanda, Saint Helena, Sao Tome And Principe, Senegal, Seychelles, Sierra Leone, Somalia, South Africa, Sudan, Swaziland, Tanzania, Togo, Tunisia, Uganda, Western Sahara, Zambia, Zimbabwe, South Sudan",2/17/2026,"Applications are now open again for the EcoHeroes Initiative 2025/2026 cohort, offering African secondary school and university students an opportunity to develop and implement solutions to real environmental challenges in their communities.","Employment &amp; Labor, Biodiversity, Climate Change, Conservation, Energy, Environment, Students, Innovation, Marketing, Technology, Sustainable Development, Youth &amp; Adolescents",https://www.facebook.com/photo.php?fbid=1316522940506631&amp;set=a.619501540208778&amp;type=3&amp;ref=embed_page
The Pan-African Incubation Programme,Training,"Algeria, Angola, Benin, Botswana, Burkina Faso, Burundi, Cameroon, Cape Verde, Central African Republic, Chad, Comoros, Congo (Brazzaville), Congo DR, Cote DIvoire (Ivory Coast), Djibouti, Egypt, Equatorial Guinea, Eritrea, Ethiopia, Gabon, Gambia, Ghana, Guinea, Guinea-Bissau, Kenya, Lesotho, Liberia, Libya, Madagascar, Malawi, Mali, Mauritania, Mauritius, Mayotte, Morocco, Mozambique, Namibia, Niger, Nigeria, Reunion, Rwanda, Saint Helena, Sao Tome And Principe, Senegal, Seychelles, Sierra Leone, Somalia, South Africa, Sudan, Swaziland, Tanzania, Togo, Tunisia, Uganda, Western Sahara, Zambia, Zimbabwe, South Sudan",2/18/2026,"The United Nations Development Programme is requesting applications to support African EdTech startups to strengthen their business models, enhance product development, and become investment-ready with scalable solutions that transform education and reduce inequalities.","Business &amp; Industry, Startups, Education",https://www.undp.org/africa/waca/press-releases/call-applications-join-pan-african-incubation-programme-get-ready-4-timbuktoo-edtech
Advancing Non-Animal Research: ARDF Annual Open Grant Program,Grant,All Countries,2/20/2026,"The ARDF Annual Open Grant Program provides funding support for research projects that advance scientific methods aimed at replacing or reducing the use of animals in research, testing, and education.","Animals &amp; Wildlife, Education, Individuals, Research",https://ardf-online.org/ardf-grants.html
RFAs: The Club of Rome Communications Fellowship Programme,Fellowship,"Algeria, American Samoa, Angola, Antigua and Barbuda, Argentina, Aruba, Australia, Bahamas, Bahrain, Bangladesh, Barbados, Benin, Bolivia, Botswana, Brazil, Brunei, Burkina Faso, Burundi, Cambodia, Cameroon, Cape Verde, Cayman Islands, Central African Republic, Chad, Chile, China, Colombia, Comoros, Congo (Brazzaville), Congo DR, Cook Islands, Costa Rica, Cote DIvoire (Ivory Coast), Cuba, Djibouti, Dominican Republic, Ecuador, Egypt, El Salvador, Equatorial Guinea, Eritrea, Ethiopia, Fiji, French Polynesia, Gabon, Gambia, Ghana, Grenada, Guadeloupe, Guam, Guatemala, Guinea, Guinea-Bissau, Haiti, Honduras, Hong Kong SAR, India, Indonesia, Iran, Iraq, Israel, Jamaica, Japan, Jordan, Kenya, Kiribati, South Korea, North Korea, Kuwait, Laos, Lebanon, Lesotho, Liberia, Libya, Macau, Madagascar, Malawi, Malaysia, Maldives, Mali, Marshall Islands, Martinique, Mauritania, Mauritius, Mayotte, Mexico, Micronesia Federated States Of, Mongolia, Morocco, Mozambique, Burma(Myanmar), Namibia, Nauru, Nepal, New Caledonia, New Zealand, Nicaragua, Niger, Nigeria, Niue, Northern Mariana Islands, Oman, Pakistan, Palau, Palestinian Territories, Panama, Papua New Guinea, Paraguay, Peru, Philippines, Puerto Rico, Qatar, Reunion, Russia, Rwanda, Saint Helena, Saint Kitts And Nevis, Saint Lucia, Saint Vincent And The Grenadines, Samoa, Sao Tome And Principe, Saudi Arabia, Senegal, Seychelles, Sierra Leone, Singapore, Solomon Islands, Somalia, South Africa, Sri Lanka, Sudan, Swaziland, Syria, Taiwan, Tanzania, Thailand, Togo, Tokelau, Tonga, Trinidad And Tobago, Tunisia, Turks And Caicos Islands, Tuvalu, Uganda, United Arab Emirates, Uruguay, Vanuatu, Venezuela, Viet Nam, United States Virgin Islands, Wallis And Futuna, Western Sahara, Yemen, Zambia, Zimbabwe, Saint BarthÃ©lemy, South Sudan",2/20/2026,"The Club of Rome is currently accepting applications for its Communications Fellowship to support early-career communications professionals from Most of the World: Africa, Latin America and the Caribbean, Middle East and Asia-Pacific.","Individuals, Students, Journalism, Media, Research, Science, Sustainable Development",https://www.clubofrome.org/vacancy/communications-fellowship-2026/
Nominations Open: Blue Ocean Student Entrepreneur Competition,"Awards, Prizes and Challenges",All Countries,2/22/2026,The Blue Ocean Student Entrepreneur Competition is a leading virtual pitch competition designed to prepare high school students worldwide for real-world entrepreneurship while empowering them to create innovative blue ocean businesses.,"Business &amp; Industry, Entrepreneurship, Education, Learning, Entrepreneurs, Students, Innovation",https://blueoceancompetition.org/
Future Health Challenge: Building Anticipatory Health Systems through Population Sensing,Challenge,"Afghanistan, Aland Islands, Albania, Algeria, American Samoa, Andorra, Angola, Anguilla, Antarctica, Antigua and Barbuda, Argentina, Armenia, Aruba, Australia, Austria, Azerbaijan, Bahamas, Bahrain, Bangladesh, Barbados, Belgium, Belize, Benin, Bermuda, Bhutan, Bolivia, Bosnia And Herzegovina, Botswana, Bouvet Island, Brazil, British Indian Ocean Territory, Brunei, Bulgaria, Burkina Faso, Burundi, Cambodia, Cameroon, Canada, Cape Verde, Cayman Islands, Central African Republic, Chad, Chile, Christmas Island, Cocos (Keeling) Islands, Colombia, Comoros, Congo (Brazzaville), Congo DR, Cook Islands, Costa Rica, Cote DIvoire (Ivory Coast), Croatia, Cyprus, Czech Republic, Denmark, Djibouti, Dominica, Dominican Republic, Ecuador, Egypt, El Salvador, Equatorial Guinea, Eritrea, Estonia, Ethiopia, Falkland Islands (Malvinas), Faroe Islands, Fiji, Finland, France, French Guiana, French Polynesia, French Southern Territories, Gabon, Gambia, Georgia, Germany, Ghana, Gibraltar, Greece, Greenland, Grenada, Guadeloupe, Guam, Guatemala, Guernsey, Guinea, Guinea-Bissau, Guyana, Haiti, Heard Island And Mcdonald Islands, Holy See (Vatican City State), Honduras, Hungary, Iceland, India, Indonesia, Iraq, Ireland, Isle Of Man, Italy, Jamaica, Japan, Jersey, Jordan, Kazakhstan, Kenya, Kiribati, South Korea, Kuwait, Kyrgyzstan, Laos, Latvia, Lebanon, Lesotho, Liberia, Libya, Liechtenstein, Lithuania, Luxembourg, Macau, Macedonia, Madagascar, Malawi, Malaysia, Maldives, Mali, Malta, Marshall Islands, Martinique, Mauritania, Mauritius, Mayotte, Mexico, Micronesia Federated States Of, Moldova Republic Of, Monaco, Mongolia, Montserrat, Morocco, Mozambique, Burma(Myanmar), Namibia, Nauru, Nepal, Netherlands, Netherlands Antilles, New Caledonia, New Zealand, Nicaragua, Niger, Nigeria, Niue, Norfolk Island, Northern Mariana Islands, Norway, Oman, Pakistan, Palau, Palestinian Territories, Panama, Papua New Guinea, Paraguay, Peru, Philippines, Pitcairn, Poland, Portugal, Puerto Rico, Qatar, Reunion, Romania, Russia, Rwanda, Saint Helena, Saint Kitts And Nevis, Saint Lucia, Saint Pierre And Miquelon, Saint Vincent And The Grenadines, Samoa, San Marino, Sao Tome And Principe, Senegal, Seychelles, Sierra Leone, Singapore, Slovak Republic, Slovenia, Solomon Islands, Somalia, South Africa, South Georgia And The South Sandwich Islands, Spain, Sri Lanka, Sudan, Suriname, Svalbard And Jan Mayen, Swaziland, Sweden, Switzerland, Taiwan, Tajikistan, Tanzania, Thailand, East Timor (Timor-Leste), Togo, Tokelau, Tonga, Trinidad And Tobago, Tunisia, Turkey, Turkmenistan, Turks And Caicos Islands, Tuvalu, Uganda, United Arab Emirates, United Kingdom, United States, United States Minor Outlying Islands, Uruguay, Uzbekistan, Vanuatu, Viet Nam, British Virgin Islands, United States Virgin Islands, Wallis And Futuna, Western Sahara, Yemen, Zambia, Zimbabwe, Montenegro, Saint BarthÃ©lemy, Serbia, Kosovo, South Sudan , CuraÃ§ao, Bonaire Sint Eustatius and Saba, Saint Martin (French Part), Sint Maarten (Dutch Part)",2/23/2026,"The Future Health Challenge is inviting applications to support innovative solutions that enable predictive, proactive, and technology-driven approaches to improve population health and strengthen health system resilience.","Business &amp; Industry, Community Development, Environment, Health, Innovation, Technology",https://solve.mit.edu/challenges/future-health-challenge
Science Grant Program,Grant,All Countries,2/25/2026,The EQT Foundation has launched a new open call for proposals under its Science Grants Program to focus on critical mineral substitutes for the green transition.,"Energy, Environment, Researchers, Innovation, Manufacturing, Research, Science, Technology, Sustainable Development",https://eqtgroup.com/news/eqt-foundation-opens-applications-for-breakthrough-science-grants-to-reduce-dependence-on-critical-minerals-for-the-green-transition-2026-01-27
CFPs: Rebecca Rhodes African Inclusive Literacy Research Grant Programme,Grant,"Algeria, Angola, Benin, Botswana, Burkina Faso, Burundi, Cameroon, Cape Verde, Central African Republic, Chad, Comoros, Congo (Brazzaville), Congo DR, Cote DIvoire (Ivory Coast), Djibouti, Egypt, Equatorial Guinea, Eritrea, Ethiopia, Gabon, Gambia, Ghana, Guinea, Guinea-Bissau, Kenya, Lesotho, Liberia, Libya, Madagascar, Malawi, Mali, Mauritania, Mauritius, Mayotte, Morocco, Mozambique, Namibia, Niger, Nigeria, Reunion, Rwanda, Saint Helena, Sao Tome And Principe, Senegal, Seychelles, Sierra Leone, Somalia, South Africa, Sudan, Swaziland, Tanzania, Togo, Tunisia, Uganda, Western Sahara, Zambia, Zimbabwe, South Sudan",2/27/2026,The ADEA and the Comparative and International Education Society (CIES) invites African scholars and practitioners to apply for the 3rd Rebecca H. Rhodes African Inclusive Literacy Research Grant Programme.,"Children, Disability, Education, Literacy, Individuals, Persons with Disabilities, Research, Youth &amp; Adolescents",https://adeanet.org/en/call-applications/2026-rebecca-rhodes-african-inclusive-literacy-research-grant
The Japan Foundation Awards 2026,"Awards, Prizes and Challenges",All Countries,2/27/2026,"The Japan Foundation Awards recognize individuals and organizations that have made outstanding contributions and are expected to continue contributing to the promotion of international mutual understanding and friendship through academic, artistic, and cultural activities.","Arts &amp; Culture, Languages, Education, Artists",https://www.jpf.go.jp/e/about/award/apply/index.html
EMEA Youth &amp; Wellbeing Grant for Safe and Responsible AI,Grant,"Albania, Algeria, Andorra, Angola, Armenia, Austria, Azerbaijan, Bahrain, Belarus, Belgium, Benin, Bosnia And Herzegovina, Botswana, Bulgaria, Burkina Faso, Burundi, Cameroon, Cape Verde, Central African Republic, Chad, Comoros, Congo (Brazzaville), Congo DR, Cote DIvoire (Ivory Coast), Croatia, Cyprus, Czech Republic, Denmark, Djibouti, Egypt, Equatorial Guinea, Eritrea, Estonia, Ethiopia, Finland, France, Gabon, Gambia, Georgia, Germany, Ghana, Greece, Guinea, Guinea-Bissau, Holy See (Vatican City State), Hungary, Iceland, Iran, Iraq, Ireland, Israel, Italy, Jordan, Kenya, Kuwait, Latvia, Lebanon, Lesotho, Liberia, Libya, Liechtenstein, Lithuania, Luxembourg, Macedonia, Madagascar, Malawi, Mali, Malta, Mauritania, Mauritius, Mayotte, Moldova Republic Of, Monaco, Morocco, Mozambique, Namibia, Netherlands, Niger, Nigeria, Norway, Oman, Palestinian Territories, Poland, Portugal, Qatar, Reunion, Romania, Rwanda, Saint Helena, San Marino, Sao Tome And Principe, Saudi Arabia, Senegal, Seychelles, Sierra Leone, Slovak Republic, Slovenia, Somalia, South Africa, Spain, Sudan, Swaziland, Sweden, Switzerland, Syria, Tanzania, Togo, Tunisia, Uganda, Ukraine, United Arab Emirates, United Kingdom, Western Sahara, Yemen, Zambia, Zimbabwe, Montenegro, Kosovo, South Sudan",2/27/2026,"The EMEA Youth &amp; Wellbeing Grant is a €500,000 funding initiative designed to support organizations across Europe, the Middle East and Africa in ensuring that artificial intelligence benefits young people in safe, responsible and developmentally appropriate ways.","Education, Individuals, Artificial Intelligence, Research, Youth &amp; Adolescents",https://openai.com/index/emea-youth-and-wellbeing-grant/
Grow with Miller Center Accelerator Program,Training,All Countries,2/27/2026,"The Miller Center Accelerator is a six-month program designed to equip social enterprise leaders with knowledge, networks, and confidence to scale their mission with intention.","Business &amp; Industry, Businesses, Companies and Enterprises, Community Development, Individuals, Poverty Alleviation, Sustainable Development, Women &amp; Gender",https://millercenterglobal.org/accelerator/
The Blue Catalyst Programme,Events,All Countries,2/27/2026,"The Blue Catalyst Programme is seeking applications to support innovators in harnessing technology to overcome technical and operational barriers in blue carbon projects, providing mentorship, commercialization support, and access to a global network.","Business &amp; Industry, Community Engagement, Biodiversity, Innovation, Technology",https://www.hatch.blue/programs/blue-catalyst
Black Impact Web Grant: Building Digital Power for Black-Led Organizations,Grant,All Countries,2/28/2026,"The Black Impact Web Grant launched by Bombshell Impact Design Agency aims to ensure that Black-led social impact organizations have access to world-class digital infrastructure that reflects their credibility, mission, and impact.","Community Development, Economic Development, Education, Community Health, Health, Social Justice, Black",https://bombshellimpact.com/grant/
Research Support Awards,"Awards, Prizes and Challenges",All Countries,2/28/2026,"Applications are now open for the Research Support Awards to support high quality, independent research which contributes significantly and directly to the knowledge and evidence base of massage therapy and/or its application.","Community Development, Health, Research, Science",https://massagetherapyfoundation.org/grants-awards-contests/research-grants/
Small Peace Research Grant Program,Grant,"Argentina, Bahrain, Bosnia And Herzegovina, India, Iran, Iraq, Israel, Jordan, Kuwait, Lebanon, Oman, Palestinian Territories, Philippines, Qatar, Saudi Arabia, Syria, Uganda, United Arab Emirates, United States, Yemen",2/28/2026,"The International Peace Research Association Foundation has announced its Small Peace Research Grant Program to help fund peace research projects in places as diverse as Argentina, Bosnia, inner city communities in the United States, the Middle East, the Philippines, the Punjab and Uganda.","Community Development, Researchers, Peace &amp; Conflict Resolution, Research",https://iprafoundation.org/grants-info/
Empowered Civil Society for Open and Inclusive Civic Space,Grant,"Angola, Bangladesh, Cambodia, Cape Verde, Congo DR, Dominican Republic, Ethiopia, Fiji, Gambia, Guinea-Bissau, Jamaica, Malawi, Mozambique, Nepal, Papua New Guinea, Rwanda, Samoa, Senegal, Sierra Leone, Tanzania, East Timor (Timor-Leste), Uganda, Vanuatu, Zambia",2/28/2026,"The International Center for Not-for-Profit Law has announced a call for proposals to support civil society organizations in defending and expanding civic space in Nepal through targeted, context-driven initiatives.","Civil Society Development, Community Development",https://www.icnl.org/wp-content/uploads/1CFP_Empowering-Civil-Society-in-SIDS-and-LDCs-Feb-2026.pdf
UN Voluntary Trust Fund Small Grants Programme for Victims of Trafficking,Grant,All Countries,2/28/2026,"The United Nations Voluntary Trust Fund for Victims of Trafficking in Persons has launched the Tenth Cycle of its Small Grants Programme to support short-term, high-impact interventions that provide direct assistance and protection to victims of human trafficking worldwide.","Children, Education, Health, Women &amp; Gender",https://www.unodc.org/unodc/en/human-trafficking-fund/unvtf-funding.html
Growing Roots Grant Program,Grant,"Afghanistan, Algeria, Angola, Antigua and Barbuda, Argentina, Aruba, Bahamas, Bahrain, Bangladesh, Barbados, Benin, Bhutan, Bolivia, Botswana, Brazil, Brunei, Burkina Faso, Burundi, Cambodia, Cameroon, Cape Verde, Cayman Islands, Central African Republic, Chad, Chile, Colombia, Comoros, Congo (Brazzaville), Congo DR, Costa Rica, Cote DIvoire (Ivory Coast), Cuba, Cuba, Djibouti, Dominica, Dominican Republic, Dominican Republic, Ecuador, Egypt, El Salvador, Equatorial Guinea, Eritrea, Ethiopia, Gabon, Gambia, Ghana, Grenada, Guadeloupe, Guatemala, Guinea, Guinea-Bissau, Haiti, Honduras, India, Indonesia, Iran, Iran, Iraq, Israel, Jamaica, Jordan, Kenya, Kuwait, Laos, Lebanon, Lesotho, Liberia, Libya, Madagascar, Malawi, Malaysia, Maldives, Mali, Martinique, Mauritania, Mauritius, Mexico, Morocco, Mozambique, Burma(Myanmar), Namibia, Nepal, Netherlands Antilles, Nicaragua, Niger, Nigeria, Oman, Pakistan, Palestinian Territories, Panama, Paraguay, Peru, Philippines, Puerto Rico, Puerto Rico, Qatar, Reunion, Rwanda, Saint Kitts And Nevis, Saint Lucia, Saint Vincent And The Grenadines, Sao Tome And Principe, Saudi Arabia, Senegal, Seychelles, Sierra Leone, Singapore, Somalia, South Africa, Sri Lanka, Sudan, Sudan, Swaziland, Syria, Tanzania, Thailand, Togo, Trinidad And Tobago, Tunisia, Turks And Caicos Islands, Uganda, United Arab Emirates, Uruguay, Venezuela, Viet Nam, United States Virgin Islands, Western Sahara, Western Sahara, Yemen, Zambia, Zimbabwe, Saint BarthÃ©lemy, Saint Martin (French Part), Sint Maarten (Dutch Part)",2/28/2026,The Growing Roots Grant Program is seeking applications to support new and emerging youth-led initiatives that aim to improve the lives of communities on the frontlines of climate change.,"Capacity Building, Community Development, Infrastructure, Climate Change, Environment, Individuals, Youth, Leadership, Misinformation/Disinformation, Sustainable Development, Youth &amp; Adolescents",https://poweredbyroots.org/resourcing-campaigns
Swift Student Challenge: Empowering Young Developers,"Awards, Prizes and Challenges",All Countries,2/28/2026,The Swift Student Challenge provides an exciting opportunity for students to showcase their creativity and coding capabilities through app playgrounds while learning skills that can be applied in real-world careers.,"Business &amp; Industry, Career Development, Individuals, Youth &amp; Adolescents",https://developer.apple.com/swift-student-challenge/
Nominations open for Responsible Business Leadership Excellence Awards,"Awards, Prizes and Challenges","Algeria, Angola, Benin, Botswana, Burkina Faso, Burundi, Cameroon, Cape Verde, Central African Republic, Chad, Comoros, Congo (Brazzaville), Congo DR, Cote DIvoire (Ivory Coast), Djibouti, Egypt, Equatorial Guinea, Eritrea, Ethiopia, Gabon, Gambia, Ghana, Guinea, Guinea-Bissau, Kenya, Lesotho, Liberia, Libya, Madagascar, Malawi, Mali, Mauritania, Mauritius, Mayotte, Morocco, Mozambique, Namibia, Niger, Nigeria, Reunion, Rwanda, Saint Helena, Sao Tome And Principe, Senegal, Seychelles, Sierra Leone, Somalia, South Africa, Sudan, Swaziland, Tanzania, Togo, Tunisia, Uganda, Western Sahara, Zambia, Zimbabwe, South Sudan",2/28/2026,"The Responsible Business Leadership Excellence Awards is seeking applications to honor businesses, organizations, and professionals driving impactful, innovative, and responsible leadership.","Business &amp; Industry, Community Development, Innovation, Leadership, Technology",https://rbleawards.com/
Nominations open for MEDEA Awards,"Awards, Prizes and Challenges",All Countries,2/28/2026,Applications are now open for the MEDEA Awards to encourage innovation and good practice in the use of media in education.,"Education, Innovation, Media",https://media-and-learning.eu/series/medea-awards/
African CSO Awards: Celebrating Community-Led Impact,"Awards, Prizes and Challenges","Algeria, Angola, Benin, Botswana, Burkina Faso, Burundi, Cameroon, Cape Verde, Central African Republic, Chad, Comoros, Congo (Brazzaville), Congo DR, Cote DIvoire (Ivory Coast), Djibouti, Egypt, Equatorial Guinea, Eritrea, Ethiopia, Gabon, Gambia, Ghana, Guinea, Guinea-Bissau, Kenya, Lesotho, Liberia, Libya, Madagascar, Malawi, Mali, Mauritania, Mauritius, Mayotte, Morocco, Mozambique, Namibia, Niger, Nigeria, Reunion, Rwanda, Saint Helena, Sao Tome And Principe, Senegal, Seychelles, Sierra Leone, Somalia, South Africa, Sudan, Swaziland, Tanzania, Togo, Tunisia, Uganda, Western Sahara, Zambia, Zimbabwe, South Sudan",2/28/2026,The African CSO Awards is requesting applications to support African-led civil society organizations and individuals by celebrating and amplifying their impact in community-led development.,"Community Development, Individuals",https://csoplatform.africa/awards/landing/b2d97ff1-a57a-4efe-ac6b-26ba0199a8b6
Fifth Edition of International Contest for Minority Artists 2026,Events,All Countries,3/1/2026,The Fifth Edition of the International Contest for Minority Artists (2026) aims to provide a platform for art from around the world illustrating themes related to war and reconciliation.,"Arts &amp; Culture, Learning, Minorities, Artists",https://www.ohchr.org/en/minorities/minority-artists-voice-and-dissidence
STDF Project Preparation Grant Program,Grant,"Afghanistan, Albania, Algeria, Angola, Argentina, Armenia, Azerbaijan, Bangladesh, Belarus, Belize, Benin, Bhutan, Bolivia, Bosnia And Herzegovina, Botswana, Brazil, Burkina Faso, Burundi, Cambodia, Cameroon, Cape Verde, Central African Republic, Chad, China, Colombia, Comoros, Congo (Brazzaville), Congo DR, Costa Rica, Cote DIvoire (Ivory Coast), Cuba, Djibouti, Dominica, Dominican Republic, Ecuador, Egypt, El Salvador, Equatorial Guinea, Eritrea, Ethiopia, Fiji, Gabon, Gambia, Georgia, Ghana, Grenada, Guatemala, Guinea, Guinea-Bissau, Guyana, Haiti, Honduras, India, Indonesia, Iran, Iraq, Jamaica, Jordan, Kazakhstan, Kenya, Kiribati, North Korea, Kyrgyzstan, Laos, Lebanon, Lesotho, Liberia, Libya, Macedonia, Madagascar, Malawi, Malaysia, Maldives, Mali, Marshall Islands, Mauritania, Mauritius, Mexico, Micronesia Federated States Of, Moldova Republic Of, Mongolia, Montserrat, Morocco, Mozambique, Burma(Myanmar), Namibia, Nauru, Nepal, Nicaragua, Niger, Nigeria, Niue, Pakistan, Palau, Palestinian Territories, Panama, Papua New Guinea, Paraguay, Peru, Philippines, Rwanda, Saint Helena, Saint Lucia, Saint Vincent And The Grenadines, Samoa, Sao Tome And Principe, Senegal, Sierra Leone, Solomon Islands, Somalia, South Africa, Sri Lanka, Sudan, Suriname, Swaziland, Syria, Tajikistan, Tanzania, Thailand, East Timor (Timor-Leste), Togo, Tokelau, Tonga, Tunisia, Turkey, Turkmenistan, Tuvalu, Uganda, Ukraine, Uzbekistan, Vanuatu, Venezuela, Viet Nam, Wallis And Futuna, Yemen, Zambia, Zimbabwe, Montenegro, Serbia, Kosovo, South Sudan",3/1/2026,The Standards and Trade Development Facility provides Project Preparation Grants to support the development of technically sound and sustainable projects that address sanitary and phytosanitary capacity building needs linked to trade.,"Food Safety, Animals &amp; Wildlife, Capacity Building, Health, Sustainable Development",https://standardsfacility.org/project/apply
Tony Elumelu Foundation Entrepreneurship Program (Africa),Events,"Algeria, Angola, Benin, Botswana, Burkina Faso, Burundi, Cameroon, Cape Verde, Central African Republic, Chad, Comoros, Congo (Brazzaville), Congo DR, Cote DIvoire (Ivory Coast), Djibouti, Egypt, Equatorial Guinea, Eritrea, Ethiopia, Gabon, Gambia, Ghana, Guinea, Guinea-Bissau, Kenya, Lesotho, Liberia, Libya, Madagascar, Malawi, Mali, Mauritania, Mauritius, Mayotte, Morocco, Mozambique, Namibia, Niger, Nigeria, Reunion, Rwanda, Saint Helena, Sao Tome And Principe, Senegal, Seychelles, Sierra Leone, Somalia, South Africa, Sudan, Swaziland, Tanzania, Togo, Tunisia, Uganda, Western Sahara, Zambia, Zimbabwe, South Sudan",3/1/2026,"The Tony Elumelu Foundation 2026 Entrepreneurship Programme provides African entrepreneurs with seed capital, world-class business training, mentorship, and access to networks and market opportunities to grow their ventures","Business &amp; Industry, Entrepreneurship, Community Development, Innovation, Sustainable Development",https://tefconnect.com/homeT
Call for Submissions: Residency in Switzerland,Events,"Algeria, Angola, Argentina, Bangladesh, Benin, Bhutan, Bolivia, Botswana, Brazil, Burkina Faso, Burundi, Cameroon, Cape Verde, Central African Republic, Chad, Chile, China, Colombia, Comoros, Congo (Brazzaville), Congo DR, Cote DIvoire (Ivory Coast), Djibouti, Ecuador, Egypt, Equatorial Guinea, Eritrea, Ethiopia, Gabon, Gambia, Ghana, Guinea, Guinea-Bissau, Hong Kong SAR, India, Jordan, Kenya, Lebanon, Lesotho, Liberia, Macau, Madagascar, Malawi, Mali, Mauritius, Morocco, Mozambique, Namibia, Nepal, Niger, Nigeria, Pakistan, Palestinian Territories, Paraguay, Peru, Rwanda, Sao Tome And Principe, Senegal, Seychelles, Sierra Leone, Somalia, South Africa, Sri Lanka, Swaziland, Taiwan, Tanzania, Togo, Tunisia, Uganda, United Arab Emirates, Uruguay, Venezuela, Viet Nam, Zambia, Zimbabwe, South Sudan",3/1/2026,The Pro Helvetia has announced its Residency in Switzerland to offer artists and cultural practitioners the chance to undertake a residency of up to three months at a partner institution.,"Arts &amp; Culture, Children, Artists, Individuals, Research",https://prohelvetia.ch/en/find-support/residency-in-switzerland/
Strengthening Civil Society to Support Victims of Torture: The UN Voluntary Fund,Grant,All Countries,3/1/2026,The United Nations Voluntary Fund for Victims of Torture provides funding support to civil society organizations that deliver direct assistance and capacity-building services to survivors of torture and their families worldwide.,"Capacity Building, Humanitarian Relief",https://www.ohchr.org/en/about-us/funding-and-budget/trust-funds/united-nations-voluntary-fund-victims-torture
Youth Climate Justice Fund 2026,Grant,"Afghanistan, Albania, Algeria, Andorra, Angola, Antigua and Barbuda, Argentina, Armenia, Aruba, Austria, Azerbaijan, Bahamas, Bahrain, Bangladesh, Barbados, Belarus, Belgium, Belize, Benin, Bhutan, Bolivia, Bosnia And Herzegovina, Botswana, Brazil, Bulgaria, Burkina Faso, Burundi, Cameroon, Canada, Cape Verde, Cayman Islands, Central African Republic, Chad, Chile, China, Colombia, Comoros, Congo (Brazzaville), Congo DR, Costa Rica, Cote DIvoire (Ivory Coast), Croatia, Cuba, Cyprus, Czech Republic, Denmark, Djibouti, Dominica, Dominican Republic, Ecuador, Egypt, El Salvador, Equatorial Guinea, Eritrea, Estonia, Ethiopia, Fiji, Finland, France, French Polynesia, Gabon, Gambia, Georgia, Germany, Ghana, Greece, Grenada, Guadeloupe, Guatemala, Guinea, Guinea-Bissau, Haiti, Holy See (Vatican City State), Honduras, Hungary, Iceland, India, Iran, Iraq, Ireland, Israel, Italy, Jamaica, Japan, Jordan, Kazakhstan, Kenya, Kiribati, South Korea, North Korea, Kuwait, Kyrgyzstan, Latvia, Lebanon, Lesotho, Liberia, Libya, Liechtenstein, Lithuania, Luxembourg, Macedonia, Madagascar, Malawi, Maldives, Mali, Malta, Marshall Islands, Martinique, Mauritania, Mauritius, Mexico, Micronesia Federated States Of, Moldova Republic Of, Monaco, Mongolia, Morocco, Mozambique, Namibia, Nauru, Nepal, Netherlands, New Caledonia, New Zealand, Nicaragua, Niger, Nigeria, Northern Mariana Islands, Norway, Oman, Pakistan, Palau, Palestinian Territories, Panama, Paraguay, Peru, Poland, Portugal, Puerto Rico, Qatar, Reunion, Romania, Rwanda, Saint Kitts And Nevis, Saint Lucia, Saint Vincent And The Grenadines, San Marino, Sao Tome And Principe, Saudi Arabia, Senegal, Seychelles, Sierra Leone, Slovak Republic, Slovenia, Solomon Islands, Somalia, South Africa, Spain, Sri Lanka, Sudan, Swaziland, Sweden, Switzerland, Syria, Taiwan, Tajikistan, Tanzania, Togo, Tonga, Trinidad And Tobago, Tunisia, Turkmenistan, Turks And Caicos Islands, Tuvalu, Uganda, Ukraine, United Arab Emirates, United Kingdom, United States, Uruguay, Uzbekistan, Vanuatu, Venezuela, United States Virgin Islands, Wallis And Futuna, Western Sahara, Yemen, Zambia, Zimbabwe, Montenegro, Saint BarthÃ©lemy, Kosovo",3/1/2026,"The Youth Climate Justice Fund (YCJF) is now accepting applications for its 2026 grant round, supporting youth-led initiatives that advance climate justice and socio-environmental action.","Community Development, Climate Change, Environment, Leadership",https://ycjf.org/how-to-apply
Online Training Course for Egyptian activists Abroad,Training,"Afghanistan, Aland Islands, Albania, Algeria, American Samoa, Andorra, Angola, Anguilla, Antarctica, Antigua and Barbuda, Argentina, Armenia, Aruba, Australia, Austria, Azerbaijan, Bahamas, Bahrain, Bangladesh, Barbados, Belarus, Belgium, Belize, Benin, Bermuda, Bhutan, Bolivia, Bosnia And Herzegovina, Botswana, Bouvet Island, Brazil, British Indian Ocean Territory, Brunei, Bulgaria, Burkina Faso, Burundi, Cambodia, Cameroon, Canada, Cape Verde, Cayman Islands, Central African Republic, Chad, Chile, China, Christmas Island, Cocos (Keeling) Islands, Colombia, Comoros, Congo (Brazzaville), Congo DR, Cook Islands, Costa Rica, Cote DIvoire (Ivory Coast), Croatia, Cuba, Cyprus, Czech Republic, Denmark, Djibouti, Dominica, Dominican Republic, Ecuador, El Salvador, Equatorial Guinea, Eritrea, Estonia, Ethiopia, Falkland Islands (Malvinas), Faroe Islands, Fiji, Finland, France, French Guiana, French Polynesia, French Southern Territories, Gabon, Gambia, Georgia, Germany, Ghana, Gibraltar, Greece, Greenland, Grenada, Guadeloupe, Guam, Guatemala, Guernsey, Guinea, Guinea-Bissau, Guyana, Haiti, Heard Island And Mcdonald Islands, Holy See (Vatican City State), Honduras, Hong Kong SAR, Hungary, Iceland, India, Indonesia, Iran, Iraq, Ireland, Isle Of Man, Israel, Italy, Jamaica, Japan, Jersey, Jordan, Kazakhstan, Kenya, Kiribati, South Korea, North Korea, Kuwait, Kyrgyzstan, Laos, Latvia, Lebanon, Lesotho, Liberia, Libya, Liechtenstein, Lithuania, Luxembourg, Macau, Macedonia, Madagascar, Malawi, Malaysia, Maldives, Mali, Malta, Marshall Islands, Martinique, Mauritania, Mauritius, Mayotte, Mexico, Micronesia Federated States Of, Moldova Republic Of, Monaco, Mongolia, Montserrat, Morocco, Mozambique, Burma(Myanmar), Namibia, Nauru, Nepal, Netherlands, Netherlands Antilles, New Caledonia, New Zealand, Nicaragua, Niger, Nigeria, Niue, Norfolk Island, Northern Mariana Islands, Norway, Oman, Pakistan, Palau, Palestinian Territories, Panama, Papua New Guinea, Paraguay, Peru, Philippines, Pitcairn, Poland, Portugal, Puerto Rico, Qatar, Reunion, Romania, Russia, Rwanda, Saint Helena, Saint Kitts And Nevis, Saint Lucia, Saint Pierre And Miquelon, Saint Vincent And The Grenadines, Samoa, San Marino, Sao Tome And Principe, Saudi Arabia, Senegal, Seychelles, Sierra Leone, Singapore, Slovak Republic, Slovenia, Solomon Islands, Somalia, South Africa, South Georgia And The South Sandwich Islands, Spain, Sri Lanka, Sudan, Suriname, Svalbard And Jan Mayen, Swaziland, Sweden, Switzerland, Syria, Taiwan, Tajikistan, Tanzania, Thailand, East Timor (Timor-Leste), Togo, Tokelau, Tonga, Trinidad And Tobago, Tunisia, Turkey, Turkmenistan, Turks And Caicos Islands, Tuvalu, Uganda, Ukraine, United Arab Emirates, United Kingdom, United States, United States Minor Outlying Islands, Uruguay, Uzbekistan, Vanuatu, Venezuela, Viet Nam, British Virgin Islands, United States Virgin Islands, Wallis And Futuna, Western Sahara, Yemen, Zambia, Zimbabwe, Montenegro, Saint BarthÃ©lemy, Serbia, Kosovo, South Sudan , CuraÃ§ao, Bonaire Sint Eustatius and Saba, Saint Martin (French Part), Sint Maarten (Dutch Part)",3/1/2026,The Minority Rights Group is now accepting applications for their online training course designed to equip Egyptian diaspora activists with the knowledge and tools to drive meaningful change for minority communities.,"Community Development, Individuals, Journalists, Gender Equality",https://minorityrights.org/jobs/egypt-diaspora-course/
RFAs: Scaling the GALS Methodology and Youth Programming (Uganda),Grant,Uganda,3/1/2026,The World Food Programme (WFP) is seeking a qualified partner to consolidate and expand the Gender Analysis Learning System (GALS) methodology within its Youth in Work programme to strengthen gender equality and women’s economic empowerment in Uganda.,"Capacity Building, Employment &amp; Labor, Violence Prevention, Gender Equality, Women &amp; Gender, Youth &amp; Adolescents",https://www.unpartnerportal.org/landing/opportunities/
Open Call: Knowledge Transfer Grants to Strengthen Sustainable Food Systems,Grant,"Albania, Albania, Algeria, Algeria, Andorra, Andorra, Angola, Angola, Armenia, Armenia, Austria, Austria, Azerbaijan, Azerbaijan, Belarus, Belarus, Belgium, Belgium, Benin, Benin, Bosnia And Herzegovina, Bosnia And Herzegovina, Botswana, Botswana, Bulgaria, Bulgaria, Burkina Faso, Burkina Faso, Burundi, Burundi, Cameroon, Cameroon, Cape Verde, Cape Verde, Central African Republic, Central African Republic, Chad, Chad, Comoros, Comoros, Congo (Brazzaville), Congo (Brazzaville), Congo DR, Congo DR, Cote DIvoire (Ivory Coast), Cote DIvoire (Ivory Coast), Croatia, Croatia, Cyprus, Cyprus, Czech Republic, Czech Republic, Denmark, Denmark, Djibouti, Djibouti, Egypt, Egypt, Equatorial Guinea, Equatorial Guinea, Eritrea, Eritrea, Estonia, Estonia, Ethiopia, Ethiopia, Finland, Finland, France, France, Gabon, Gabon, Gambia, Gambia, Georgia, Georgia, Germany, Germany, Ghana, Ghana, Greece, Greece, Guinea, Guinea, Guinea-Bissau, Guinea-Bissau, Holy See (Vatican City State), Holy See (Vatican City State), Hungary, Hungary, Iceland, Iceland, Ireland, Ireland, Italy, Italy, Kenya, Kenya, Latvia, Latvia, Lesotho, Lesotho, Liberia, Liberia, Libya, Libya, Liechtenstein, Liechtenstein, Lithuania, Lithuania, Luxembourg, Luxembourg, Macedonia, Macedonia, Madagascar, Madagascar, Malawi, Malawi, Mali, Mali, Malta, Malta, Mauritania, Mauritania, Mauritius, Mauritius, Mayotte, Mayotte, Moldova Republic Of, Moldova Republic Of, Monaco, Monaco, Morocco, Morocco, Mozambique, Mozambique, Namibia, Namibia, Netherlands, Netherlands, Niger, Niger, Nigeria, Nigeria, Norway, Norway, Poland, Poland, Portugal, Portugal, Reunion, Reunion, Romania, Romania, Rwanda, Rwanda, Saint Helena, Saint Helena, San Marino, San Marino, Sao Tome And Principe, Sao Tome And Principe, Senegal, Senegal, Seychelles, Seychelles, Sierra Leone, Sierra Leone, Slovak Republic, Slovak Republic, Slovenia, Slovenia, Somalia, Somalia, South Africa, South Africa, Spain, Spain, Sudan, Sudan, Swaziland, Swaziland, Sweden, Sweden, Switzerland, Switzerland, Tanzania, Tanzania, Togo, Togo, Tunisia, Tunisia, Uganda, Uganda, Ukraine, Ukraine, United Kingdom, United Kingdom, Western Sahara, Western Sahara, Zambia, Zambia, Zimbabwe, Zimbabwe, Montenegro, Montenegro, Kosovo, Kosovo, South Sudan , South Sudan",3/2/2026,STREAMING is inviting organizations from Africa and Europe to apply for its Open Call for Knowledge Transfer to fund digital training projects that strengthen sustainable food trade systems.,"Farming, Food Safety, Nutrition, Business &amp; Industry, Entrepreneurship, Learning, Health, Malnutrition, Researchers, Innovation, Sustainable Development",https://streamingproject.eu/open-calls/
World Habitat Awards 2027,"Awards, Prizes and Challenges",All Countries,3/2/2026,"Do you know an innovative housing solution helping people in housing need, building climate resilience, or strengthening communities? The World Habitat Awards is now accepting applications from projects that address these challenges in the field of housing.","Community Development, Climate Change, Housing &amp; Shelter, Individuals",https://world-habitat.org/awards/call-for-entries-opening-january-2026/
Yidan Prize 2026,"Awards, Prizes and Challenges",All Countries,3/3/2026,"The Yidan Prize Foundation has announced a global call for nominations for the 2026 Yidan Prize, the world’s highest accolade dedicated to education.","Education, Individuals, Innovation, Research",https://yidanprize.org/the-prize-and-nominations/nominations
Global Citizen Scholarship Program,Scholarship,"Bangladesh, Bhutan, Cambodia, Cameroon, Egypt, Ethiopia, India, Jordan, Kuwait, Laos, Lebanon, Liberia, Madagascar, Malawi, Mozambique, Nepal, Nigeria, Oman, Pakistan, Philippines, Saudi Arabia, Sierra Leone, Sri Lanka, Tanzania, Uganda, United Arab Emirates, Viet Nam, Zimbabwe",3/4/2026,The Ban Ki-moon Foundation has announced its 9th round of Global Citizen Scholarship Program with the objective to empower young global citizens who are passionate about taking action for the United Nations Sustainable Development Goals (SDGs).,"Entrepreneurship, Community Development, Individuals, Youth, Sustainable Development, Youth &amp; Adolescents",https://bankimooncentre.submit.com//show/28
Call for Funding Proposals: Economics of Climate Change Adaptation in Africa,Grant,"Algeria, Angola, Benin, Botswana, Burkina Faso, Burundi, Cameroon, Cape Verde, Central African Republic, Chad, Comoros, Congo (Brazzaville), Congo DR, Cote DIvoire (Ivory Coast), Djibouti, Egypt, Equatorial Guinea, Eritrea, Ethiopia, Gabon, Gambia, Ghana, Guinea, Guinea-Bissau, Kenya, Lesotho, Liberia, Libya, Madagascar, Malawi, Mali, Mauritania, Mauritius, Mayotte, Morocco, Mozambique, Namibia, Niger, Nigeria, Reunion, Rwanda, Saint Helena, Sao Tome And Principe, Senegal, Seychelles, Sierra Leone, Somalia, South Africa, Sudan, Swaziland, Tanzania, Togo, Tunisia, Uganda, Western Sahara, Zambia, Zimbabwe, South Sudan",3/5/2026,The Raising Adaptation Impact and Ambition is inviting funding proposals to support research on the economics of climate change adaptation in Africa.,"Career Development, Climate Change, , Research, Science, Gender Equality",https://www.sei.org/features/call-for-funding-proposals-economics-of-climate-change-adaptation-in-africa/
Special Call for Journalism Grant Program,Grant,All Countries,3/6/2026,The Pulitzer Center has launched a Special Call for Journalism Grants focusing on climate and labor to submit ambitious climate and labor reporting proposals.,"Business &amp; Industry, Community Development, Employment &amp; Labor, Climate Change, Environment, , , , Individuals, Journalists, Journalism, Media, Women &amp; Gender",https://pulitzercenter.org/blog/special-call-journalism-proposals-climate-and-labor
2026 GHG-SMART Sustainable Maritime Transport Training Programme,Events,"Afghanistan, Angola, Bangladesh, Benin, Burkina Faso, Burundi, Cambodia, Central African Republic, Chad, Comoros, Congo DR, Djibouti, Eritrea, Ethiopia, Gambia, Guinea, Guinea-Bissau, Haiti, Kiribati, Laos, Lesotho, Liberia, Madagascar, Malawi, Mali, Mauritania, Mozambique, Burma(Myanmar), Nepal, Niger, Rwanda, Senegal, Sierra Leone, Solomon Islands, Somalia, Sudan, Tanzania, East Timor (Timor-Leste), Togo, Tuvalu, Uganda, Yemen, Zambia, South Sudan",3/6/2026,Maritime professionals from least developed countries and small island developing states now have the opportunity to join a year-long capacity-building initiative aimed at building a global network of leaders in maritime decarbonization.,Capacity Building,https://www.imo.org/en/mediacentre/pages/whatsnew-2426.aspx
Collective Development Fund Grants for Open Access Scholarly Books,Grant,"Aland Islands, Albania, Algeria, American Samoa, Andorra, Angola, Anguilla, Antarctica, Antigua and Barbuda, Argentina, Armenia, Aruba, Australia, Austria, Azerbaijan, Bahamas, Bahrain, Bangladesh, Barbados, Belgium, Belize, Benin, Bermuda, Bhutan, Bolivia, Botswana, Bouvet Island, Brazil, British Indian Ocean Territory, Brunei, Bulgaria, Burkina Faso, Burundi, Cambodia, Cameroon, Canada, Cape Verde, Cayman Islands, Chad, Chile, China, Christmas Island, Cocos (Keeling) Islands, Colombia, Comoros, Congo (Brazzaville), Cook Islands, Costa Rica, Cote DIvoire (Ivory Coast), Croatia, Cuba, Cyprus, Czech Republic, Denmark, Djibouti, Dominica, Dominican Republic, Ecuador, Egypt, El Salvador, Equatorial Guinea, Eritrea, Estonia, Ethiopia, Falkland Islands (Malvinas), Faroe Islands, Fiji, Finland, France, French Guiana, French Polynesia, French Southern Territories, Gabon, Gambia, Georgia, Germany, Ghana, Gibraltar, Greece, Greenland, Grenada, Guadeloupe, Guam, Guatemala, Guernsey, Guyana, Heard Island And Mcdonald Islands, Holy See (Vatican City State), Honduras, Hong Kong SAR, Hungary, Iceland, India, Indonesia, Ireland, Isle Of Man, Israel, Italy, Jamaica, Japan, Jersey, Jordan, Kazakhstan, Kenya, Kiribati, South Korea, Kuwait, Kyrgyzstan, Laos, Latvia, Lesotho, Liberia, Liechtenstein, Lithuania, Luxembourg, Macau, Macedonia, Madagascar, Malawi, Malaysia, Maldives, Malta, Marshall Islands, Martinique, Mauritania, Mauritius, Mayotte, Mexico, Micronesia Federated States Of, Moldova Republic Of, Monaco, Mongolia, Montserrat, Morocco, Mozambique, Namibia, Nauru, Nepal, Netherlands, Netherlands Antilles, New Caledonia, New Zealand, Niger, Nigeria, Niue, Norfolk Island, Northern Mariana Islands, Norway, Oman, Pakistan, Palau, Palestinian Territories, Panama, Papua New Guinea, Paraguay, Peru, Philippines, Pitcairn, Poland, Portugal, Puerto Rico, Qatar, Reunion, Romania, Rwanda, Saint Helena, Saint Kitts And Nevis, Saint Lucia, Saint Pierre And Miquelon, Saint Vincent And The Grenadines, Samoa, San Marino, Sao Tome And Principe, Saudi Arabia, Senegal, Seychelles, Sierra Leone, Singapore, Slovak Republic, Slovenia, Solomon Islands, South Africa, South Georgia And The South Sandwich Islands, Spain, Sri Lanka, Suriname, Svalbard And Jan Mayen, Swaziland, Sweden, Switzerland, Taiwan, Tajikistan, Tanzania, Thailand, East Timor (Timor-Leste), Togo, Tokelau, Tonga, Trinidad And Tobago, Tunisia, Turkey, Turkmenistan, Turks And Caicos Islands, Tuvalu, Uganda, Ukraine, United Arab Emirates, United Kingdom, United States, United States Minor Outlying Islands, Uruguay, Uzbekistan, Vanuatu, Viet Nam, British Virgin Islands, United States Virgin Islands, Wallis And Futuna, Western Sahara, Zambia, Montenegro, Saint BarthÃ©lemy, Serbia, Kosovo, CuraÃ§ao, Bonaire Sint Eustatius and Saba, Saint Martin (French Part), Sint Maarten (Dutch Part)",3/7/2026,"The Open Book Collective, a UK-registered charity developed through Copim’s Community-led Open Publication Infrastructures for Monographs project and now playing a core role in the Open Book Futures initiative, is inviting applications for its Collective Development Fund to advance public education by increasing access to open-access academic books and infrastructures.","Capacity Building, Infrastructure, Individuals",https://obc.copim.pub/obc-collective-development-fund-grant-programme-2026-call-guidance/
Nominations open for WE Empower UN SDG Challenge,"Awards, Prizes and Challenges","Albania, Algeria, American Samoa, Andorra, Angola, Antigua and Barbuda, Antigua and Barbuda, Argentina, Armenia, Aruba, Australia, Austria, Azerbaijan, Bahamas, Bahamas, Bahrain, Bangladesh, Barbados, Barbados, Belarus, Belgium, Belize, Benin, Bolivia, Bosnia And Herzegovina, Botswana, Brazil, Brunei, Bulgaria, Burkina Faso, Burundi, Cambodia, Cameroon, Canada, Cape Verde, Cayman Islands, Central African Republic, Chad, Chile, China, Colombia, Comoros, Congo (Brazzaville), Congo DR, Cook Islands, Costa Rica, Costa Rica, Cote DIvoire (Ivory Coast), Croatia, Cuba, Cuba, Cyprus, Czech Republic, Denmark, Djibouti, Dominica, Dominican Republic, Dominican Republic, Ecuador, Egypt, El Salvador, El Salvador, Equatorial Guinea, Eritrea, Estonia, Ethiopia, Fiji, Finland, France, French Polynesia, Gabon, Gambia, Georgia, Germany, Ghana, Greece, Grenada, Grenada, Guadeloupe, Guam, Guatemala, Guatemala, Guinea, Guinea-Bissau, Haiti, Haiti, Holy See (Vatican City State), Honduras, Honduras, Hong Kong SAR, Hungary, Iceland, India, Indonesia, Iran, Iraq, Ireland, Israel, Italy, Jamaica, Jamaica, Japan, Jordan, Kenya, Kiribati, South Korea, North Korea, Kuwait, Laos, Latvia, Lebanon, Lesotho, Liberia, Libya, Liechtenstein, Lithuania, Luxembourg, Macau, Macedonia, Madagascar, Malawi, Malaysia, Maldives, Mali, Malta, Marshall Islands, Martinique, Mauritania, Mauritius, Mexico, Mexico, Micronesia Federated States Of, Moldova Republic Of, Monaco, Mongolia, Morocco, Mozambique, Burma(Myanmar), Namibia, Nauru, Nepal, Netherlands, New Caledonia, New Zealand, Nicaragua, Nicaragua, Niger, Nigeria, Niue, Northern Mariana Islands, Norway, Oman, Pakistan, Palau, Palestinian Territories, Panama, Panama, Papua New Guinea, Paraguay, Peru, Philippines, Poland, Portugal, Puerto Rico, Qatar, Reunion, Romania, Russia, Rwanda, Saint Kitts And Nevis, Saint Kitts And Nevis, Saint Lucia, Saint Lucia, Saint Vincent And The Grenadines, Saint Vincent And The Grenadines, Samoa, San Marino, Sao Tome And Principe, Saudi Arabia, Senegal, Seychelles, Sierra Leone, Singapore, Slovak Republic, Slovenia, Solomon Islands, Somalia, South Africa, Spain, Sri Lanka, Sudan, Sudan, Swaziland, Sweden, Switzerland, Syria, Taiwan, Tanzania, Thailand, Togo, Tokelau, Tonga, Trinidad And Tobago, Trinidad And Tobago, Tunisia, Turks And Caicos Islands, Tuvalu, Uganda, Ukraine, United Arab Emirates, United Kingdom, United States, Uruguay, Vanuatu, Venezuela, Viet Nam, United States Virgin Islands, Wallis And Futuna, Western Sahara, Western Sahara, Yemen, Zambia, Zimbabwe, Montenegro, Saint BarthÃ©lemy, Kosovo",3/8/2026,"The We Empower is now accepting applications to support United Nations Sustainable Development Goals and promote sustainable, equitable communities.","Business &amp; Industry, Entrepreneurship, Community Engagement, Environment, Sustainable Development, Women &amp; Gender",https://globalfutures.asu.edu/we-empower/apply/
Dutch Ministry of Foreign Affairs Enterprising Futures Scholarship 2026,Scholarship,"Algeria, Benin, Burundi, Congo DR, Cote DIvoire (Ivory Coast), Egypt, Ethiopia, Ghana, Iraq, Jordan, Kenya, Lebanon, Mali, Morocco, Mozambique, Nigeria, Palestinian Territories, Senegal, South Africa, Sudan, Tunisia, Uganda",3/9/2026,The Enterprising Futures Scholarship 2026 supports young entrepreneurs leading scalable start-ups and small to medium-sized enterprises with social or environmental impact by providing global exposure and capacity-building opportunities.,"Businesses, Companies and Enterprises, Entrepreneurship, Startups, Capacity Building, Economic Development, Entrepreneurs",https://www.oneyoungworld.com/scholarship/enterprisingfutures2026
Next Startupper Award,"Awards, Prizes and Challenges",All Countries,3/9/2026,The Next Startupper Award celebrates student entrepreneurs driving positive change through innovation.,"Entrepreneurship, Tertiary &amp; Higher Education, Students, Innovation, Technology",https://vivatech.com/awards/next-startupper-award
International Fellowships Programme,Fellowship,"Afghanistan, Aland Islands, Albania, Algeria, American Samoa, Andorra, Angola, Anguilla, Antarctica, Antigua and Barbuda, Argentina, Armenia, Aruba, Australia, Austria, Azerbaijan, Bahamas, Bahrain, Bangladesh, Barbados, Belarus, Belgium, Belize, Benin, Bermuda, Bhutan, Bolivia, Bosnia And Herzegovina, Botswana, Bouvet Island, Brazil, British Indian Ocean Territory, Brunei, Bulgaria, Burkina Faso, Burundi, Cambodia, Cameroon, Canada, Cape Verde, Cayman Islands, Central African Republic, Chad, Chile, China, Christmas Island, Cocos (Keeling) Islands, Colombia, Comoros, Congo (Brazzaville), Congo DR, Cook Islands, Costa Rica, Cote DIvoire (Ivory Coast), Croatia, Cuba, Cyprus, Czech Republic, Denmark, Djibouti, Dominica, Dominican Republic, Ecuador, Egypt, El Salvador, Equatorial Guinea, Eritrea, Estonia, Ethiopia, Falkland Islands (Malvinas), Faroe Islands, Fiji, Finland, France, French Guiana, French Polynesia, French Southern Territories, Gabon, Gambia, Georgia, Germany, Ghana, Gibraltar, Greece, Greenland, Grenada, Guadeloupe, Guam, Guatemala, Guernsey, Guinea, Guinea-Bissau, Guyana, Haiti, Heard Island And Mcdonald Islands, Holy See (Vatican City State), Honduras, Hong Kong SAR, Hungary, Iceland, India, Indonesia, Iran, Iraq, Ireland, Isle Of Man, Israel, Italy, Jamaica, Japan, Jersey, Jordan, Kazakhstan, Kenya, Kiribati, South Korea, North Korea, Kuwait, Kyrgyzstan, Laos, Latvia, Lebanon, Lesotho, Liberia, Libya, Liechtenstein, Lithuania, Luxembourg, Macau, Macedonia, Madagascar, Malawi, Malaysia, Maldives, Mali, Malta, Marshall Islands, Martinique, Mauritania, Mauritius, Mayotte, Mexico, Micronesia Federated States Of, Moldova Republic Of, Monaco, Mongolia, Montserrat, Morocco, Mozambique, Burma(Myanmar), Namibia, Nauru, Nepal, Netherlands, Netherlands Antilles, New Caledonia, New Zealand, Nicaragua, Niger, Nigeria, Niue, Norfolk Island, Northern Mariana Islands, Norway, Oman, Pakistan, Palau, Palestinian Territories, Panama, Papua New Guinea, Paraguay, Peru, Philippines, Pitcairn, Poland, Portugal, Puerto Rico, Qatar, Reunion, Romania, Russia, Rwanda, Saint Helena, Saint Kitts And Nevis, Saint Lucia, Saint Pierre And Miquelon, Saint Vincent And The Grenadines, Samoa, San Marino, Sao Tome And Principe, Saudi Arabia, Senegal, Seychelles, Sierra Leone, Singapore, Slovak Republic, Slovenia, Solomon Islands, Somalia, South Africa, South Georgia And The South Sandwich Islands, Spain, Sri Lanka, Sudan, Suriname, Svalbard And Jan Mayen, Swaziland, Sweden, Switzerland, Syria, Taiwan, Tajikistan, Tanzania, Thailand, East Timor (Timor-Leste), Togo, Tokelau, Tonga, Trinidad And Tobago, Tunisia, Turkey, Turkmenistan, Turks And Caicos Islands, Tuvalu, Uganda, Ukraine, United Arab Emirates, United States, United States Minor Outlying Islands, Uruguay, Uzbekistan, Vanuatu, Venezuela, Viet Nam, British Virgin Islands, United States Virgin Islands, Wallis And Futuna, Western Sahara, Yemen, Zambia, Zimbabwe, Montenegro, Saint BarthÃ©lemy, Serbia, Kosovo, South Sudan , CuraÃ§ao, Bonaire Sint Eustatius and Saba, Saint Martin (French Part), Sint Maarten (Dutch Part)",3/11/2026,The International Fellowships Programme provides support for outstanding early career researchers to make a first step towards developing an independent research career through gaining experience across international borders.,"Career Development, PhD Holder, Researchers, Innovation, Research",https://www.thebritishacademy.ac.uk/funding/schemes/international-fellowships/
Government of Ireland International Education Scholarships,Scholarship,"Afghanistan, Aland Islands, Albania, Algeria, American Samoa, Andorra, Angola, Anguilla, Antarctica, Antigua and Barbuda, Argentina, Armenia, Aruba, Australia, Azerbaijan, Bahamas, Bahrain, Bangladesh, Barbados, Belize, Benin, Bermuda, Bhutan, Bolivia, Bosnia And Herzegovina, Botswana, Bouvet Island, Brazil, British Indian Ocean Territory, Brunei, Burkina Faso, Burundi, Cambodia, Cameroon, Canada, Cape Verde, Cayman Islands, Central African Republic, Chad, Chile, China, Christmas Island, Cocos (Keeling) Islands, Colombia, Comoros, Congo (Brazzaville), Congo DR, Cook Islands, Costa Rica, Cote DIvoire (Ivory Coast), Cuba, Djibouti, Dominica, Dominican Republic, Ecuador, Egypt, El Salvador, Equatorial Guinea, Eritrea, Ethiopia, Falkland Islands (Malvinas), Faroe Islands, Fiji, French Guiana, French Polynesia, French Southern Territories, Gabon, Gambia, Georgia, Ghana, Gibraltar, Greenland, Grenada, Guadeloupe, Guam, Guatemala, Guernsey, Guinea, Guinea-Bissau, Guyana, Haiti, Heard Island And Mcdonald Islands, Holy See (Vatican City State), Honduras, Hong Kong SAR, India, Indonesia, Iran, Iraq, Isle Of Man, Israel, Jamaica, Japan, Jersey, Jordan, Kazakhstan, Kenya, Kiribati, South Korea, North Korea, Kuwait, Kyrgyzstan, Laos, Lebanon, Lesotho, Liberia, Libya, Macau, Macedonia, Madagascar, Malawi, Malaysia, Maldives, Mali, Marshall Islands, Martinique, Mauritania, Mauritius, Mayotte, Mexico, Micronesia Federated States Of, Moldova Republic Of, Monaco, Mongolia, Montserrat, Morocco, Mozambique, Burma(Myanmar), Namibia, Nauru, Nepal, Netherlands Antilles, New Caledonia, New Zealand, Nicaragua, Niger, Nigeria, Niue, Norfolk Island, Northern Mariana Islands, Oman, Pakistan, Palau, Palestinian Territories, Panama, Papua New Guinea, Paraguay, Peru, Philippines, Pitcairn, Puerto Rico, Qatar, Reunion, Rwanda, Saint Helena, Saint Kitts And Nevis, Saint Lucia, Saint Pierre And Miquelon, Saint Vincent And The Grenadines, Samoa, San Marino, Sao Tome And Principe, Saudi Arabia, Senegal, Seychelles, Sierra Leone, Singapore, Solomon Islands, Somalia, South Africa, South Georgia And The South Sandwich Islands, Sri Lanka, Sudan, Suriname, Svalbard And Jan Mayen, Swaziland, Syria, Taiwan, Tajikistan, Tanzania, Thailand, East Timor (Timor-Leste), Togo, Tokelau, Tonga, Trinidad And Tobago, Tunisia, Turkey, Turkmenistan, Turks And Caicos Islands, Tuvalu, Uganda, Ukraine, United Arab Emirates, United States, United States Minor Outlying Islands, Uruguay, Uzbekistan, Vanuatu, Venezuela, Viet Nam, British Virgin Islands, United States Virgin Islands, Wallis And Futuna, Western Sahara, Yemen, Zambia, Zimbabwe, Montenegro, Saint BarthÃ©lemy, Serbia, Kosovo, South Sudan , CuraÃ§ao, Bonaire Sint Eustatius and Saba, Saint Martin (French Part), Sint Maarten (Dutch Part)",3/12/2026,"The Higher Education Authority is seeking applications for its International Education Scholarships to support high-calibre international students who wish to study at NFQ levels 9 or 10 (master’s, postgraduate diploma or PhD) in Ireland.","Arts &amp; Culture, Politics, Education, Humanitarian Relief, Students, Sports &amp; Recreation",https://hea.ie/policy/internationalisation/goi-ies/
RFPs: Mito Foundation’s Incubator Grant Program,Grant,All Countries,3/13/2026,The Mito Foundation’s Incubator Grant Program provides support to innovative research efforts with the potential to make a positive impact on the mito community.,"Capacity Building, Diseases, Health, Health care, Researchers, Innovation, Research",https://www.mito.org.au/incubator-grants/
VV Visionaries Program: Empowering Women Leaders to Drive Social Impact,Grant,All Countries,3/13/2026,"The Vital Voices Visionaries program in partnership with the Estée Lauder Emerging Leaders Fund (ELELF), the charitable fund of Estée Lauder, was created to support the next generation of emerging leaders who are redefining leadership in their everyday lives.","Business &amp; Industry, Community Engagement, Individuals, Women and Girls, Innovation, Leadership, Women &amp; Gender",https://www.vitalvoices.org/program/visionaries/
Massage Therapy Foundation's Community Service Awards,Grant,All Countries,3/15/2026,The Massage Therapy Foundation has announced its Community Service Awards aim to foster meaningful collaborations between the massage therapy profession and community-based organizations.,Community Development,https://massagetherapyfoundation.org/grants-awards-contests/community-service-awards/
McCain Global Leaders Program,Events,All Countries,3/15/2026,"The McCain Institute is pleased to announce its McCain Global Leaders Program to support senior-career professionals committed to advancing democracy, human rights and positive change to apply for this fully funded, year-long leadership initiative.","Capacity Building, Community Development, Democracy &amp; Good Governance, Human Rights, Individuals, Leaders, Leadership",https://www.mccaininstitute.org/programs/leadership-programs/mccain-global-leaders/
AI for Good Impact Awards: Recognizing Transformative AI Solutions,"Awards, Prizes and Challenges",All Countries,3/15/2026,"The AI for Good Impact Awards honor innovative AI solutions that create meaningful, measurable benefits for people, the planet, and prosperity.","Food Safety, Community Development, Infrastructure, Economic Development, Education, Learning, Biodiversity, Climate Change, Conservation, Health, Individuals, Artificial Intelligence, Information Technology, Innovation, Peace &amp; Conflict Resolution, Poverty Alleviation, Sustainable Development",https://aiforgood.itu.int/ai-for-good-impact-awards/
CFPs: Biostime Institute for Nutrition and Care Grant Program,Grant,All Countries,3/15/2026,The Biostime Institute for Nutrition and Care Grant Program is accepting applications to support innovative studies in maternal and child nutrition and health.,"Nutrition, Children, Health, , Innovation, Research",https://www.biostime-institute.com/research-funding/call-for-grants
Zolve Global Scholarship,Scholarship,All Countries,3/15/2026,"Applications are now open for the Zolve Global Scholarship to recognize and empower exceptional young leaders worldwide who demonstrate excellence, leadership potential and a strong passion for creating positive change in their communities.","Community Development, Leaders, Students, Leadership, Youth &amp; Adolescents",https://zolve.com/scholarship
Apply for Equity-Free Green Chemistry Innovation Program,Grant,All Countries,3/15/2026,"The greenCHEM offers equity-free funding and a lab-embedded validation program designed to transform green chemistry ideas into real-world, sustainable applications.","Business &amp; Industry, Entrepreneurship, Entrepreneurs, Individuals, Researchers, Innovation, Marketing, Technology, Sustainable Development",https://www.greenchem.berlin/innovate-call
2026 Democracy x AI Cohort to Support AI Tools Strengthening Democracy,Training,All Countries,3/16/2026,"The Mozilla Foundation is inviting technologists building AI-driven systems that actively strengthen democracy to apply for its 2026 Democracy x AI Cohort, an initiative designed to support working technologies that promote transparency, accountability, and civic participation.","Community Development, Democracy &amp; Good Governance, Artificial Intelligence, Information Technology",https://www.mozillafoundation.org/en/what-we-do/grantmaking/incubator/democracy-ai-cohort/
Columbia Global Emerging Scholars Fellowship Program,Fellowship,"Algeria, Angola, Antigua and Barbuda, Argentina, Aruba, Bahamas, Bahrain, Barbados, Benin, Bolivia, Botswana, Brazil, Burkina Faso, Burundi, Cameroon, Cape Verde, Cayman Islands, Central African Republic, Chad, Chile, Colombia, Comoros, Congo (Brazzaville), Congo DR, Costa Rica, Cote DIvoire (Ivory Coast), Cuba, Djibouti, Dominican Republic, Ecuador, Egypt, El Salvador, Equatorial Guinea, Eritrea, Ethiopia, Gabon, Gambia, Ghana, Grenada, Guadeloupe, Guatemala, Guinea, Guinea-Bissau, Haiti, Honduras, Iran, Iraq, Israel, Jamaica, Jordan, Kenya, Kuwait, Lebanon, Lesotho, Liberia, Libya, Madagascar, Malawi, Mali, Martinique, Mauritania, Mauritius, Mexico, Morocco, Mozambique, Namibia, Nicaragua, Niger, Nigeria, Oman, Palestinian Territories, Panama, Paraguay, Peru, Puerto Rico, Qatar, Reunion, Rwanda, Saint Kitts And Nevis, Saint Lucia, Saint Vincent And The Grenadines, Sao Tome And Principe, Saudi Arabia, Senegal, Seychelles, Sierra Leone, Somalia, South Africa, Sudan, Sudan, Swaziland, Syria, Tanzania, Togo, Trinidad And Tobago, Tunisia, Turks And Caicos Islands, Uganda, United Arab Emirates, Uruguay, Venezuela, United States Virgin Islands, Western Sahara, Western Sahara, Yemen, Zambia, Zimbabwe, Saint BarthÃ©lemy",3/19/2026,The Columbia Global Emerging Scholars Fellowship Program provides opportunities for early-career scholars in the humanities and humanistic social sciences who hold refugee status or have been forcibly displaced.,"Community Development, Career Development, , Artists, Individuals, PhD Holder, Researchers, Refugee &amp; Asylum Seekers, Research, Humanities, Social Sciences",https://globalcenters.columbia.edu/emerging-scholars-fellowship-program
2026 GCSP Prize for Transformative Futures in Peace and Security,Grant,All Countries,3/20/2026,"The Geneva Centre for Security Policy (GCSP) is inviting applications for its GCSP Prize for Transformative Futures in Peace and Security, a global opportunity to reward visionary ideas that address peace and security challenges.","Education, Climate Change, Human Rights, Cyber Security, Peace &amp; Conflict Resolution, Technology",https://www.gcsp.ch/events/apply-2026-gcsp-prize-transformative-futures-peace-and-security
Strengthening National Supply Chains for Maternal and Newborn Health Access and Efficiency,Grant,"Burkina Faso, Congo DR, Cote DIvoire (Ivory Coast), Ethiopia, Ghana, Guinea, Kenya, Malawi, Rwanda, Senegal, Sierra Leone, Tanzania, Uganda, Zambia, Zimbabwe",3/20/2026,"The Unitaid invites proposals for a multi-country project to address critical barriers to access to maternal and newborn health (MNH) products through targeted interventions, cross-country learning, and community engagement.","Community Engagement, Health",https://unitaid.org/call-for-proposal/inspire-improving-national-supply-chains-for-maternal-and-newborn-health-mnh-product-access-and-resource-effectiveness/
Entries open for Africa Business Concept Challenge,"Awards, Prizes and Challenges","Algeria, Angola, Benin, Botswana, Burkina Faso, Burundi, Cameroon, Cape Verde, Central African Republic, Chad, Comoros, Congo (Brazzaville), Congo DR, Cote DIvoire (Ivory Coast), Djibouti, Egypt, Equatorial Guinea, Eritrea, Ethiopia, Gabon, Gambia, Ghana, Guinea, Guinea-Bissau, Kenya, Lesotho, Liberia, Libya, Madagascar, Malawi, Mali, Mauritania, Mauritius, Mayotte, Morocco, Mozambique, Namibia, Niger, Nigeria, Reunion, Rwanda, Saint Helena, Sao Tome And Principe, Senegal, Seychelles, Sierra Leone, Somalia, South Africa, Sudan, Swaziland, Tanzania, Togo, Tunisia, Uganda, Western Sahara, Zambia, Zimbabwe, South Sudan",3/22/2026,"The Global Business School Network is pleased to present the 6th annual Africa Business Concept Challenge (ABCC), a virtual business concept competition for African undergraduate and graduate students.","Business &amp; Industry, Entrepreneurship, Community Development, Entrepreneurs, Leaders, Students, Marketing, Sustainable Development",https://gbsn.org/africachallenge/
United Nations-Nippon Foundation Strategic Needs Fellowship Program,Fellowship,"Afghanistan, Albania, Algeria, Angola, Antigua and Barbuda, Argentina, Armenia, Azerbaijan, Bahamas, Bahrain, Bangladesh, Belarus, Belize, Benin, Bhutan, Bolivia, Bosnia And Herzegovina, Botswana, Brazil, Bulgaria, Burkina Faso, Burundi, Cameroon, Cape Verde, Central African Republic, Chad, Chile, China, Colombia, Comoros, Congo (Brazzaville), Congo DR, Costa Rica, Cote DIvoire (Ivory Coast), Croatia, Djibouti, Dominica, Dominican Republic, Ecuador, Egypt, El Salvador, Equatorial Guinea, Eritrea, Estonia, Ethiopia, Fiji, Gabon, Gambia, Georgia, Ghana, Grenada, Guatemala, Guinea, Guinea-Bissau, Guyana, Haiti, Honduras, Hungary, India, Indonesia, Iran, Iraq, Jamaica, Jordan, Kazakhstan, Kenya, Kiribati, Kuwait, Kyrgyzstan, Laos, Latvia, Lebanon, Lesotho, Liberia, Libya, Lithuania, Macedonia, Madagascar, Malawi, Malaysia, Maldives, Mali, Marshall Islands, Mauritania, Mauritius, Mexico, Micronesia Federated States Of, Moldova Republic Of, Mongolia, Morocco, Mozambique, Burma(Myanmar), Namibia, Nauru, Nepal, Nicaragua, Niger, Nigeria, Oman, Pakistan, Palau, Panama, Papua New Guinea, Paraguay, Peru, Philippines, Poland, Qatar, Romania, Russia, Rwanda, Saint Kitts And Nevis, Saint Lucia, Saint Vincent And The Grenadines, Samoa, Sao Tome And Principe, Saudi Arabia, Senegal, Seychelles, Sierra Leone, Solomon Islands, Somalia, South Africa, Sri Lanka, Sudan, Suriname, Swaziland, Syria, Tajikistan, Tanzania, Thailand, East Timor (Timor-Leste), Togo, Tonga, Trinidad And Tobago, Tunisia, Turkey, Turkmenistan, Tuvalu, Uganda, Ukraine, United Arab Emirates, Uruguay, Uzbekistan, Vanuatu, Venezuela, Viet Nam, Yemen, Zambia, Zimbabwe, Montenegro, Kosovo",3/22/2026,The Division for Ocean Affairs and the Law of the Sea of the Office of Legal Affairs of the United Nations is now accepting applications for the 2026 sessions of the United Nations – Nippon Foundation Strategic Needs Fellowship and Ocean Governance Fellowship for Small Island Developing States (SIDS Fellowship).,"Biodiversity, Climate Change, Environment, Individuals, Sustainable Development",https://www.un.org/oceancapacity/content/apply-now
Open Call for Islam Scholarship,Scholarship,All Countries,3/25/2026,The University of Birmingham is pleased to announce its Islam Scholarship to cover up to 100% of the Home or International tuition fees for students studying MA Islamic Studies.,"Education, Students",https://www.birmingham.ac.uk/study/scholarships-funding/islam-scholarship
Innovate UK Grants for Clean Energy Projects in Developing Regions,Grant,"Afghanistan, Angola, Argentina, Bangladesh, Benin, Bolivia, Botswana, Brazil, Burkina Faso, Burundi, Cambodia, Cameroon, Cape Verde, Central African Republic, Chad, Colombia, Comoros, Congo (Brazzaville), Congo DR, Costa Rica, Cote DIvoire (Ivory Coast), Djibouti, Ecuador, El Salvador, Equatorial Guinea, Eritrea, Ethiopia, Fiji, Gabon, Gambia, Ghana, Guatemala, Guinea, Guinea-Bissau, Honduras, India, Indonesia, Kenya, Kiribati, Laos, Lesotho, Liberia, Madagascar, Malawi, Malaysia, Maldives, Mali, Marshall Islands, Mauritania, Mexico, Micronesia Federated States Of, Mozambique, Burma(Myanmar), Namibia, Nepal, Nicaragua, Niger, Nigeria, Pakistan, Panama, Papua New Guinea, Paraguay, Peru, Philippines, Rwanda, Samoa, Sao Tome And Principe, Senegal, Sierra Leone, Solomon Islands, Somalia, South Africa, Sri Lanka, Sudan, Swaziland, Tanzania, Thailand, East Timor (Timor-Leste), Togo, Tuvalu, Uganda, Vanuatu, Venezuela, Viet Nam, Zambia, Zimbabwe, South Sudan",3/25/2026,The Innovate UK is inviting grant applications to support innovative projects that increase clean energy access in developing regions.,"Business &amp; Industry, Energy, Innovation, Sustainable Development",https://apply-for-innovation-funding.service.gov.uk/competition/2364/overview/b9d4dedf-d22a-41d1-9ca2-6c5a279519be
Energy Catalyst Initiative - Mid Stage,Grant,"Afghanistan, Angola, Argentina, Bangladesh, Benin, Bolivia, Botswana, Brazil, Burkina Faso, Burundi, Cambodia, Cameroon, Cape Verde, Central African Republic, Chad, Colombia, Comoros, Congo (Brazzaville), Congo DR, Costa Rica, Cote DIvoire (Ivory Coast), Djibouti, Ecuador, El Salvador, Equatorial Guinea, Eritrea, Ethiopia, Fiji, Gabon, Gambia, Ghana, Guatemala, Guinea, Guinea-Bissau, Honduras, India, Indonesia, Kenya, Kiribati, Laos, Lesotho, Liberia, Madagascar, Malawi, Malaysia, Maldives, Mali, Marshall Islands, Mauritania, Mexico, Micronesia Federated States Of, Mozambique, Burma(Myanmar), Namibia, Nepal, Nicaragua, Niger, Nigeria, Pakistan, Panama, Papua New Guinea, Paraguay, Peru, Philippines, Rwanda, Samoa, Sao Tome And Principe, Senegal, Sierra Leone, Solomon Islands, Somalia, South Africa, Sri Lanka, Sudan, Swaziland, Tanzania, Thailand, East Timor (Timor-Leste), Togo, Tuvalu, Uganda, Vanuatu, Venezuela, Viet Nam, Zambia, Zimbabwe, South Sudan",3/25/2026,"The Innovate UK is seeking grant applications to support accelerate innovative solutions and inclusive energy transition, help communities access sustainable energy while advancing the United Nations Sustainable Development Goals.","Business &amp; Industry, Energy, Innovation, Sustainable Development",https://apply-for-innovation-funding.service.gov.uk/competition/2363/overview/9f759af1-3732-4d15-995d-053e28025d22
Energy Catalyst Initiative-Early Stage,Grant,"Afghanistan, Angola, Argentina, Bangladesh, Benin, Bolivia, Botswana, Brazil, Burkina Faso, Burundi, Cambodia, Cameroon, Cape Verde, Central African Republic, Chad, Colombia, Comoros, Congo (Brazzaville), Congo DR, Costa Rica, Cote DIvoire (Ivory Coast), Djibouti, Ecuador, El Salvador, Equatorial Guinea, Eritrea, Ethiopia, Fiji, Gabon, Gambia, Ghana, Guatemala, Guinea, Guinea-Bissau, Honduras, India, Indonesia, Kenya, Kiribati, Laos, Lesotho, Liberia, Madagascar, Malawi, Malaysia, Maldives, Mali, Marshall Islands, Mauritania, Mexico, Micronesia Federated States Of, Mozambique, Burma(Myanmar), Namibia, Nepal, Nicaragua, Niger, Nigeria, Pakistan, Panama, Papua New Guinea, Paraguay, Peru, Philippines, Rwanda, Samoa, Sao Tome And Principe, Senegal, Sierra Leone, Solomon Islands, Somalia, South Africa, Sri Lanka, Sudan, Swaziland, Tanzania, Thailand, East Timor (Timor-Leste), Togo, Tuvalu, Uganda, Vanuatu, Venezuela, Viet Nam, Zambia, Zimbabwe, South Sudan",3/25/2026,"The Innovate UK is now accepting grant applications to strengthen projects that expand clean energy access in ODA-eligible countries across sub-Saharan Africa, South Asia, the Indo-Pacific, and Latin America.","Business &amp; Industry, Energy, Innovation, Sustainable Development",https://apply-for-innovation-funding.service.gov.uk/competition/2362/overview/640b2f4e-8571-4aef-9e2a-67e35db3db77
IBM Impact Accelerator: Driving Social Innovation Program,Training,All Countries,3/25/2026,The IBM Impact Accelerator is a social innovation program that helps communities facing environmental and economic challenges worldwide by providing AI-driven technologies and access to a global network of experts.,"Community Development, Individuals, Artificial Intelligence, Innovation, Technology",https://www.ibm.com/responsibility/programs/ibm-impact-accelerator
European Training Foundation Launches Green Skills Award 2026,"Awards, Prizes and Challenges",All Countries,3/27/2026,"The European Training Foundation has launched the Green Skills Award 2026 to identify and showcase initiatives that are driving meaningful change in the green transition across education, work, communities and digital spaces.","Business &amp; Industry, Community Development, Education, Individuals",https://www.etf.europa.eu/en/news-and-events/news/green-skills-award-2026-call-applications-now-open
The Global African Women’s Sustainability Conference 2.0,Events,"Algeria, Angola, Benin, Botswana, Burkina Faso, Burundi, Cameroon, Cape Verde, Central African Republic, Chad, Comoros, Congo (Brazzaville), Congo DR, Cote DIvoire (Ivory Coast), Djibouti, Egypt, Equatorial Guinea, Eritrea, Ethiopia, Gabon, Gambia, Ghana, Guinea, Guinea-Bissau, Kenya, Lesotho, Liberia, Libya, Madagascar, Malawi, Mali, Mauritania, Mauritius, Mayotte, Morocco, Mozambique, Namibia, Niger, Nigeria, Reunion, Rwanda, Saint Helena, Sao Tome And Principe, Senegal, Seychelles, Sierra Leone, Somalia, South Africa, Sudan, Swaziland, Tanzania, Togo, Tunisia, Uganda, Western Sahara, Zambia, Zimbabwe, South Sudan",3/30/2026,The Global African Women’s Sustainability Conference 2.0 is inviting applications to empower women of African descent across the continent.,"Business &amp; Industry, Entrepreneurship, Capacity Building, Economic Development, Entrepreneurs, Women and Girls, Innovation, Leadership, Sustainable Development, Women &amp; Gender",https://www.impacther.org/
Entries Open: Moonshots for Development Open Innovation Challenge,"Awards, Prizes and Challenges",All Countries,3/30/2026,"The Moonshots for Development Open Innovation Challenge invites innovators to pilot solutions that address the needs of smallholder farmers, rural communities, and indigenous populations through resilient food systems.","Food Safety, Business &amp; Industry, Community Development, Artificial Intelligence, Innovation",https://www.m4d.org/openinnovationchallenge
the Starving Artist Program,Events,All Countries,3/31/2026,"The Starving Artist invites applications for artists from around the world to submit work for an upcoming exhibition and publication, Where Do We Roam to share their artistic interpretations of how agriculture intertwines with sustainability, technology, biodiversity and society.","Agriculture Food &amp; Nutrition, Arts &amp; Culture, Exhibition, Biodiversity, Climate Change, Environment, Artists, Technology, Sustainable Development",https://starvingartist.cargo.site/roam
RFPs: ICGEB-AICAD Short Term Postdoctoral Fellowship Programme,Fellowship,"Kenya, Tanzania, Uganda",3/31/2026,"The African Institute for Capacity Development and the ICGEB offer Postdoctoral scientists from Africa a training period of 6 months at ICGEB laboratories in Italy, India or South Africa, to perform research work on biotechnology and related fields, including Health (Infectious Diseases and Non-Communicable Diseases), Sustainable Agriculture, Industrial Biotechnology and Renewable Energy.","Agriculture Food &amp; Nutrition, Energy, Diseases, Health, , Leaders, PhD Holder, Research, Biotech, Sustainable Development",https://www.icgeb.org/fellowships/icgeb-aicad-short-term-postdoctoral-fellowships-march-2026/
Biotechnet SMART Fellowships Programme,Fellowship,"Djibouti, Ethiopia, Kenya, Uganda",3/31/2026,The International Centre for Genetic Engineering and Biotechnology is accepting applications for its Biotechnet SMART Fellowships Programme to promote the mobility of researchers in East Africa.,"Career Development, , Researchers, Women and Girls, Youth, Research, Science",https://www.icgeb.org/fellowships/biotechnet-smart-fellowships-march-2026/
Open Call for Bioinoculants SMART Fellowships Programme,Fellowship,"Afghanistan, Algeria, Angola, Argentina, Bangladesh, Bosnia And Herzegovina, Brazil, Bulgaria, Burkina Faso, Burundi, Cameroon, Chad, Chile, China, Colombia, Costa Rica, Cote DIvoire (Ivory Coast), Croatia, Cuba, Djibouti, Dominican Republic, Ecuador, Egypt, Eritrea, Ethiopia, Ghana, Guinea-Bissau, Hungary, India, Iran, Iraq, Italy, Jordan, Kenya, Kuwait, Kyrgyzstan, Liberia, Libya, Macedonia, Malawi, Malaysia, Mali, Mauritania, Mauritius, Mexico, Moldova Republic Of, Morocco, Mozambique, Namibia, Nigeria, Pakistan, Panama, Peru, Qatar, Romania, Russia, Rwanda, Saudi Arabia, Senegal, Slovak Republic, Slovenia, Somalia, South Africa, Sri Lanka, Sudan, Syria, Tanzania, Trinidad And Tobago, Tunisia, Turkey, Uganda, United Arab Emirates, Uruguay, Venezuela, Viet Nam, Zimbabwe, Montenegro, Serbia",3/31/2026,The International Centre for Genetic Engineering and Biotechnology is pleased to announce its Bioinoculants SMART Fellowships Programme to focus on?applied high-impact science?in agri-food.,"Agriculture Food &amp; Nutrition, Food Safety, Career Development, , , PhD Holder, Youth, Research, Science",https://www.icgeb.org/fellowships/bioinoculants-smart-fellowships-march-2026/
Open Call for Asia Global Fellowship Program,Fellowship,All Countries,3/31/2026,The Asia Global Fellowship Program invites applications from qualified mid-career professionals worldwide for a selective fellowship opportunity.,"Business &amp; Industry, Civil Society Development, Capacity Building, Politics, Individuals, Research",https://www.asiaglobalinstitute.hku.hk/agf/application-guidelines
Youth Learning as Citizen Environmental Scientists Grant Program,Grant,All Countries,3/31/2026,The Youth Learning as Citizen Environmental Scientists is currently accepting grant applications to support educators and organizations to remove barriers and enable young people to conduct meaningful environmental research.,"Education, Learning, Environment, Individuals, Research, Youth &amp; Adolescents",https://www.ylaces.org/grants-and-awards
Entries Open: The DROP Brand Accelerator Awards 2026,"Awards, Prizes and Challenges","Afghanistan, Algeria, Angola, Argentina, Bangladesh, Benin, Bhutan, Bolivia, Botswana, Brazil, Brunei, Burkina Faso, Burundi, Cambodia, Cameroon, Cape Verde, Central African Republic, Chad, Chile, China, Colombia, Comoros, Congo (Brazzaville), Congo DR, Cote DIvoire (Ivory Coast), Djibouti, Ecuador, Egypt, Equatorial Guinea, Eritrea, Ethiopia, Falkland Islands (Malvinas), French Guiana, Gabon, Gambia, Ghana, Guinea, Guinea-Bissau, Guyana, India, Indonesia, Japan, Kazakhstan, Kenya, South Korea, North Korea, Kyrgyzstan, Laos, Lesotho, Liberia, Libya, Madagascar, Malawi, Malaysia, Maldives, Mali, Mauritania, Mauritius, Mayotte, Mongolia, Morocco, Mozambique, Burma(Myanmar), Namibia, Nepal, Niger, Nigeria, Oman, Pakistan, Paraguay, Peru, Philippines, Qatar, Reunion, Russia, Rwanda, Saint Helena, Sao Tome And Principe, Senegal, Seychelles, Sierra Leone, Singapore, Somalia, South Africa, Sri Lanka, Sudan, Suriname, Swaziland, Tajikistan, Tanzania, Thailand, East Timor (Timor-Leste), Togo, Tunisia, Turkey, Turkmenistan, Uganda, Uruguay, Uzbekistan, Venezuela, Viet Nam, Western Sahara, Zambia, Zimbabwe, South Sudan",3/31/2026,"The DROP Brand Accelerator Award 2026 is requesting applications to support early-stage founders in Africa, Asia, and South America by providing equity-free seed funding, a comprehensive brand acceleration package, and six months of expert mentoring to help transform their ventures and scale their impact.","Agriculture Food &amp; Nutrition, Business &amp; Industry, Businesses, Companies and Enterprises, Community Development, Economic Development, Education, Climate Change, Individuals",https://dropug.agency/about-website-design/lets-fund-you/dbaw26-seed-grant-community-impact/
Call for Submissions: EE 30 Under 30 Class Program,Events,All Countries,3/31/2026,The EE 30 Under 30 celebrates young people across the globe who are building a sustainable future through education.,"Community Engagement, Education, Environment, Individuals, Leaders, Innovation, Leadership, Sustainable Development",https://naaee.org/programs/ee-30-under-30
Doctoral Research Grants Program,Grant,All Countries,4/1/2026,"The Al Qasimi Foundation offers a set of research-grant opportunities designed to support scholars whose work is relevant to policy, community development, education, public health, or social sciences in the emirate of Ras Al Khaimah and broadly in the United Arab Emirates.","Community Development, Education, Public Health, Research, Social Sciences",https://www.alqasimifoundation.com/grants-research
Photo Book Grant Program,Grant,All Countries,4/1/2026,"The Hasselblad Foundation is seeking applications for its Photo Book Grant Program to support and contribute to the development of the photo book, which is a vital part of photographic practice and research.","Environment, , , Artists, Individuals, Researchers, Research, Sustainable Development",https://www.hasselbladfoundation.org/en/stipend/photo-book-fellowships/
Evidence for AI in Health Initiative,Grant,"Afghanistan, Angola, Bangladesh, Benin, Bhutan, Botswana, Brunei, Burkina Faso, Burundi, Cambodia, Cameroon, Cape Verde, Central African Republic, Chad, Comoros, Congo (Brazzaville), Congo DR, Cote DIvoire (Ivory Coast), Djibouti, Equatorial Guinea, Eritrea, Ethiopia, Gabon, Gambia, Ghana, Guinea, Guinea-Bissau, India, Indonesia, Iran, Kenya, Laos, Lesotho, Liberia, Madagascar, Malawi, Malaysia, Maldives, Mali, Mauritania, Mauritius, Mozambique, Burma(Myanmar), Namibia, Nepal, Niger, Nigeria, Pakistan, Philippines, Reunion, Rwanda, Sao Tome And Principe, Senegal, Seychelles, Sierra Leone, Singapore, Somalia, South Africa, Sri Lanka, Sudan, Swaziland, Tanzania, Thailand, Togo, Uganda, Viet Nam, Western Sahara, Zambia, Zimbabwe",4/1/2026,The Evidence for AI in Health is seeking proposals to support locally-led evaluations of AI-enabled clinical decision support tools (CDSTs) designed to assist frontline workers with clinical tasks within primary and community health care settings.,"Business &amp; Industry, Community Development, Health, Individuals, Artificial Intelligence",https://www.povertyactionlab.org/initiative/evidence-ai-health-evah-rfp
bildingship Grant Program,Grant,All Countries,4/5/2026,The Education Art and Architecture School is inviting applications for its bildingship Grant Program to support young artists to develop their artistic practice while engaging directly with children and young people in a creative education setting.,"Arts &amp; Culture, Exhibition, Children, Education, Learning, Artists, Youth, Youth &amp; Adolescents",https://www.bilding.at/bildingship-call-for-submissions/
Encounter Grant Program,Grant,All Countries,4/6/2026,The GINGKO is requesting applications for its Encounter Grant Program to improve mutual understanding between MENA and the West.,"Art History and Preservation, Arts &amp; Culture, Community Engagement, Education, Leaders, Religion",https://www.gingko.org.uk/grants/gingko-encounter-grant/
Apply for African Scholarship Programme 2027,Scholarship,"Algeria, Angola, Benin, Botswana, Burkina Faso, Burundi, Cameroon, Cape Verde, Central African Republic, Chad, Comoros, Congo (Brazzaville), Congo DR, Cote DIvoire (Ivory Coast), Djibouti, Egypt, Equatorial Guinea, Eritrea, Ethiopia, Gabon, Gambia, Ghana, Guinea, Guinea-Bissau, Kenya, Lesotho, Liberia, Libya, Madagascar, Malawi, Mali, Mauritania, Mauritius, Mayotte, Morocco, Mozambique, Namibia, Niger, Nigeria, Reunion, Rwanda, Saint Helena, Sao Tome And Principe, Senegal, Seychelles, Sierra Leone, Somalia, South Africa, Sudan, Swaziland, Tanzania, Togo, Tunisia, Uganda, Western Sahara, Zambia, Zimbabwe, South Sudan",4/6/2026,The Nordic Africa Institute has announced its African Scholarship Programme to support early-career researcher based in Africa.,"Capacity Building, PhD Holder, Researchers, Students, Research, Humanities, Social Sciences, Women &amp; Gender",https://nai.uu.se/opportunities/scholarships/african-guest-researchers-scholarship-programme.html
InteRussia Fellowship Programme in Information Technology,Fellowship,"Afghanistan, Aland Islands, Albania, Algeria, American Samoa, Andorra, Angola, Anguilla, Antarctica, Antigua and Barbuda, Argentina, Armenia, Aruba, Australia, Austria, Azerbaijan, Bahamas, Bahrain, Bangladesh, Barbados, Belarus, Belgium, Belize, Benin, Bermuda, Bhutan, Bolivia, Bosnia And Herzegovina, Botswana, Bouvet Island, Brazil, British Indian Ocean Territory, Brunei, Bulgaria, Burkina Faso, Burundi, Cambodia, Cameroon, Canada, Cape Verde, Cayman Islands, Central African Republic, Chad, Chile, China, Christmas Island, Cocos (Keeling) Islands, Colombia, Comoros, Congo (Brazzaville), Congo DR, Cook Islands, Costa Rica, Cote DIvoire (Ivory Coast), Croatia, Cuba, Cyprus, Czech Republic, Denmark, Djibouti, Dominica, Dominican Republic, Ecuador, Egypt, El Salvador, Equatorial Guinea, Eritrea, Estonia, Ethiopia, Falkland Islands (Malvinas), Faroe Islands, Fiji, Finland, France, French Guiana, French Polynesia, French Southern Territories, Gabon, Gambia, Georgia, Germany, Ghana, Gibraltar, Greece, Greenland, Grenada, Guadeloupe, Guam, Guatemala, Guernsey, Guinea, Guinea-Bissau, Guyana, Haiti, Heard Island And Mcdonald Islands, Holy See (Vatican City State), Honduras, Hong Kong SAR, Hungary, Iceland, India, Indonesia, Iran, Iraq, Ireland, Isle Of Man, Israel, Italy, Jamaica, Japan, Jersey, Jordan, Kazakhstan, Kenya, Kiribati, South Korea, North Korea, Kuwait, Kyrgyzstan, Laos, Latvia, Lebanon, Lesotho, Liberia, Libya, Liechtenstein, Lithuania, Luxembourg, Macau, Macedonia, Madagascar, Malawi, Malaysia, Maldives, Mali, Malta, Marshall Islands, Martinique, Mauritania, Mauritius, Mayotte, Mexico, Micronesia Federated States Of, Moldova Republic Of, Monaco, Mongolia, Montserrat, Morocco, Mozambique, Burma(Myanmar), Namibia, Nauru, Nepal, Netherlands, Netherlands Antilles, New Caledonia, New Zealand, Nicaragua, Niger, Nigeria, Niue, Norfolk Island, Northern Mariana Islands, Norway, Oman, Pakistan, Palau, Palestinian Territories, Panama, Papua New Guinea, Paraguay, Peru, Philippines, Pitcairn, Poland, Portugal, Puerto Rico, Qatar, Reunion, Romania, Rwanda, Saint Helena, Saint Kitts And Nevis, Saint Lucia, Saint Pierre And Miquelon, Saint Vincent And The Grenadines, Samoa, San Marino, Sao Tome And Principe, Saudi Arabia, Senegal, Seychelles, Sierra Leone, Singapore, Slovak Republic, Slovenia, Solomon Islands, Somalia, South Africa, South Georgia And The South Sandwich Islands, Spain, Sri Lanka, Sudan, Suriname, Svalbard And Jan Mayen, Swaziland, Sweden, Switzerland, Syria, Taiwan, Tajikistan, Tanzania, Thailand, East Timor (Timor-Leste), Togo, Tokelau, Tonga, Trinidad And Tobago, Tunisia, Turkey, Turkmenistan, Turks And Caicos Islands, Tuvalu, Uganda, Ukraine, United Arab Emirates, United Kingdom, United States, United States Minor Outlying Islands, Uruguay, Uzbekistan, Vanuatu, Venezuela, Viet Nam, British Virgin Islands, United States Virgin Islands, Wallis And Futuna, Western Sahara, Yemen, Zambia, Zimbabwe, Montenegro, Saint BarthÃ©lemy, Serbia, Kosovo, South Sudan , CuraÃ§ao, Bonaire Sint Eustatius and Saba, Saint Martin (French Part), Sint Maarten (Dutch Part)",4/6/2026,"The InteRussia team has announced a call for applications to join the InteRussia Fellowship Programme for foreign specialists in the field of information technology, focused on Artificial Intelligence in Medicine and Smart City Systems, which will be hosted by Novosibirsk State University.","Urban Development, Individuals, Artificial Intelligence, Information Technology, Research, Science",https://interussia.com/announce_en/tpost/33tmdsgof1-call-for-applications-interussia-fellows
to Accelerate Cervical Cancer Elimination,Grant,"Afghanistan, Albania, Algeria, American Samoa, Angola, Argentina, Armenia, Azerbaijan, Bangladesh, Belarus, Belize, Benin, Bhutan, Bolivia, Bosnia And Herzegovina, Botswana, Brazil, Bulgaria, Burkina Faso, Burundi, Cambodia, Cameroon, Cape Verde, Central African Republic, Chad, China, Colombia, Comoros, Congo (Brazzaville), Congo DR, Costa Rica, Cote DIvoire (Ivory Coast), Cuba, Djibouti, Dominica, Dominican Republic, Ecuador, Egypt, El Salvador, Equatorial Guinea, Eritrea, Ethiopia, Fiji, Gabon, Gambia, Georgia, Ghana, Grenada, Guatemala, Guinea, Guinea-Bissau, Guyana, Haiti, Honduras, India, Indonesia, Iran, Iraq, Jamaica, Jordan, Kazakhstan, Kenya, Kiribati, North Korea, Kyrgyzstan, Laos, Lebanon, Lesotho, Liberia, Libya, Macedonia, Madagascar, Malawi, Malaysia, Maldives, Mali, Marshall Islands, Mauritania, Mauritius, Mexico, Micronesia Federated States Of, Moldova Republic Of, Mongolia, Morocco, Mozambique, Burma(Myanmar), Namibia, Nepal, Nicaragua, Niger, Nigeria, Pakistan, Palau, Palestinian Territories, Papua New Guinea, Paraguay, Peru, Philippines, Russia, Rwanda, Saint Lucia, Saint Vincent And The Grenadines, Samoa, Sao Tome And Principe, Senegal, Sierra Leone, Solomon Islands, Somalia, South Africa, Sri Lanka, Sudan, Suriname, Swaziland, Tajikistan, Tanzania, Thailand, East Timor (Timor-Leste), Togo, Tonga, Tunisia, Turkey, Turkmenistan, Tuvalu, Uganda, Ukraine, Uzbekistan, Vanuatu, Viet Nam, Yemen, Zambia, Zimbabwe, Montenegro, Serbia, Kosovo, South Sudan",4/9/2026,Unitaid has launched a new Call for Proposals to accelerate cervical cancer elimination in low- and middle-income countries by strengthening secondary prevention through nationally led and integrated health programs.,"Community Engagement, Cancer, Health, Women &amp; Gender",https://unitaid.org/call-for-proposal/accelerating-cervical-cancer-elimination-through-secondary-prevention-in-low-and-middle-income-countries/
Aspire Leaders Program,Events,All Countries,4/13/2026,The Aspire Leaders Program is inviting applications for limited-income and first-generation university students and recent graduates from around the world to join a free online interactive leadership development journey that is manageable along your other commitments.,"Community Development, Individuals, Leaders, Students, Artificial Intelligence, Leadership",https://www.aspireleaders.org/program/aspire-leaders-program/
Daylight Research Grant Program,Grant,"Aland Islands, Albania, Algeria, American Samoa, Andorra, Angola, Anguilla, Antarctica, Antigua and Barbuda, Argentina, Armenia, Aruba, Australia, Austria, Azerbaijan, Bahamas, Bahrain, Bangladesh, Barbados, Belgium, Belize, Benin, Bermuda, Bhutan, Bolivia, Bosnia And Herzegovina, Botswana, Bouvet Island, Brazil, British Indian Ocean Territory, Brunei, Bulgaria, Burkina Faso, Cambodia, Cameroon, Canada, Cape Verde, Cayman Islands, Chad, Chile, China, Christmas Island, Cocos (Keeling) Islands, Colombia, Comoros, Congo (Brazzaville), Cook Islands, Costa Rica, Cote DIvoire (Ivory Coast), Croatia, Cuba, Cyprus, Czech Republic, Denmark, Djibouti, Dominica, Dominican Republic, Ecuador, Egypt, El Salvador, Equatorial Guinea, Eritrea, Estonia, Ethiopia, Falkland Islands (Malvinas), Faroe Islands, Fiji, Finland, France, French Guiana, French Polynesia, French Southern Territories, Gabon, Gambia, Georgia, Germany, Ghana, Gibraltar, Greece, Greenland, Grenada, Guadeloupe, Guam, Guernsey, Guyana, Heard Island And Mcdonald Islands, Holy See (Vatican City State), Honduras, Hong Kong SAR, Hungary, Iceland, India, Indonesia, Ireland, Isle Of Man, Israel, Italy, Jamaica, Japan, Jersey, Jordan, Kazakhstan, Kenya, Kiribati, South Korea, Kuwait, Kyrgyzstan, Laos, Latvia, Lesotho, Liberia, Liechtenstein, Lithuania, Luxembourg, Macau, Macedonia, Madagascar, Malawi, Malaysia, Maldives, Mali, Malta, Marshall Islands, Martinique, Mauritania, Mauritius, Mayotte, Mexico, Micronesia Federated States Of, Monaco, Mongolia, Montserrat, Morocco, Mozambique, Namibia, Nauru, Nepal, Netherlands, Netherlands Antilles, New Caledonia, New Zealand, Niger, Nigeria, Niue, Norfolk Island, Northern Mariana Islands, Norway, Oman, Pakistan, Palau, Panama, Papua New Guinea, Paraguay, Peru, Philippines, Pitcairn, Poland, Portugal, Puerto Rico, Qatar, Reunion, Romania, Russia, Rwanda, Saint Helena, Saint Kitts And Nevis, Saint Lucia, Saint Pierre And Miquelon, Saint Vincent And The Grenadines, Samoa, San Marino, Sao Tome And Principe, Saudi Arabia, Senegal, Seychelles, Sierra Leone, Singapore, Slovak Republic, Slovenia, Solomon Islands, South Africa, South Georgia And The South Sandwich Islands, Spain, Sri Lanka, Suriname, Svalbard And Jan Mayen, Swaziland, Sweden, Switzerland, Taiwan, Tajikistan, Tanzania, Thailand, East Timor (Timor-Leste), Togo, Tokelau, Tonga, Trinidad And Tobago, Tunisia, Turkey, Turkmenistan, Turks And Caicos Islands, Tuvalu, Uganda, United Arab Emirates, United Kingdom, United States, United States Minor Outlying Islands, Uruguay, Uzbekistan, Vanuatu, Viet Nam, British Virgin Islands, United States Virgin Islands, Wallis And Futuna, Western Sahara, Zambia, Montenegro, Saint BarthÃ©lemy, Serbia, Kosovo, CuraÃ§ao, Bonaire Sint Eustatius and Saba, Saint Martin (French Part), Sint Maarten (Dutch Part)",4/13/2026,"The Velux Stiftung is seeking applications for its Daylight Research Grant Program to support innovative and interdisciplinary research that explores its societal, environmental and health potential.","Arts &amp; Culture, Urban Development, Infrastructure, Energy, Environment, Health, , Innovation, Research, Technology, Sustainable Development",https://veluxstiftung.ch/funding-areas/daylight-research/
AI Reporting Grants Program,Grant,All Countries,3/8/2026,The Tarbell has announced its AI Reporting Grants Program to support original reporting on artificial intelligence and its societal impacts.,"Politics, Employment &amp; Labor, , , Individuals, Journalists, Artificial Intelligence, Journalism, Media",https://www.tarbellcenter.org/grants
Human-Centred Conservation Storytelling Grant Program,Grant,All Countries,3/8/2026,"The Jamma Conservation and Communities is requesting applications for its Human-Centred Conservation Storytelling Grant Program to support high-quality, publishable stories that explore conservation as it is lived and experienced by people.","Animals &amp; Wildlife, Arts &amp; Culture, Capacity Building, Democracy &amp; Good Governance, Politics, Economic Development, Conservation, Health, , , , Individuals, Journalists, Livelihood, Marketing, Storytelling",https://jammaconservationandcommunities.com/human-centred-conservation-storytelling-grant/
UNICEF Venture Fund: Equity-Free Blockchain Funding for Social Impact Startups,Grant,"Afghanistan, Albania, Algeria, Angola, Anguilla, Antigua and Barbuda, Argentina, Armenia, Azerbaijan, Bahrain, Bangladesh, Barbados, Belarus, Belize, Benin, Bhutan, Bolivia, Bosnia And Herzegovina, Botswana, Brazil, Bulgaria, Burkina Faso, Burundi, Cambodia, Cameroon, Cape Verde, Central African Republic, Chad, Chile, China, Colombia, Comoros, Congo (Brazzaville), Congo DR, Cook Islands, Costa Rica, Cote DIvoire (Ivory Coast), Croatia, Cuba, Djibouti, Dominica, Dominican Republic, Ecuador, Egypt, El Salvador, Equatorial Guinea, Eritrea, Ethiopia, Fiji, Gabon, Gambia, Georgia, Ghana, Greece, Grenada, Guatemala, Guinea, Guinea-Bissau, Guyana, Haiti, Honduras, India, Indonesia, Iran, Iraq, Jamaica, Jordan, Kazakhstan, Kenya, Kiribati, South Korea, Kuwait, Kyrgyzstan, Laos, Lebanon, Lesotho, Liberia, Libya, Macedonia, Madagascar, Malawi, Malaysia, Maldives, Mali, Marshall Islands, Mauritania, Mexico, Micronesia Federated States Of, Moldova Republic Of, Mongolia, Montserrat, Morocco, Mozambique, Burma(Myanmar), Namibia, Nauru, Nepal, Nicaragua, Niger, Nigeria, Niue, Oman, Pakistan, Palau, Palestinian Territories, Panama, Papua New Guinea, Paraguay, Peru, Philippines, Qatar, Romania, Rwanda, Saint Kitts And Nevis, Saint Lucia, Saint Vincent And The Grenadines, Samoa, Sao Tome And Principe, Saudi Arabia, Senegal, Sierra Leone, Solomon Islands, Somalia, South Africa, Sri Lanka, Sudan, Suriname, Swaziland, Syria, Tajikistan, Tanzania, Thailand, East Timor (Timor-Leste), Togo, Tokelau, Tonga, Trinidad And Tobago, Tunisia, Turkey, Turkmenistan, Turks And Caicos Islands, Tuvalu, Uganda, Ukraine, United Arab Emirates, Uruguay, Uzbekistan, Vanuatu, Venezuela, Viet Nam, British Virgin Islands, Yemen, Zambia, Zimbabwe, Montenegro, Serbia, Kosovo, South Sudan",3/10/2026,The UNICEF Venture Fund is inviting early-stage startups developing blockchain-based solutions for social impact to join its Blockchain Ventures cohort.,"Business &amp; Industry, Startups, Children, Innovation",https://www.unicef.org/innovation/equity-free-funding-blockchain-solutions
The World Bank Group Youth Summit (13th edition),Events,"Afghanistan, Albania, Algeria, Angola, Antigua and Barbuda, Argentina, Armenia, Australia, Austria, Azerbaijan, Bahamas, Bahrain, Bangladesh, Barbados, Belarus, Belgium, Belize, Benin, Bhutan, Bolivia, Bosnia And Herzegovina, Botswana, Brazil, Brunei, Bulgaria, Burkina Faso, Burundi, Cambodia, Cameroon, Canada, Cape Verde, Central African Republic, Chad, Chile, China, Colombia, Comoros, Congo (Brazzaville), Congo DR, Costa Rica, Cote DIvoire (Ivory Coast), Croatia, Cyprus, Czech Republic, Denmark, Djibouti, Dominica, Dominican Republic, Ecuador, Egypt, El Salvador, Equatorial Guinea, Eritrea, Estonia, Ethiopia, Fiji, Finland, France, Gabon, Gambia, Georgia, Germany, Ghana, Greece, Grenada, Guatemala, Guinea, Guinea-Bissau, Guyana, Haiti, Honduras, Hungary, Iceland, India, Indonesia, Iran, Iraq, Ireland, Israel, Italy, Jamaica, Japan, Jordan, Kazakhstan, Kenya, Kiribati, South Korea, Kuwait, Kyrgyzstan, Laos, Latvia, Lebanon, Lesotho, Liberia, Libya, Lithuania, Luxembourg, Macedonia, Madagascar, Malawi, Malaysia, Maldives, Mali, Malta, Marshall Islands, Mauritania, Mauritius, Mexico, Micronesia Federated States Of, Moldova Republic Of, Mongolia, Morocco, Mozambique, Burma(Myanmar), Namibia, Nauru, Nepal, Netherlands, New Zealand, Nicaragua, Niger, Nigeria, Norway, Oman, Pakistan, Palau, Panama, Papua New Guinea, Paraguay, Peru, Philippines, Poland, Portugal, Qatar, Romania, Russia, Rwanda, Saint Kitts And Nevis, Saint Lucia, Saint Vincent And The Grenadines, Samoa, San Marino, Sao Tome And Principe, Saudi Arabia, Senegal, Seychelles, Sierra Leone, Singapore, Slovak Republic, Slovenia, Solomon Islands, Somalia, South Africa, Spain, Sri Lanka, Sudan, Suriname, Swaziland, Sweden, Switzerland, Syria, Tajikistan, Tanzania, Thailand, East Timor (Timor-Leste), Togo, Tonga, Trinidad And Tobago, Tunisia, Turkey, Turkmenistan, Tuvalu, Uganda, Ukraine, United Arab Emirates, United Kingdom, United States, Uruguay, Uzbekistan, Vanuatu, Venezuela, Viet Nam, Yemen, Zambia, Zimbabwe, Montenegro, Serbia, Kosovo, South Sudan",3/11/2026,"The World Bank Group has launched its Youth Summit to bring together young leaders, innovators and changemakers in Washington DC, on June 11-12, 2026 to tackle the most pressing development challenges facing their generation.","Agriculture Food &amp; Nutrition, Entrepreneurship, Education, Individuals, Leaders, Youth, Innovation, Leadership, Technology, Sustainable Development, Youth &amp; Adolescents",https://www.worldbank.org/en/events/2026/06/11/youth-summit-2026-future-works-designing-jobs-for-the-digital-age#5
CFPs: Scaling Investable Solutions for Water and Ocean Resilience,Grant,"Afghanistan, Albania, Algeria, Angola, Argentina, Armenia, Azerbaijan, Bangladesh, Belarus, Belize, Benin, Bhutan, Bolivia, Bosnia And Herzegovina, Botswana, Brazil, Burkina Faso, Burundi, Cambodia, Cameroon, Cape Verde, Central African Republic, Chad, China, Colombia, Comoros, Congo (Brazzaville), Congo DR, Costa Rica, Cote DIvoire (Ivory Coast), Cuba, Djibouti, Dominica, Dominican Republic, Ecuador, Egypt, El Salvador, Equatorial Guinea, Eritrea, Ethiopia, Fiji, Gabon, Gambia, Georgia, Ghana, Grenada, Guatemala, Guinea, Guinea-Bissau, Guyana, Haiti, Honduras, India, Indonesia, Iran, Iraq, Jamaica, Jordan, Kazakhstan, Kenya, Kiribati, North Korea, Kyrgyzstan, Laos, Lebanon, Lesotho, Liberia, Libya, Macedonia, Madagascar, Malawi, Malaysia, Maldives, Mali, Marshall Islands, Mauritania, Mauritius, Mexico, Micronesia Federated States Of, Moldova Republic Of, Mongolia, Montserrat, Morocco, Mozambique, Burma(Myanmar), Namibia, Nauru, Nepal, Nicaragua, Niger, Nigeria, Niue, Pakistan, Palau, Palestinian Territories, Panama, Papua New Guinea, Paraguay, Peru, Philippines, Rwanda, Saint Helena, Saint Lucia, Saint Vincent And The Grenadines, Samoa, Sao Tome And Principe, Senegal, Sierra Leone, Solomon Islands, Somalia, South Africa, Sri Lanka, Sudan, Suriname, Swaziland, Syria, Tajikistan, Tanzania, Thailand, East Timor (Timor-Leste), Togo, Tokelau, Tonga, Tunisia, Turkey, Turkmenistan, Tuvalu, Uganda, Ukraine, Uzbekistan, Vanuatu, Venezuela, Viet Nam, Wallis And Futuna, Yemen, Zambia, Zimbabwe, Montenegro, Serbia, Kosovo, South Sudan",3/12/2026,The Investment Window offers support to impact fund managers seeking to scale their innovative impact ideas and build on proven investment fund concepts.,"Marine, Business &amp; Industry, Community Development, Climate Change, Innovation, Livelihood, Water",https://www.sdgimpactfinance.org/open-calls
Bayer Foundation Women Entrepreneurs Award 2026,"Awards, Prizes and Challenges","Afghanistan, Algeria, Angola, Argentina, Bahrain, Bangladesh, Benin, Bhutan, Bolivia, Botswana, Brazil, Brunei, Burkina Faso, Burundi, Cambodia, Cameroon, Cape Verde, Central African Republic, Chad, Chile, China, Colombia, Comoros, Congo (Brazzaville), Congo DR, Costa Rica, Cote DIvoire (Ivory Coast), Cuba, Djibouti, Dominican Republic, Ecuador, Egypt, El Salvador, Equatorial Guinea, Eritrea, Ethiopia, Gabon, Gambia, Ghana, Guatemala, Guinea, Guinea-Bissau, Honduras, India, Indonesia, Iran, Iraq, Israel, Japan, Jordan, Kazakhstan, Kenya, South Korea, North Korea, Kuwait, Kyrgyzstan, Laos, Lebanon, Lesotho, Liberia, Libya, Madagascar, Malawi, Malaysia, Maldives, Mali, Mauritania, Mauritius, Mayotte, Mexico, Mongolia, Morocco, Mozambique, Burma(Myanmar), Namibia, Nepal, Nicaragua, Niger, Nigeria, Oman, Oman, Pakistan, Palestinian Territories, Panama, Paraguay, Peru, Philippines, Puerto Rico, Qatar, Qatar, Reunion, Russia, Rwanda, Saint Helena, Sao Tome And Principe, Saudi Arabia, Senegal, Seychelles, Sierra Leone, Singapore, Somalia, South Africa, Sri Lanka, Sudan, Swaziland, Syria, Tajikistan, Tanzania, Thailand, East Timor (Timor-Leste), Togo, Tunisia, Turkey, Turkmenistan, Uganda, United Arab Emirates, Uruguay, Uzbekistan, Venezuela, Viet Nam, Western Sahara, Yemen, Zambia, Zimbabwe, South Sudan",3/13/2026,The Bayer Foundation Women Entrepreneurs Award 2026 offers a transformative 6-month accelerator for women founders advancing solutions in health and food security.,"Food Safety, Business &amp; Industry, Community Development, Health, Health care, Malnutrition, Individuals, Water &amp; Sanitation, Women &amp; Gender",https://bayerfoundation-wea.com/
Three Dot Dash Program,Events,All Countries,3/19/2026,The Three Dot Dash Program empowers young leaders who have already launched (or are actively building) solutions to urgent challenges.,"Arts &amp; Culture, Capacity Building, Community Development, Climate Change, Environment, Health, Social Justice, Leaders, Youth, Leadership, Technology, Youth &amp; Adolescents",https://www.wearefamilyfoundation.org/three-dot-dash-apply
CFPs:Supporting the Implementation of Insurance Innovation Challenge in Uganda,"Awards, Prizes and Challenges",Uganda,3/19/2026,"The United Nations Development Programme is seeking applications to promote inclusive and innovative insurance solutions that strengthen financial resilience, protect underserved communities, and support sustainable development outcomes.","Business &amp; Industry, Community Development, Innovation, Research, Technology, Sustainable Development",https://procurement-notices.undp.org/view_negotiation.cfm?nego_id=43248
UNICEF Call for Proposals: Health and HIV Component Programme (Uganda),Grant,Uganda,3/20/2026,"The United Nations International Children’s Emergency Fund (UNICEF) has launched an Open Call for Expression of Interest to support the Health and HIV component of its 2026–2030 Country Programme in Uganda, aiming to advance the survival, health, and wellbeing of children, adolescents, and women, particularly the most vulnerable.","Children, Health, HIV/AIDS, Women &amp; Gender, Youth &amp; Adolescents",https://www.unpartnerportal.org/landing/opportunities/
Culture Moves Salone Mobility Fund (Africa),Grant,"Algeria, Angola, Benin, Botswana, Burkina Faso, Burundi, Cameroon, Cape Verde, Central African Republic, Chad, Comoros, Congo (Brazzaville), Congo DR, Cote DIvoire (Ivory Coast), Djibouti, Egypt, Equatorial Guinea, Eritrea, Ethiopia, Gabon, Gambia, Ghana, Guinea, Guinea-Bissau, Kenya, Lesotho, Liberia, Libya, Madagascar, Malawi, Mali, Mauritania, Mauritius, Mayotte, Morocco, Mozambique, Namibia, Niger, Nigeria, Reunion, Rwanda, Saint Helena, Sao Tome And Principe, Senegal, Seychelles, Sierra Leone, Somalia, South Africa, Sudan, Swaziland, Tanzania, Togo, Tunisia, Uganda, Western Sahara, Zambia, Zimbabwe, South Sudan",3/23/2026,"The Culture Moves Salone Mobility Fund provides support to cultural and creative professionals in Sierra Leone by enabling short-term professional mobility across Africa to strengthen careers, organisations and sector sustainability.","Art History and Preservation, Arts &amp; Culture, Arts and Crafts, Exhibition, Filmmaking and Entertainment, Literature, Media, Music, Performing Arts, Visual Arts, Capacity Building, Architecture and Planning, Career Development, , Artists, Individuals, Journalists, Researchers, Marketing, Research, Sustainable Development",https://keanet.eu/insights/news/culture-moves-salone-mobility-fund-calls-2026
OCRA Health Equity Research Grant to Advance Ovarian Cancer Equity,Grant,All Countries,3/25/2026,The Ovarian Cancer Research Alliance (OCRA) has opened Letters of Intent for its 2027 Health Equity Research Grant to support innovative scientific efforts aimed at reducing disparities in ovarian and related gynecologic cancers.,"Community Development, Cancer, Health, Individuals, Researchers, Research",https://ocrahope.org/research/information-for-researchers/apply-for-a-grant/
AFRISE Challenge Empowers Young Entrepreneurs to Drive African Economic Growth,"Awards, Prizes and Challenges","Cote DIvoire (Ivory Coast), Ghana, Kenya, Morocco, Nigeria, Rwanda, Senegal, Uganda",3/27/2026,The AFRISE Challenge provides an unparalleled opportunity for high-potential African youth and student entrepreneurs to advance their entrepreneurial journey and contribute to economic development.,"Agriculture Food &amp; Nutrition, Arts &amp; Culture, Business &amp; Industry, Entrepreneurship, Economic Development, Education, Energy, Environment, Health care, Individuals",https://hindsightventures.co/flagship-programs/afrise-challenge-2026
Apply for the LGT Impact Fellowship Program,Fellowship,"Albania, Algeria, Andorra, Angola, Argentina, Armenia, Austria, Azerbaijan, Belarus, Belgium, Benin, Bolivia, Bosnia And Herzegovina, Botswana, Brazil, Bulgaria, Burkina Faso, Burundi, Cameroon, Cape Verde, Central African Republic, Chad, Chile, Colombia, Comoros, Congo (Brazzaville), Congo DR, Costa Rica, Cote DIvoire (Ivory Coast), Croatia, Cuba, Cyprus, Czech Republic, Denmark, Djibouti, Dominican Republic, Ecuador, Egypt, El Salvador, Equatorial Guinea, Eritrea, Estonia, Ethiopia, Finland, France, Gabon, Gambia, Georgia, Germany, Ghana, Greece, Guatemala, Guinea, Guinea-Bissau, Holy See (Vatican City State), Honduras, Hungary, Iceland, India, Ireland, Italy, Kenya, Latvia, Lesotho, Liberia, Libya, Liechtenstein, Lithuania, Luxembourg, Macedonia, Madagascar, Malawi, Mali, Malta, Mauritania, Mauritius, Mayotte, Mexico, Moldova Republic Of, Monaco, Morocco, Mozambique, Namibia, Netherlands, Nicaragua, Niger, Nigeria, Norway, Panama, Paraguay, Peru, Poland, Portugal, Puerto Rico, Reunion, Romania, Rwanda, Saint Helena, San Marino, Sao Tome And Principe, Senegal, Seychelles, Sierra Leone, Slovak Republic, Slovenia, Somalia, South Africa, Spain, Sudan, Swaziland, Sweden, Switzerland, Tanzania, Togo, Tunisia, Uganda, Ukraine, United Kingdom, Uruguay, Venezuela, Western Sahara, Zambia, Zimbabwe, Montenegro, Kosovo, South Sudan",3/31/2026,The LGT Impact Fellowship Program offers experienced business professionals the opportunity to apply their skills to create positive impact with leading organisations and companies around the world.,"Accounts and Finance, Business &amp; Industry, Entrepreneurship, Capacity Building, Environment, Individuals, Marketing, Research, Sustainable Development",https://talent.lgtvp.com/about-the-fellowship.html
Entries Open: Intercultural Achievement Award 2026,"Awards, Prizes and Challenges",All Countries,3/31/2026,"The Federal Ministry for European and International Affairs invites applications for the Intercultural Achievement Award 2026, recognizing projects that advance intercultural and interreligious dialogue with measurable impact.","Arts &amp; Culture, Media, Organizing Events, Education, Environment, Human Rights, Individuals, Innovation, Religion, Technology, Gender Equality, Youth &amp; Adolescents",https://www.bmeia.gv.at/en/european-foreign-policy/international-cultural-policy/iaa/call-for-applications
Builders of Africa’s Future Accelerator Program 2026,Training,"Algeria, Angola, Benin, Botswana, Burkina Faso, Burundi, Cameroon, Cape Verde, Central African Republic, Chad, Comoros, Congo (Brazzaville), Congo DR, Cote DIvoire (Ivory Coast), Djibouti, Egypt, Equatorial Guinea, Eritrea, Ethiopia, Gabon, Gambia, Ghana, Guinea, Guinea-Bissau, Kenya, Lesotho, Liberia, Libya, Madagascar, Malawi, Mali, Mauritania, Mauritius, Mayotte, Morocco, Mozambique, Namibia, Niger, Nigeria, Reunion, Rwanda, Saint Helena, Sao Tome And Principe, Senegal, Seychelles, Sierra Leone, Somalia, South Africa, Sudan, Swaziland, Tanzania, Togo, Tunisia, Uganda, Western Sahara, Zambia, Zimbabwe, South Sudan",3/31/2026,"The Builders of Africa’s Future (BAF) 2026 accelerator program invites early-stage African entrepreneurs to scale their ventures and impact through innovation, mentorship, and enterprise development opportunities.","Agriculture Food &amp; Nutrition, Business &amp; Industry, Businesses, Companies and Enterprises, Education, Energy, Health",https://africandiaspora.smapply.io/prog/BAF26/
African Public Health Emergency Management Fellowship (Cohort III),Fellowship,"Algeria, Angola, Benin, Botswana, Burkina Faso, Burundi, Cameroon, Cape Verde, Central African Republic, Chad, Comoros, Congo (Brazzaville), Congo DR, Cote DIvoire (Ivory Coast), Djibouti, Egypt, Equatorial Guinea, Eritrea, Ethiopia, Gabon, Gambia, Ghana, Guinea, Guinea-Bissau, Kenya, Lesotho, Liberia, Libya, Madagascar, Malawi, Mali, Mauritania, Mauritius, Morocco, Mozambique, Namibia, Niger, Nigeria, Rwanda, Sao Tome And Principe, Senegal, Seychelles, Sierra Leone, Somalia, South Africa, Sudan, Swaziland, Tanzania, Togo, Tunisia, Uganda, Western Sahara, Zambia, Zimbabwe, South Sudan",3/31/2026,The African Public Health Emergency Management Fellowship offers a structured capacity-building opportunity for mid-career public health professionals across African Union member states to strengthen emergency preparedness and response systems.,"Capacity Building, Public Health, Individuals, Leadership",https://africacdc.org/career/african-public-health-emergency-management-fellowship-cohort-iii-announcement/
Open Call for Ninety Percent of Everything Art Residency Program,Events,All Countries,4/2/2026,Applications are now open for the Ninety Percent of Everything Art Residency Program to support artistic research residency investigating the impact of maritime logistics on the climate crisis through a situated programme in Genoa and at sea.,"Arts &amp; Culture, Community Engagement, Infrastructure, Climate Change, Environment, Artists, Individuals, Research, Science",https://www.u-boot.it/blog/npoe/
Apply for the Essential Grant-Writing Skills Programme (Africa),Grant,"Algeria, Angola, Benin, Botswana, Burkina Faso, Burundi, Cameroon, Cape Verde, Central African Republic, Chad, Comoros, Congo (Brazzaville), Congo DR, Cote DIvoire (Ivory Coast), Djibouti, Egypt, Equatorial Guinea, Eritrea, Ethiopia, Gabon, Gambia, Ghana, Guinea, Guinea-Bissau, Kenya, Lesotho, Liberia, Libya, Madagascar, Malawi, Mali, Mauritania, Mauritius, Mayotte, Morocco, Mozambique, Namibia, Niger, Nigeria, Reunion, Rwanda, Saint Helena, Sao Tome And Principe, Senegal, Seychelles, Sierra Leone, Somalia, South Africa, Sudan, Swaziland, Tanzania, Togo, Tunisia, Uganda, Western Sahara, Zambia, Zimbabwe, South Sudan",4/3/2026,The Africa Research Excellence Fund is requesting applications for its Essential Grant-Writing Skills Programme to strengthen the health research capacity of scientists in Africa who are engaged in tackling the sub-region’s significant health challenges.,"Capacity Building, Health, PhD Holder, Researchers, Research",https://africaresearchexcellencefund.org.uk/funding-calls/the-essential-grant-writing-skills-programme-june-july-2026/
Funding Available to Support Dogs and Cats Projects,Grant,"Afghanistan, Aland Islands, Albania, Algeria, American Samoa, Andorra, Angola, Anguilla, Antarctica, Antigua and Barbuda, Argentina, Armenia, Aruba, Australia, Azerbaijan, Bahamas, Bahrain, Bangladesh, Barbados, Belarus, Belize, Benin, Bermuda, Bhutan, Bolivia, Bosnia And Herzegovina, Botswana, Bouvet Island, Brazil, British Indian Ocean Territory, Brunei, Bulgaria, Burkina Faso, Burundi, Cambodia, Cameroon, Canada, Cape Verde, Cayman Islands, Central African Republic, Chad, Chile, China, Christmas Island, Cocos (Keeling) Islands, Colombia, Comoros, Congo (Brazzaville), Congo DR, Cook Islands, Costa Rica, Cote DIvoire (Ivory Coast), Croatia, Cuba, Cyprus, Czech Republic, Djibouti, Dominica, Dominican Republic, Ecuador, Egypt, El Salvador, Equatorial Guinea, Eritrea, Estonia, Ethiopia, Falkland Islands (Malvinas), Faroe Islands, Fiji, France, French Guiana, French Polynesia, French Southern Territories, Gabon, Gambia, Georgia, Ghana, Gibraltar, Greenland, Grenada, Guadeloupe, Guam, Guatemala, Guernsey, Guinea, Guinea-Bissau, Guyana, Haiti, Heard Island And Mcdonald Islands, Holy See (Vatican City State), Honduras, Hong Kong SAR, Hungary, India, Indonesia, Iran, Iraq, Isle Of Man, Israel, Jamaica, Japan, Jersey, Jordan, Kazakhstan, Kenya, Kiribati, South Korea, North Korea, Kuwait, Kyrgyzstan, Laos, Latvia, Lebanon, Lesotho, Liberia, Libya, Liechtenstein, Lithuania, Macau, Macedonia, Madagascar, Malawi, Malaysia, Maldives, Mali, Malta, Marshall Islands, Martinique, Mauritania, Mauritius, Mayotte, Mexico, Micronesia Federated States Of, Moldova Republic Of, Monaco, Mongolia, Montserrat, Morocco, Mozambique, Burma(Myanmar), Namibia, Nauru, Nepal, Netherlands Antilles, New Caledonia, New Zealand, Nicaragua, Niger, Nigeria, Niue, Norfolk Island, Northern Mariana Islands, Oman, Pakistan, Palau, Palestinian Territories, Panama, Papua New Guinea, Paraguay, Peru, Philippines, Pitcairn, Poland, Puerto Rico, Qatar, Reunion, Romania, Russia, Rwanda, Saint Helena, Saint Kitts And Nevis, Saint Lucia, Saint Pierre And Miquelon, Saint Vincent And The Grenadines, Samoa, San Marino, Sao Tome And Principe, Saudi Arabia, Senegal, Seychelles, Sierra Leone, Singapore, Slovak Republic, Slovenia, Solomon Islands, Somalia, South Africa, South Georgia And The South Sandwich Islands, Sri Lanka, Sudan, Suriname, Svalbard And Jan Mayen, Swaziland, Syria, Taiwan, Tajikistan, Tanzania, Thailand, East Timor (Timor-Leste), Togo, Tokelau, Tonga, Trinidad And Tobago, Tunisia, Turkey, Turkmenistan, Turks And Caicos Islands, Tuvalu, Uganda, Ukraine, United Arab Emirates, United States, United States Minor Outlying Islands, Uruguay, Uzbekistan, Vanuatu, Venezuela, Viet Nam, British Virgin Islands, United States Virgin Islands, Wallis And Futuna, Western Sahara, Yemen, Zambia, Zimbabwe, Montenegro, Saint BarthÃ©lemy, Serbia, Kosovo, South Sudan , CuraÃ§ao, Bonaire Sint Eustatius and Saba, Saint Martin (French Part), Sint Maarten (Dutch Part)",4/3/2026,The Edgard &amp; Cooper Foundation invites applications from non-profit organisations working to improve the lives of dogs and cats through impactful and ethical projects worldwide.,"Animals &amp; Wildlife, Capacity Building, Infrastructure, Education",https://cdn.edgardcooper.com/pdf/ec-foundation-grant-application-instructions.pdf
GSMA Innovation Fund for Green Transition for Mobile,Grant,"Algeria, Angola, Argentina, Bangladesh, Belize, Benin, Bhutan, Bolivia, Botswana, Brazil, Burkina Faso, Burundi, Cambodia, Cameroon, Cape Verde, Colombia, Comoros, Congo (Brazzaville), Congo DR, Costa Rica, Cote DIvoire (Ivory Coast), Djibouti, Ecuador, Egypt, El Salvador, Ethiopia, Gabon, Gambia, Ghana, Guatemala, Guyana, Honduras, India, Indonesia, Kenya, Laos, Lesotho, Liberia, Madagascar, Malawi, Malaysia, Maldives, Mauritania, Mauritius, Mexico, Morocco, Mozambique, Namibia, Nepal, Niger, Nigeria, Pakistan, Panama, Paraguay, Peru, Philippines, Rwanda, Saint Helena, Sao Tome And Principe, Senegal, Sierra Leone, South Africa, Sri Lanka, Suriname, Swaziland, Tanzania, Thailand, East Timor (Timor-Leste), Togo, Tunisia, Uganda, Viet Nam, Zambia",4/6/2026,The GSMA Innovation Fund for Green Transition for Mobile is offering grants and venture-building support to small and growing enterprises that use mobile and digital technologies to drive clean energy access and circular economy solutions in low- and middle-income countries.,"Business &amp; Industry, Community Development, Energy, Information Technology, Innovation",https://www.gsma.com/solutions-and-impact/connectivity-for-good/mobile-for-development/gsma-innovation-fund/the-gsma-innovation-fund-for-green-transition-for-mobile/
Youth to the Front Fund,Grant,All Countries,4/6/2026,"The Youth to the Front Fund is inviting applications to support young leaders whose work is creating real, measurable impact in the moment.","Arts &amp; Culture, Exhibition, Filmmaking and Entertainment, Literature, Music, Performing Arts, Visual Arts, Community Engagement, Social Justice, Individuals, Leadership, Storytelling, Research, Technology, Youth &amp; Adolescents",https://www.wearefamilyfoundation.org/apply-2026-frontliner
Mo Ibrahim Foundation Academy Fellowship Program,Fellowship,"Algeria, Angola, Benin, Botswana, Burkina Faso, Burundi, Cameroon, Cape Verde, Central African Republic, Chad, Comoros, Congo (Brazzaville), Congo DR, Cote DIvoire (Ivory Coast), Djibouti, Egypt, Equatorial Guinea, Eritrea, Ethiopia, Gabon, Gambia, Ghana, Guinea, Guinea-Bissau, Kenya, Lesotho, Liberia, Libya, Madagascar, Malawi, Mali, Mauritania, Mauritius, Mayotte, Morocco, Mozambique, Namibia, Niger, Nigeria, Reunion, Rwanda, Saint Helena, Sao Tome And Principe, Senegal, Seychelles, Sierra Leone, Somalia, South Africa, Sudan, Swaziland, Tanzania, Togo, Tunisia, Uganda, Western Sahara, Zambia, Zimbabwe, South Sudan",4/7/2026,The Chatham House has launched its Mo Ibrahim Foundation Academy Fellowship Program to support early-to-mid-career professionals from African countries to spend ten months at Chatham House working on an independently designed research project while developing leadership skills and expanding their professional networks in international affairs.,"Capacity Building, Individuals, Leadership, Research",https://www.chathamhouse.org/academy/fellowships-and-leadership-programme/mo-ibrahim-foundation-academy-fellowship
The Iris Prize for Youth-Led Environmental Projects,"Awards, Prizes and Challenges","Afghanistan, Albania, Algeria, American Samoa, Andorra, Angola, Anguilla, Antarctica, Antigua and Barbuda, Argentina, Armenia, Aruba, Australia, Austria, Azerbaijan, Bahamas, Bahrain, Bangladesh, Barbados, Belarus, Belgium, Belize, Benin, Bermuda, Bhutan, Bolivia, Bosnia And Herzegovina, Botswana, Bouvet Island, Brazil, British Indian Ocean Territory, Brunei, Bulgaria, Burkina Faso, Burundi, Cambodia, Cameroon, Canada, Cape Verde, Cayman Islands, Central African Republic, Chad, Chile, China, Christmas Island, Cocos (Keeling) Islands, Colombia, Comoros, Congo (Brazzaville), Congo DR, Cook Islands, Costa Rica, Cote DIvoire (Ivory Coast), Croatia, Cuba, Cyprus, Czech Republic, Denmark, Djibouti, Dominica, Dominican Republic, Ecuador, Egypt, El Salvador, Equatorial Guinea, Eritrea, Estonia, Ethiopia, Falkland Islands (Malvinas), Fiji, Finland, France, French Guiana, French Southern Territories, Gabon, Gambia, Georgia, Germany, Ghana, Greece, Grenada, Guadeloupe, Guam, Guatemala, Guinea, Guinea-Bissau, Guyana, Haiti, Heard Island And Mcdonald Islands, Holy See (Vatican City State), Honduras, Hong Kong SAR, Hungary, Iceland, India, Indonesia, Iran, Iraq, Ireland, Italy, Jamaica, Japan, Jordan, Kenya, Kiribati, North Korea, Kuwait, Kyrgyzstan, Laos, Latvia, Lebanon, Lesotho, Liberia, Libya, Liechtenstein, Lithuania, Luxembourg, Macau, Macedonia, Madagascar, Malawi, Malaysia, Maldives, Mali, Malta, Marshall Islands, Martinique, Mauritania, Mauritius, Mayotte, Mexico, Micronesia Federated States Of, Moldova Republic Of, Monaco, Mongolia, Montserrat, Morocco, Mozambique, Burma(Myanmar), Namibia, Nauru, Nepal, Netherlands, Netherlands Antilles, New Caledonia, New Zealand, Nicaragua, Niger, Nigeria, Niue, Norfolk Island, Northern Mariana Islands, Norway, Oman, Pakistan, Palau, Palestinian Territories, Panama, Papua New Guinea, Paraguay, Peru, Philippines, Pitcairn, Poland, Portugal, Puerto Rico, Qatar, Reunion, Romania, Rwanda, Saint Helena, Saint Kitts And Nevis, Saint Lucia, Saint Vincent And The Grenadines, Samoa, San Marino, Sao Tome And Principe, Saudi Arabia, Senegal, Seychelles, Sierra Leone, Slovak Republic, Slovenia, Solomon Islands, Somalia, South Africa, South Georgia And The South Sandwich Islands, Spain, Sri Lanka, Sudan, Suriname, Swaziland, Sweden, Switzerland, Syria, Tajikistan, Tanzania, Thailand, East Timor (Timor-Leste), Togo, Tokelau, Tonga, Trinidad And Tobago, Tunisia, Turkmenistan, Turks And Caicos Islands, Tuvalu, Uganda, Ukraine, United Arab Emirates, United Kingdom, United States, United States Minor Outlying Islands, Uruguay, Uzbekistan, Vanuatu, Venezuela, Viet Nam, British Virgin Islands, United States Virgin Islands, Wallis And Futuna, Western Sahara, Yemen, Zambia, Zimbabwe, Montenegro, Saint BarthÃ©lemy, Kosovo, South Sudan , Saint Martin (French Part)",4/8/2026,The Iris Prize is now accepting applications to support young people aged 14 to 24 who are leading initiatives that protect and restore nature in their local communities.,"Community Development, Environment, Individuals, Leadership, Youth &amp; Adolescents",https://theirisproject.org/how-to-apply
Luxembourg Award for Youth-Inclusive Finance 2026,"Awards, Prizes and Challenges","Afghanistan, Albania, Algeria, Angola, Argentina, Armenia, Azerbaijan, Bangladesh, Belarus, Belize, Benin, Bhutan, Bolivia, Bosnia And Herzegovina, Botswana, Brazil, Burkina Faso, Burundi, Cambodia, Cameroon, Cape Verde, Central African Republic, Chad, China, Colombia, Comoros, Congo (Brazzaville), Congo DR, Costa Rica, Cote DIvoire (Ivory Coast), Cuba, Djibouti, Dominica, Dominican Republic, Ecuador, Egypt, El Salvador, Equatorial Guinea, Eritrea, Ethiopia, Fiji, Gabon, Gambia, Georgia, Ghana, Grenada, Guatemala, Guinea, Guinea-Bissau, Guyana, Haiti, Honduras, India, Indonesia, Iran, Iraq, Jamaica, Jordan, Kazakhstan, Kenya, Kiribati, North Korea, Kyrgyzstan, Laos, Lebanon, Lesotho, Liberia, Libya, Macedonia, Madagascar, Malawi, Malaysia, Maldives, Mali, Marshall Islands, Mauritania, Mauritius, Mexico, Micronesia Federated States Of, Moldova Republic Of, Mongolia, Montserrat, Morocco, Mozambique, Myanmar, Namibia, Nauru, Nepal, Nicaragua, Niger, Nigeria, Niue, Pakistan, Palau, Palestinian Territories, Panama, Papua New Guinea, Paraguay, Peru, Philippines, Rwanda, Saint Helena, Saint Lucia, Saint Vincent And The Grenadines, Samoa, Sao Tome And Principe, Senegal, Sierra Leone, Solomon Islands, Somalia, South Africa, Sri Lanka, Sudan, Suriname, Eswatini, Syria, Tajikistan, Tanzania, Thailand, East Timor (Timor-Leste), Togo, Tokelau, Tonga, Tunisia, Turkey, Turkmenistan, Tuvalu, Uganda, Ukraine, Uzbekistan, Vanuatu, Venezuela, Vietnam, Wallis And Futuna, Yemen, Zambia, Zimbabwe, Montenegro, Serbia, Kosovo, South Sudan",4/12/2026,The Luxembourg Award for Inclusive Finance 2026 focuses on recognizing organisations that support young people through financial inclusion as they navigate key life transitions and build sustainable futures.,"Education, Employment &amp; Labor, Livelihood, Youth &amp; Adolescents",https://www.inclusivefinanceaward.lu/
Bayer Foundation Women Entrepreneurs Award 2026,"Awards, Prizes and Challenges","Afghanistan, Algeria, Angola, Argentina, Bahrain, Bangladesh, Benin, Bhutan, Bolivia, Botswana, Brazil, Brunei, Burkina Faso, Burundi, Cambodia, Cameroon, Cape Verde, Central African Republic, Chad, Chile, China, Colombia, Comoros, Congo (Brazzaville), Congo DR, Costa Rica, Cote DIvoire (Ivory Coast), Cuba, Djibouti, Dominican Republic, Ecuador, Egypt, El Salvador, Equatorial Guinea, Eritrea, Ethiopia, Gabon, Gambia, Ghana, Guatemala, Guinea, Guinea-Bissau, Honduras, India, Indonesia, Iran, Iraq, Israel, Japan, Jordan, Kazakhstan, Kenya, South Korea, North Korea, Kuwait, Kyrgyzstan, Laos, Lebanon, Lesotho, Liberia, Libya, Madagascar, Malawi, Malaysia, Maldives, Mali, Mauritania, Mauritius, Mayotte, Mexico, Mongolia, Morocco, Mozambique, Burma(Myanmar), Namibia, Nepal, Nicaragua, Niger, Nigeria, Oman, Oman, Pakistan, Palestinian Territories, Panama, Paraguay, Peru, Philippines, Puerto Rico, Qatar, Qatar, Reunion, Russia, Rwanda, Saint Helena, Sao Tome And Principe, Saudi Arabia, Senegal, Seychelles, Sierra Leone, Singapore, Somalia, South Africa, Sri Lanka, Sudan, Swaziland, Syria, Tajikistan, Tanzania, Thailand, East Timor (Timor-Leste), Togo, Tunisia, Turkey, Turkmenistan, Uganda, United Arab Emirates, Uruguay, Uzbekistan, Venezuela, Viet Nam, Western Sahara, Yemen, Zambia, Zimbabwe, South Sudan",4/13/2026,The Bayer Foundation Women Entrepreneurs Award 2026 offers a transformative 6-month accelerator for women founders advancing solutions in health and food security.,"Food Safety, Business &amp; Industry, Community Development, Health, Health care, Malnutrition, Individuals, Water &amp; Sanitation, Women &amp; Gender",https://bayerfoundation-wea.com/
Africa Impact Finance Initiative Grant for Education Projects,Grant,"Algeria, Angola, Benin, Botswana, Burkina Faso, Burundi, Cameroon, Cape Verde, Central African Republic, Chad, Comoros, Congo (Brazzaville), Congo DR, Cote DIvoire (Ivory Coast), Djibouti, Egypt, Equatorial Guinea, Eritrea, Ethiopia, Gabon, Gambia, Ghana, Guinea, Guinea-Bissau, Kenya, Lesotho, Liberia, Libya, Madagascar, Malawi, Mali, Mauritania, Mauritius, Mayotte, Morocco, Mozambique, Namibia, Niger, Nigeria, Reunion, Rwanda, Saint Helena, Sao Tome And Principe, Senegal, Seychelles, Sierra Leone, Somalia, South Africa, Sudan, Eswatini, Tanzania, Togo, Tunisia, Uganda, Western Sahara, Zambia, Zimbabwe, South Sudan",4/13/2026,The Africa Impact Finance Initiative is offering grants to support community-based projects that enhance education for children and young adults up to the age of 25 across the African continent.,"Children, Education, Youth &amp; Adolescents",https://www.africaifi.org/grant
Open Call: Mandela Rhodes Scholarship Programme,Scholarship,"Algeria, Angola, Benin, Botswana, Burkina Faso, Burundi, Cameroon, Cape Verde, Central African Republic, Chad, Comoros, Congo (Brazzaville), Congo DR, Cote DIvoire (Ivory Coast), Djibouti, Egypt, Equatorial Guinea, Eritrea, Ethiopia, Gabon, Gambia, Ghana, Guinea, Guinea-Bissau, Kenya, Lesotho, Liberia, Libya, Madagascar, Malawi, Mali, Mauritania, Mauritius, Mayotte, Morocco, Mozambique, Namibia, Niger, Nigeria, Reunion, Rwanda, Saint Helena, Sao Tome And Principe, Senegal, Seychelles, Sierra Leone, Somalia, South Africa, Sudan, Swaziland, Tanzania, Togo, Tunisia, Uganda, Western Sahara, Zambia, Zimbabwe, South Sudan",4/14/2026,"The Mandela Rhodes Scholarship is inviting applications to support a leadership programme that will challenge you, grow you and connect you to young African changemakers - just like you.","Tertiary &amp; Higher Education, Individuals, Leadership, Research",https://www.mandelarhodes.org/scholarship/apply/
Small Research Grants on Education Program,Grant,All Countries,4/15/2026,"The Small Research Grants on Education Program supports education research projects that aim to contribute to the improvement of education through rigorous, intellectually ambitious, and technically sound studies.","Education, Individuals, Research",https://www.spencer.org/grant_types/small-research-grant
The Falling Walls Science Breakthrough of the Year in Social Sciences and Humanities,Events,All Countries,4/15/2026,The Falling Walls Science Breakthrough of the Year in Social Sciences and Humanities invites nominations and applications from internationally recognised scholars whose work advances the understanding of human society and addresses major global challenges.,"Business &amp; Industry, Politics, Energy, Health, , Individuals, Leaders, Researchers, Innovation, Leadership, Media, Research, Science, Humanities, Social Sciences, Sustainable Development",https://falling-walls.com/social-sciences-humanities
Open Call: The Falling Walls Global Call for Science Breakthroughs,Events,All Countries,4/15/2026,The Falling Walls Global Call for Science Breakthroughs is currently accepting applications to recognize internationally established scientists and research teams whose groundbreaking work advances the scientific study of life and organisms while contributing to solutions for the world’s most pressing challenges.,"Biodiversity, Conservation, Diseases, , Individuals, Leaders, Researchers, Innovation, Research, Science, Sustainable Development",https://falling-walls.com/life-sciences
Apply for TWAS-DFG Cooperation Visits Programme,Grant,"Angola, Benin, Botswana, Burkina Faso, Burundi, Cameroon, Cape Verde, Central African Republic, Chad, Comoros, Congo (Brazzaville), Congo DR, Cote DIvoire (Ivory Coast), Djibouti, Equatorial Guinea, Eritrea, Ethiopia, Gabon, Gambia, Ghana, Guinea, Guinea-Bissau, Kenya, Lesotho, Liberia, Madagascar, Malawi, Mali, Mauritania, Mauritius, Mayotte, Mozambique, Namibia, Niger, Nigeria, Rwanda, Sao Tome And Principe, Senegal, Seychelles, Sierra Leone, Somalia, South Africa, Sudan, Swaziland, Tanzania, Togo, Uganda, Zambia, Zimbabwe, South Sudan",4/15/2026,Applications are now open for the TWAS-DFG Cooperation Visits Programme to provide postdoctoral researchers living and working in sub-Saharan Africa with the opportunity to make a three-month ‘Cooperation Visit’ to a research institute in Germany.,"Capacity Building, , PhD Holder, Researchers, Women and Girls, Research, Science, Women &amp; Gender",https://twas.org/opportunity/twas-dfg-cooperation-visits-programme-ssa
Entries open for Global STEM Accelerators Program,Scholarship,All Countries,4/15/2026,The Global STEM Accelerators Program is currently accepting applications to help young women to become changemakers in their communities.,"Arts &amp; Culture, Climate Change, Energy, Environment, Women and Girls, Youth, Innovation, Sustainable Development, Women &amp; Gender, Youth &amp; Adolescents",https://afs.org/global-stem/accelerators/
Call for Submissions: Penn IUR Global Photo Contest,Events,All Countries,4/15/2026,The Penn Institute for Urban Research invites photographers and visual storytellers around the world to enter their 10th annual photo contest: Sharing and Caring Cities: Portraits of Collective Urban Life.,"Arts &amp; Culture, Children, Infrastructure, , Artists, Individuals, Innovation, Older Adults or Senior Citizens",https://penniur.upenn.edu/media/photography-contest/2026-photography-contest-sharing-and-caring-cities
Heydar Aliyev - International Education Grant Program,Grant,"Afghanistan, Albania, Algeria, Angola, Antigua and Barbuda, Bahamas, Bahrain, Bangladesh, Barbados, Belarus, Belize, Benin, Bhutan, Bolivia, Bosnia And Herzegovina, Botswana, Brunei, Bulgaria, Burkina Faso, Burundi, Cambodia, Cameroon, Cape Verde, Central African Republic, Chad, Chile, Colombia, Comoros, Congo (Brazzaville), Congo DR, Cote DIvoire (Ivory Coast), Cuba, Djibouti, Dominica, Dominican Republic, Ecuador, Egypt, Equatorial Guinea, Eritrea, Ethiopia, Fiji, Gabon, Gambia, Georgia, Ghana, Grenada, Guatemala, Guinea, Guinea-Bissau, Guyana, Haiti, Honduras, Hungary, India, Indonesia, Iran, Iraq, Jamaica, Jordan, Kazakhstan, Kenya, Kiribati, North Korea, Kuwait, Kyrgyzstan, Laos, Lebanon, Lesotho, Liberia, Libya, Macedonia, Madagascar, Malawi, Malaysia, Maldives, Mali, Marshall Islands, Mauritania, Mauritius, Micronesia Federated States Of, Moldova Republic Of, Mongolia, Morocco, Mozambique, Burma(Myanmar), Namibia, Nauru, Nepal, Nicaragua, Niger, Nigeria, Oman, Pakistan, Palau, Palestinian Territories, Panama, Papua New Guinea, Peru, Philippines, Qatar, Romania, Russia, Rwanda, Saint Kitts And Nevis, Saint Lucia, Saint Vincent And The Grenadines, Samoa, Sao Tome And Principe, Saudi Arabia, Senegal, Seychelles, Sierra Leone, Singapore, Solomon Islands, Somalia, South Africa, Sri Lanka, Sudan, Suriname, Swaziland, Syria, Tajikistan, Tanzania, Thailand, East Timor (Timor-Leste), Togo, Tonga, Trinidad And Tobago, Tunisia, Turkey, Turkmenistan, Tuvalu, Uganda, United Arab Emirates, Uzbekistan, Vanuatu, Venezuela, Viet Nam, Yemen, Zambia, Zimbabwe, South Sudan",4/15/2026,The Ministry of Foreign Affairs and Ministry of Science and Education of the Republic of Azerbaijan has announced the Heydar Aliyev International Education Grant Program to support international students in pursuing higher education.,"Education, Tertiary &amp; Higher Education, Students",https://studyinazerbaijan.edu.az/financial-support
African Radio Engagement Initiatives,Grant,"Benin, Botswana, Burkina Faso, Burundi, Cape Verde, Comoros, Cote DIvoire (Ivory Coast), Djibouti, Eritrea, Ethiopia, Gambia, Ghana, Guinea, Guinea-Bissau, Kenya, Lesotho, Liberia, Madagascar, Malawi, Mali, Mauritania, Mauritius, Mayotte, Mozambique, Namibia, Niger, Nigeria, Reunion, Rwanda, Saint Helena, Senegal, Seychelles, Sierra Leone, Somalia, South Africa, Swaziland, Tanzania, Togo, Uganda, Zambia, Zimbabwe",4/15/2026,"The Pulitzer Center is calling for local media or radio outlets in East, Southern and West Africa to submit their proposals to implement participatory radio programs inspired by Pulitzer Center-supported stories.","Community Development, Labor Conditions, Climate Change, Livelihood, Media, Youth &amp; Adolescents",https://pulitzercenter.org/blog/call-proposals-african-radio-engagement-initiatives
Entries open for IBRO Rising Stars Awards,"Awards, Prizes and Challenges","Afghanistan, Albania, Algeria, Andorra, Angola, Antigua and Barbuda, Argentina, Armenia, Australia, Austria, Azerbaijan, Bahamas, Bahrain, Bangladesh, Barbados, Belarus, Belgium, Belize, Benin, Bhutan, Bolivia, Bosnia And Herzegovina, Botswana, Brazil, Brunei, Bulgaria, Burkina Faso, Burundi, Cambodia, Cameroon, Canada, Cape Verde, Central African Republic, Chad, Chile, China, Colombia, Comoros, Congo (Brazzaville), Congo DR, Costa Rica, Cote DIvoire (Ivory Coast), Croatia, Cuba, Cyprus, Czech Republic, Denmark, Djibouti, Dominica, Dominican Republic, Ecuador, Egypt, El Salvador, Equatorial Guinea, Eritrea, Estonia, Ethiopia, Fiji, Finland, France, Gabon, Gambia, Georgia, Germany, Ghana, Greece, Grenada, Guatemala, Guinea, Guinea-Bissau, Guyana, Haiti, Honduras, Hong Kong SAR, Hungary, Iceland, India, Indonesia, Iran, Iraq, Ireland, Israel, Italy, Jamaica, Japan, Jordan, Kazakhstan, Kenya, Kiribati, South Korea, North Korea, Kuwait, Kyrgyzstan, Laos, Latvia, Lebanon, Lesotho, Liberia, Libya, Liechtenstein, Lithuania, Luxembourg, Macedonia, Madagascar, Malawi, Malaysia, Maldives, Mali, Malta, Marshall Islands, Mauritania, Mauritius, Mexico, Micronesia Federated States Of, Moldova Republic Of, Monaco, Mongolia, Morocco, Mozambique, Burma(Myanmar), Namibia, Nauru, Nepal, Netherlands, New Zealand, Nicaragua, Niger, Nigeria, Norway, Oman, Pakistan, Palau, Palestinian Territories, Panama, Papua New Guinea, Paraguay, Peru, Philippines, Poland, Portugal, Qatar, Romania, Russia, Rwanda, Saint Kitts And Nevis, Saint Lucia, Saint Vincent And The Grenadines, Samoa, San Marino, Sao Tome And Principe, Saudi Arabia, Senegal, Seychelles, Sierra Leone, Singapore, Slovak Republic, Slovenia, Solomon Islands, Somalia, South Africa, Spain, Sri Lanka, Sudan, Suriname, Swaziland, Sweden, Switzerland, Syria, Taiwan, Tajikistan, Tanzania, Thailand, East Timor (Timor-Leste), Togo, Tonga, Trinidad And Tobago, Tunisia, Turkey, Turkmenistan, Tuvalu, Uganda, Ukraine, United Arab Emirates, United Kingdom, United States, Uruguay, Uzbekistan, Vanuatu, Venezuela, Viet Nam, Yemen, Zambia, Zimbabwe, Montenegro, Serbia, Kosovo, South Sudan",4/15/2026,The IBRO Rising Stars Awards provide start-up grants to support early career neuroscientists in establishing independent research laboratories and advancing their professional trajectories.,"Capacity Building, , , Research",https://ibro.org/grant/rising-stars-awards/
CarbonX 2.0 Boundless Innovation Program,Events,All Countries,4/15/2026,"The CarbonX 2.0 Boundless Innovation Program offers global early-stage teams support, funding, and industrial piloting opportunities to advance breakthrough low-carbon technologies.","Business &amp; Industry, Startups, Capacity Building, Information Technology, Innovation",https://carbonxprogram.com/en
Intercultural Innovation Hub 2026: Scaling Social Change,Grant,"Afghanistan, Albania, Algeria, Andorra, Angola, Antigua and Barbuda, Argentina, Armenia, Australia, Austria, Azerbaijan, Bahamas, Bangladesh, Barbados, Belarus, Belgium, Belize, Benin, Bhutan, Bolivia, Bosnia And Herzegovina, Botswana, Brazil, Brunei, Bulgaria, Burkina Faso, Burundi, Cambodia, Cameroon, Canada, Cape Verde, Central African Republic, Chad, Chile, China, Colombia, Comoros, Congo (Brazzaville), Congo DR, Costa Rica, Cote DIvoire (Ivory Coast), Croatia, Cuba, Cyprus, Czech Republic, Denmark, Djibouti, Dominica, Dominican Republic, Ecuador, Egypt, Equatorial Guinea, Eritrea, Estonia, Ethiopia, Fiji, Finland, France, Gabon, Gambia, Georgia, Germany, Ghana, Greece, Grenada, Guatemala, Guinea, Guinea-Bissau, Guyana, Haiti, Holy See (Vatican City State), Honduras, Hungary, Iceland, India, Indonesia, Ireland, Italy, Jamaica, Japan, Kazakhstan, Kenya, Kiribati, South Korea, North Korea, Kyrgyzstan, Laos, Latvia, Lesotho, Liberia, Libya, Liechtenstein, Lithuania, Luxembourg, Macedonia, Madagascar, Malawi, Malaysia, Maldives, Mali, Malta, Marshall Islands, Mauritania, Mauritius, Mayotte, Mexico, Micronesia Federated States Of, Moldova Republic Of, Monaco, Mongolia, Morocco, Mozambique, Myanmar, Namibia, Nauru, Nepal, Netherlands, New Zealand, Nicaragua, Niger, Nigeria, Norway, Oman, Pakistan, Palau, Panama, Papua New Guinea, Paraguay, Peru, Philippines, Poland, Portugal, Qatar, Reunion, Romania, Russia, Rwanda, Saint Helena, Saint Kitts And Nevis, Saint Lucia, Saint Vincent And The Grenadines, Samoa, San Marino, Sao Tome And Principe, Senegal, Seychelles, Sierra Leone, Singapore, Slovak Republic, Slovenia, Solomon Islands, Somalia, South Africa, Spain, Sri Lanka, Sudan, Suriname, Eswatini, Sweden, Switzerland, Tajikistan, Tanzania, Thailand, East Timor (Timor-Leste), Togo, Tonga, Trinidad And Tobago, Tunisia, Turkey, Turkmenistan, Tuvalu, Uganda, Ukraine, United Kingdom, United States, Uruguay, Uzbekistan, Vanuatu, Venezuela, Vietnam, Western Sahara, Zambia, Zimbabwe, Montenegro, Kosovo, South Sudan",4/15/2026,"The United Nations Alliance of Civilizations (UNAOC), in collaboration with the BMW Group and with support from Accenture, has launched the 2026 cycle of the Intercultural Innovation Hub to empower non-profit organizations committed to fostering intercultural dialogue and promoting inclusive societies.","Arts &amp; Culture, Capacity Building, Artificial Intelligence, Information Technology, Innovation, Sports &amp; Recreation, Gender Equality",https://www.unaoc.org/2026/03/intercultural-innovation-hub-2026/
Open Call for Conservation Futures Fellowship Program (Uganda),Fellowship,Uganda,4/15/2026,The Russell E. Train Fellowship Program is offering applications to support individuals pursuing a master’s or doctoral degree in conservation and related fields.,"Capacity Building, Community Engagement, Conservation, Individuals, Research",https://www.worldwildlife.org/our-work/science/russell-e-train-education-for-nature/russell-e-train-fellowships/
Entries open for VinFuture Prize,"Awards, Prizes and Challenges","Afghanistan, Algeria, Angola, Argentina, Bahamas, Bahrain, Bangladesh, Barbados, Belize, Benin, Bhutan, Bolivia, Botswana, Brazil, Brunei, Burkina Faso, Burundi, Cambodia, Cameroon, Cape Verde, Central African Republic, Chad, Chile, Colombia, Comoros, Congo (Brazzaville), Congo DR, Costa Rica, Cote DIvoire (Ivory Coast), Cuba, Djibouti, Dominican Republic, Ecuador, Egypt, El Salvador, Equatorial Guinea, Eritrea, Ethiopia, Fiji, Gabon, Gambia, Ghana, Guatemala, Guinea, Guinea-Bissau, Guyana, Haiti, Honduras, India, Indonesia, Iran, Iraq, Jamaica, Jordan, Kenya, Kiribati, North Korea, Kuwait, Laos, Lebanon, Lesotho, Liberia, Libya, Madagascar, Malawi, Malaysia, Maldives, Mali, Mauritania, Mauritius, Mexico, Mongolia, Morocco, Mozambique, Burma(Myanmar), Namibia, Nepal, Nicaragua, Niger, Nigeria, Oman, Pakistan, Palestinian Territories, Panama, Papua New Guinea, Paraguay, Peru, Philippines, Rwanda, Samoa, Sao Tome And Principe, Saudi Arabia, Senegal, Sierra Leone, Solomon Islands, Somalia, South Africa, Sri Lanka, Sudan, Suriname, Swaziland, Syria, Tanzania, Thailand, East Timor (Timor-Leste), Togo, Trinidad And Tobago, Tunisia, Turkey, Uganda, Uruguay, Vanuatu, Venezuela, Viet Nam, Yemen, Zambia, Zimbabwe, South Sudan",4/17/2026,The VinFuture Prize honors scientific research and breakthrough technological innovations that can make a significant difference in the daily lives of millions of people.,"Individuals, Researchers, Women and Girls, Artificial Intelligence, Innovation, Research, Science, Technology, Sustainable Development",https://vinfutureprize.org/vinfuture-prize-nomination/
Call for EOIs: Strengthening School Feeding Systems (Uganda),Grant,Uganda,4/17/2026,The World Food Programme is seeking partners to support the Government of Uganda in enhancing school feeding systems and community engagement under its 2026–2030 strategy.,"Agriculture Food &amp; Nutrition, Food Safety, Nutrition, Community Development, Community Engagement, Education",https://www.unpartnerportal.org/landing/opportunities/
EMA Small Grant Program (Asia and Africa),Grant,"Afghanistan, Algeria, Angola, Bangladesh, Benin, Bhutan, Botswana, Brunei, Burkina Faso, Burundi, Cambodia, Cameroon, Cape Verde, Central African Republic, Chad, China, Comoros, Congo (Brazzaville), Congo DR, Cote DIvoire (Ivory Coast), Djibouti, Egypt, Equatorial Guinea, Eritrea, Ethiopia, Gabon, Gambia, Ghana, Guinea, Guinea-Bissau, India, Indonesia, Japan, Kazakhstan, Kenya, South Korea, North Korea, Kyrgyzstan, Laos, Lesotho, Liberia, Libya, Madagascar, Malawi, Malaysia, Maldives, Mali, Mauritania, Mauritius, Mayotte, Mongolia, Morocco, Mozambique, Burma(Myanmar), Namibia, Nepal, Niger, Nigeria, Oman, Pakistan, Philippines, Qatar, Reunion, Russia, Rwanda, Saint Helena, Sao Tome And Principe, Senegal, Seychelles, Sierra Leone, Singapore, Somalia, South Africa, Sri Lanka, Sudan, Swaziland, Tajikistan, Tanzania, Thailand, East Timor (Timor-Leste), Togo, Tunisia, Turkey, Turkmenistan, Uganda, Uzbekistan, Viet Nam, Western Sahara, Zambia, Zimbabwe, South Sudan",4/18/2026,The Elephant Managers Association is inviting applications for its EMA Small Grant Program to support advance field-based elephant conservation initiatives across Africa and Asia.,"Capacity Building, Community Development, Education, Conservation, Individuals, Researchers, Innovation",https://www.elephantmanagers.org/Small-Grants-Program
Impact Seed Fund,Grant,"Angola, Burkina Faso, Burundi, Cameroon, Central African Republic, Congo (Brazzaville), Congo DR, Cote DIvoire (Ivory Coast), Ethiopia, Gabon, Ghana, Guinea, Kenya, Malawi, Mozambique, Namibia, Nigeria, Rwanda, Senegal, Tanzania, Uganda, Zambia, Zimbabwe",4/19/2026,"The Pulitzer Center is requesting applications for its Impact Seed Fund to support activities that enrich perspectives and knowledge on socio-ecological challenges, solutions and innovations related to rainforests, oceans, climate and labor crises within academic and school communities.","Fisheries, Democracy &amp; Good Governance, Disability, Employment &amp; Labor, Climate Change, Energy, Environment, Individuals, Researchers, Students, Innovation, Research, Gender Equality, Youth &amp; Adolescents",https://pulitzercenter.org/grants-fellowships/impact-seed-funding
Nominations open for the Global Energy Prize,"Awards, Prizes and Challenges",All Countries,4/20/2026,The Global Energy Prize is inviting applications for the international scientific community to recognize outstanding achievements in energy research and development.,"Conservation, Energy, , Individuals, Research, Science, Technology, Sustainable Development",https://globalenergyprize.org/en/2025/12/30/nominations-for-the-2026-global-energy-prize-to-be-accepted-from-january-1/#
Nominations Open: Grawemeyer Award in Education,"Awards, Prizes and Challenges",All Countries,4/20/2026,"The Grawemeyer Award in Education presents a distinguished opportunity for educators, researchers, and thinkers whose ideas have the power to transform educational practice and elevate learning outcomes around the world.","Education, Learning, Researchers, Teachers",http://grawemeyer.org/education/#toggle-id-2
Open Call for the PAVE Global Student Aid Program,Events,All Countries,4/20/2026,The PAVE Global Student Aid Program has announced its applications to support college-level design and architecture students facing hardship to help them continue their education without disruption.,"Architecture and Planning, Education, Students",https://www.paveglobal.org/student-aid
SEFA Africa Green Hydrogen Programme,Grant,"Algeria, Angola, Benin, Botswana, Burkina Faso, Burundi, Cameroon, Cape Verde, Central African Republic, Chad, Comoros, Congo (Brazzaville), Congo DR, Cote DIvoire (Ivory Coast), Djibouti, Egypt, Equatorial Guinea, Eritrea, Ethiopia, Gabon, Gambia, Ghana, Guinea, Guinea-Bissau, Kenya, Lesotho, Liberia, Libya, Madagascar, Malawi, Mali, Mauritania, Mauritius, Morocco, Mozambique, Namibia, Niger, Nigeria, Rwanda, Sao Tome And Principe, Senegal, Seychelles, Sierra Leone, Somalia, South Africa, Sudan, Eswatini, Tanzania, Togo, Tunisia, Uganda, Zambia, Zimbabwe, South Sudan",4/20/2026,The SEFA Africa Green Hydrogen Programme (AGHP) Call for Proposals is a strategic initiative aimed at accelerating Africa’s energy transition by supporting the development of green hydrogen projects across the continent.,"Business &amp; Industry, Capacity Building, Economic Development, Energy, Environment",https://sefaafrica.org/
Taronga Field Conservation Grants Supporting Wildlife Initiatives,Grant,"Aland Islands, Albania, Algeria, American Samoa, Andorra, Angola, Anguilla, Antarctica, Antigua and Barbuda, Argentina, Armenia, Aruba, Australia, Austria, Azerbaijan, Bahamas, Bahrain, Bangladesh, Barbados, Belarus, Belgium, Belize, Benin, Bermuda, Bhutan, Bolivia, Bosnia And Herzegovina, Botswana, Bouvet Island, Brazil, British Indian Ocean Territory, Brunei, Bulgaria, Burkina Faso, Burundi, Cambodia, Cameroon, Canada, Cape Verde, Cayman Islands, Chad, Chile, China, Christmas Island, Cocos (Keeling) Islands, Colombia, Comoros, Congo (Brazzaville), Congo DR, Cook Islands, Costa Rica, Cote DIvoire (Ivory Coast), Croatia, Cuba, Cyprus, Czech Republic, Denmark, Djibouti, Dominica, Dominican Republic, Ecuador, Egypt, El Salvador, Equatorial Guinea, Eritrea, Estonia, Ethiopia, Falkland Islands (Malvinas), Faroe Islands, Fiji, Finland, France, French Guiana, French Polynesia, French Southern Territories, Gabon, Gambia, Georgia, Germany, Ghana, Gibraltar, Greece, Greenland, Grenada, Guadeloupe, Guam, Guatemala, Guernsey, Guinea, Guyana, Heard Island And Mcdonald Islands, Holy See (Vatican City State), Honduras, Hong Kong SAR, Hungary, Iceland, India, Indonesia, Ireland, Isle Of Man, Israel, Italy, Jamaica, Japan, Jersey, Jordan, Kazakhstan, Kenya, Kiribati, South Korea, Kuwait, Kyrgyzstan, Laos, Latvia, Lesotho, Liberia, Liechtenstein, Lithuania, Luxembourg, Macau, Macedonia, Madagascar, Malawi, Malaysia, Maldives, Mali, Malta, Marshall Islands, Martinique, Mauritania, Mauritius, Mayotte, Mexico, Micronesia Federated States Of, Moldova Republic Of, Monaco, Mongolia, Montserrat, Morocco, Mozambique, Namibia, Nauru, Nepal, Netherlands, Netherlands Antilles, New Caledonia, New Zealand, Nicaragua, Niger, Nigeria, Niue, Norfolk Island, Northern Mariana Islands, Norway, Oman, Pakistan, Palau, Palestinian Territories, Panama, Papua New Guinea, Paraguay, Peru, Philippines, Pitcairn, Poland, Portugal, Puerto Rico, Qatar, Reunion, Romania, Rwanda, Saint Helena, Saint Kitts And Nevis, Saint Lucia, Saint Pierre And Miquelon, Saint Vincent And The Grenadines, Samoa, San Marino, Sao Tome And Principe, Saudi Arabia, Senegal, Seychelles, Sierra Leone, Singapore, Slovak Republic, Slovenia, Solomon Islands, South Africa, South Georgia And The South Sandwich Islands, Spain, Sri Lanka, Suriname, Svalbard And Jan Mayen, Eswatini, Sweden, Switzerland, Taiwan, Tajikistan, Tanzania, Thailand, East Timor (Timor-Leste), Togo, Tokelau, Tonga, Trinidad And Tobago, Tunisia, Turkey, Turkmenistan, Turks And Caicos Islands, Tuvalu, Uganda, United Arab Emirates, United Kingdom, United States, United States Minor Outlying Islands, Uruguay, Uzbekistan, Vanuatu, Venezuela, Vietnam, British Virgin Islands, United States Virgin Islands, Wallis And Futuna, Western Sahara, Zambia, Montenegro, Saint BarthÃ©lemy, Serbia, Kosovo, CuraÃ§ao, Bonaire Sint Eustatius and Saba, Saint Martin (French Part), Sint Maarten (Dutch Part)",4/20/2026,"Taronga’s Field Conservation Grants offer essential funding and expert support to impactful conservation projects dedicated to protecting wildlife, habitats, and communities worldwide.","Animals &amp; Wildlife, Community Development, Conservation, Individuals",https://taronga.org.au/conservation-and-science/our-actions/field-conservation-grants/applications
Catapult: Inclusion Africa 9th Edition – Empowering Fintechs for Inclusive Finance,Training,"Algeria, Angola, Benin, Botswana, Burkina Faso, Burundi, Cameroon, Cape Verde, Central African Republic, Chad, Comoros, Congo (Brazzaville), Congo DR, Cote DIvoire (Ivory Coast), Djibouti, Egypt, Equatorial Guinea, Eritrea, Ethiopia, Gabon, Gambia, Ghana, Guinea, Guinea-Bissau, Kenya, Lesotho, Liberia, Libya, Madagascar, Malawi, Mali, Mauritania, Mauritius, Mayotte, Morocco, Mozambique, Namibia, Niger, Nigeria, Reunion, Rwanda, Saint Helena, Sao Tome And Principe, Senegal, Seychelles, Sierra Leone, Somalia, South Africa, Sudan, Swaziland, Tanzania, Togo, Tunisia, Uganda, Western Sahara, Zambia, Zimbabwe, South Sudan",4/23/2026,Catapult: Inclusion Africa 9th Edition is a transformative program designed to accelerate fintechs that are driving financial inclusion across the continent.,"Fintech, Business &amp; Industry, Startups, Education, Innovation",https://lhoft.com/programs/catapult-acceleration-programs/catapult-financial-inclusion/catapult-inclusion-africa/catapult-inclusion-africa-2026/
Go Global MBA Scholarship 2026,Scholarship,All Countries,4/24/2026,The Go Global MBA Scholarship offers aspiring business professionals the chance to pursue their MBA abroad.,"Business &amp; Industry, Career Development, Leaders, Students, Leadership, Sustainable Development",https://www.educations.com/scholarships/go-global-mba-scholarship-20629
Entries open for the Geneva Challenge,"Awards, Prizes and Challenges","Afghanistan, Albania, Algeria, Andorra, Angola, Antigua and Barbuda, Argentina, Armenia, Austria, Azerbaijan, Bahamas, Bangladesh, Barbados, Belarus, Belgium, Belize, Benin, Bhutan, Bolivia, Bosnia And Herzegovina, Botswana, Brazil, Brunei, Bulgaria, Burkina Faso, Burundi, Cambodia, Cameroon, Canada, Cape Verde, Central African Republic, Chad, Chile, China, Colombia, Comoros, Congo (Brazzaville), Congo DR, Costa Rica, Costa Rica, Cote DIvoire (Ivory Coast), Croatia, Cuba, Cuba, Cyprus, Czech Republic, Denmark, Djibouti, Dominica, Dominican Republic, Dominican Republic, Ecuador, Egypt, El Salvador, El Salvador, Equatorial Guinea, Eritrea, Estonia, Ethiopia, Finland, France, Gabon, Gambia, Georgia, Germany, Ghana, Greece, Grenada, Guatemala, Guatemala, Guinea, Guinea-Bissau, Haiti, Holy See (Vatican City State), Honduras, Honduras, Hungary, Iceland, India, Indonesia, Ireland, Italy, Jamaica, Japan, Kazakhstan, Kenya, South Korea, North Korea, Kyrgyzstan, Laos, Latvia, Lesotho, Liberia, Libya, Liechtenstein, Lithuania, Luxembourg, Macedonia, Madagascar, Malawi, Malaysia, Maldives, Mali, Malta, Mauritania, Mauritius, Mayotte, Mexico, Mexico, Moldova Republic Of, Monaco, Mongolia, Morocco, Mozambique, Burma(Myanmar), Namibia, Nepal, Netherlands, Nicaragua, Nicaragua, Niger, Nigeria, Norway, Oman, Pakistan, Panama, Panama, Paraguay, Peru, Philippines, Poland, Portugal, Puerto Rico, Qatar, Reunion, Romania, Russia, Rwanda, Saint Helena, Saint Kitts And Nevis, Saint Lucia, Saint Vincent And The Grenadines, San Marino, Sao Tome And Principe, Senegal, Seychelles, Sierra Leone, Singapore, Slovak Republic, Slovenia, Somalia, South Africa, Spain, Sri Lanka, Sudan, Swaziland, Sweden, Switzerland, Tajikistan, Tanzania, Thailand, East Timor (Timor-Leste), Togo, Trinidad And Tobago, Tunisia, Turkey, Turkmenistan, Uganda, Ukraine, United Kingdom, United States, Uruguay, Uzbekistan, Venezuela, Viet Nam, Western Sahara, Zambia, Zimbabwe, Montenegro, Kosovo, South Sudan",4/24/2026,"Applications are now open for the Geneva Challenge to develop innovative, interdisciplinary and practical solutions to the pressing challenges shaping the future of work.","Employment &amp; Labor, Climate Change, Students, Innovation, Marketing, Technology, Sustainable Development, Youth &amp; Adolescents",https://www.graduateinstitute.ch/geneva-challenge/geneva-challenge-2026
Open Call for Creativity Pioneers Fund Program 2026,Grant,All Countries,4/24/2026,The Creativity Pioneers Fund 2026 is offering to support cultural and creative organisations that use innovative and unconventional approaches to drive social change and promote a more inclusive and equitable world.,"Community Development, Innovation",https://creativitypioneersfund.org/opencall
Call for Women’s Organizations to Co-Create AI for Gender Equality,Events,"Algeria, Angola, Benin, Botswana, Burkina Faso, Burundi, Cameroon, Cape Verde, Central African Republic, Chad, Comoros, Congo (Brazzaville), Congo DR, Cote DIvoire (Ivory Coast), Djibouti, Egypt, Equatorial Guinea, Eritrea, Ethiopia, Gabon, Gambia, Ghana, Guinea, Guinea-Bissau, Kenya, Lesotho, Liberia, Libya, Madagascar, Malawi, Mali, Mauritania, Mauritius, Mayotte, Morocco, Mozambique, Namibia, Niger, Nigeria, Reunion, Rwanda, Saint Helena, Sao Tome And Principe, Senegal, Seychelles, Sierra Leone, Somalia, South Africa, Sudan, Eswatini, Tanzania, Togo, Tunisia, Uganda, Western Sahara, Zambia, Zimbabwe, South Sudan",4/25/2026,The Gender &amp; AI Innovation Collective invites women’s rights organizations across Africa to co-create AI-driven solutions that address real community challenges and advance gender equality.,"Children, Community Development, Community Engagement, Disability, Education, Health, Health care, Social Justice, Artificial Intelligence, Information Technology, Innovation, LGBTQ, Media, Violence Prevention, Gender Equality",https://aplusalliance.org/gender-ai-innovation-collective/
Standard Chartered Women in Technology Programme (Uganda),Events,Uganda,4/25/2026,"The Standard Chartered Women in Tech Uganda Programme has launched its applications to support women-led, tech-enabled enterprises in overcoming systemic barriers and achieving measurable commercial growth.","Businesses, Companies and Enterprises, Capacity Building, Community Development, Women and Girls, Leadership, Technology, Women &amp; Gender",https://scwomenintech.futurelab.africa/
Nominations open for Tusk Conservation Awards (Africa),"Awards, Prizes and Challenges","Algeria, Angola, Benin, Botswana, Burkina Faso, Burundi, Cameroon, Cape Verde, Central African Republic, Chad, Comoros, Congo (Brazzaville), Congo DR, Cote DIvoire (Ivory Coast), Djibouti, Egypt, Equatorial Guinea, Eritrea, Ethiopia, Gabon, Gambia, Ghana, Guinea, Guinea-Bissau, Kenya, Lesotho, Liberia, Libya, Madagascar, Malawi, Mali, Mauritania, Mauritius, Mayotte, Morocco, Mozambique, Namibia, Niger, Nigeria, Reunion, Rwanda, Saint Helena, Sao Tome And Principe, Senegal, Seychelles, Sierra Leone, Somalia, South Africa, Sudan, Swaziland, Tanzania, Togo, Tunisia, Uganda, Western Sahara, Zambia, Zimbabwe, South Sudan",4/26/2026,"Applications are now open for the Tusk Conservation Awards, which honour individuals and teams dedicated to safeguarding Africa’s biodiversity by supporting local, on-the-ground conservation efforts, investing in impactful initiatives and recognising leadership, community collaboration, innovation, mentorship and long-term measurable outcomes.","Marine, Capacity Building, Community Development, Biodiversity, Conservation, Rehabilitation, Individuals, Researchers, Innovation, Leadership, Research",https://www.tuskawards.com/nominations/
Democracy Anchor Grants for Strategic Litigation,Grant,"Afghanistan, Aland Islands, Albania, Algeria, American Samoa, Andorra, Angola, Anguilla, Antarctica, Antigua and Barbuda, Argentina, Armenia, Aruba, Australia, Austria, Azerbaijan, Bahamas, Bahrain, Bangladesh, Barbados, Belarus, Belgium, Belize, Benin, Bermuda, Bhutan, Bolivia, Bosnia And Herzegovina, Botswana, Bouvet Island, Brazil, British Indian Ocean Territory, Brunei, Bulgaria, Burkina Faso, Burundi, Cambodia, Cameroon, Canada, Cape Verde, Cayman Islands, Central African Republic, Chad, Chile, China, Christmas Island, Cocos (Keeling) Islands, Colombia, Comoros, Congo (Brazzaville), Congo DR, Cook Islands, Costa Rica, Cote DIvoire (Ivory Coast), Croatia, Cuba, Cyprus, Czech Republic, Denmark, Djibouti, Dominica, Dominican Republic, Ecuador, Egypt, El Salvador, Equatorial Guinea, Eritrea, Estonia, Ethiopia, Falkland Islands (Malvinas), Faroe Islands, Fiji, Finland, France, French Guiana, French Polynesia, French Southern Territories, Gabon, Gambia, Georgia, Germany, Ghana, Gibraltar, Greece, Greenland, Grenada, Guadeloupe, Guam, Guatemala, Guernsey, Guinea, Guinea-Bissau, Guyana, Haiti, Heard Island And Mcdonald Islands, Holy See (Vatican City State), Honduras, Hong Kong SAR, Hungary, Iceland, India, Indonesia, Iran, Iraq, Ireland, Isle Of Man, Israel, Italy, Jamaica, Japan, Jersey, Jordan, Kazakhstan, Kenya, Kiribati, South Korea, North Korea, Kuwait, Kyrgyzstan, Laos, Latvia, Lebanon, Lesotho, Liberia, Libya, Liechtenstein, Lithuania, Luxembourg, Macau, Macedonia, Madagascar, Malawi, Malaysia, Maldives, Mali, Malta, Marshall Islands, Martinique, Mauritania, Mauritius, Mayotte, Mexico, Micronesia Federated States Of, Moldova Republic Of, Monaco, Mongolia, Montserrat, Morocco, Mozambique, Myanmar, Namibia, Nauru, Nepal, Netherlands, Netherlands Antilles, New Caledonia, New Zealand, Nicaragua, Niger, Nigeria, Niue, Norfolk Island, Northern Mariana Islands, Norway, Oman, Pakistan, Palau, Palestinian Territories, Panama, Papua New Guinea, Paraguay, Peru, Philippines, Pitcairn, Poland, Portugal, Puerto Rico, Qatar, Reunion, Romania, Russia, Rwanda, Saint Helena, Saint Kitts And Nevis, Saint Lucia, Saint Pierre And Miquelon, Saint Vincent And The Grenadines, Samoa, San Marino, Sao Tome And Principe, Saudi Arabia, Senegal, Seychelles, Sierra Leone, Singapore, Slovak Republic, Slovenia, Solomon Islands, Somalia, South Africa, South Georgia And The South Sandwich Islands, Spain, Sri Lanka, Sudan, Suriname, Svalbard And Jan Mayen, Eswatini, Sweden, Switzerland, Syria, Taiwan, Tajikistan, Tanzania, Thailand, East Timor (Timor-Leste), Togo, Tokelau, Tonga, Trinidad And Tobago, Tunisia, Turkey, Turkmenistan, Turks And Caicos Islands, Tuvalu, Uganda, Ukraine, United Arab Emirates, United Kingdom, United States Minor Outlying Islands, Uruguay, Uzbekistan, Vanuatu, Venezuela, Vietnam, British Virgin Islands, United States Virgin Islands, Wallis And Futuna, Western Sahara, Yemen, Zambia, Zimbabwe, Montenegro, Saint BarthÃ©lemy, Serbia, Kosovo, South Sudan , CuraÃ§ao, Bonaire Sint Eustatius and Saba, Saint Martin (French Part), Sint Maarten (Dutch Part)",4/27/2026,The Open Society Justice Initiative has launched the Democracy Anchor Grants to support organizations using strategic litigation to defend democratic space and uphold the rule of law.,"Community Development, Democracy &amp; Good Governance",https://www.justiceinitiative.org/opportunities/open-society-justice-initiative-democracy-anchor-grants
African Research Fellowship Programme,Fellowship,"Algeria, Angola, Benin, Botswana, Burkina Faso, Burundi, Cameroon, Cape Verde, Central African Republic, Chad, Comoros, Congo (Brazzaville), Congo DR, Cote DIvoire (Ivory Coast), Djibouti, Egypt, Equatorial Guinea, Eritrea, Ethiopia, Gabon, Gambia, Ghana, Guinea, Guinea-Bissau, Kenya, Lesotho, Liberia, Libya, Madagascar, Malawi, Mali, Mauritania, Mauritius, Mayotte, Morocco, Mozambique, Namibia, Niger, Nigeria, Reunion, Rwanda, Saint Helena, Sao Tome And Principe, Senegal, Seychelles, Sierra Leone, Somalia, South Africa, Sudan, Eswatini, Tanzania, Togo, Tunisia, Uganda, Western Sahara, Zambia, Zimbabwe, South Sudan",4/29/2026,"The African Research Fellowship (ARF) programme—part of the EO AFRICA flagship initiative of the European Space Agency (ESA), in partnership with the African Space Agency (AfSA), an organ of the African Union, and in coordination with the African Union Commission (AUC)—empowers the next generation of African Earth observation (EO) leaders.","Agriculture Food &amp; Nutrition, Food Safety, Marine, Urban Development, Climate Change, Energy, Environment, Natural Resources, Health, Disaster Preparedness, Leaders, PhD Holder, Researchers, Artificial Intelligence, Innovation, Leadership, Research, Science, Technology",https://eo4society.esa.int/2026/03/18/african-research-fellowships-call-2026/
Entries open for Jana Robeyst Trust Fund Grants,Grant,"Angola, Benin, Botswana, Burkina Faso, Burundi, Cameroon, Cape Verde, Central African Republic, Chad, Comoros, Congo (Brazzaville), Congo DR, Cote DIvoire (Ivory Coast), Djibouti, Equatorial Guinea, Eritrea, Ethiopia, Gabon, Gambia, Ghana, Guinea, Guinea-Bissau, Kenya, Lesotho, Liberia, Madagascar, Malawi, Mali, Mauritania, Mauritius, Mozambique, Namibia, Niger, Nigeria, Reunion, Rwanda, Sao Tome And Principe, Senegal, Seychelles, Sierra Leone, Somalia, South Africa, Sudan, Swaziland, Tanzania, Togo, Uganda, Western Sahara, Zambia, Zimbabwe",4/30/2026,The Jana Robeyst Trust Fund (JRTF) provides financial support to early career biologists and conservationists to carry out essential field conservation and research work focused on endangered mammals in Africa.,"Animals &amp; Wildlife, Endangered Species, Career Development, Conservation, Equipment, Individuals, Research",http://janatrustfund.org/index_en.html
Einstein Foundation Award,"Awards, Prizes and Challenges",All Countries,4/30/2026,"The Einstein Award for Promoting Quality in Research in cooperation with the QUEST Center for Responsible Research at the Berlin Institute of Health at Charité honors researchers, institutions and early career researchers around the globe whose work helps to fundamentally advance the quality, transparency and reproducibility of science and research.","Arts &amp; Culture, Researchers, Innovation, Research, Science, Sustainable Development",https://award.einsteinfoundation.de/
Africa Australia Awards,"Awards, Prizes and Challenges","Algeria, Angola, Botswana, Congo DR, Cote DIvoire (Ivory Coast), Egypt, Ethiopia, Gambia, Ghana, Guinea, Kenya, Madagascar, Malawi, Mauritius, Morocco, Mozambique, Namibia, Nigeria, Rwanda, Sierra Leone, South Africa, Tanzania, Uganda, Zambia, Zimbabwe",4/30/2026,"The Department of Foreign Affairs and Trade is requesting applications for its Africa Australia Awards to promote a prosperous, resilient and stable Africa.","Agriculture Food &amp; Nutrition, Food Safety, Disability, Climate Change, Energy, Environment, Leaders, Persons with Disabilities, Women and Girls, Leadership, Sustainable Development, Women &amp; Gender",https://www.dfat.gov.au/publications/development/africa-australia-awards-intake-information
Nominations open for Arctic Academic Action Award 2026,"Awards, Prizes and Challenges","Afghanistan, Aland Islands, Albania, Algeria, American Samoa, Andorra, Angola, Anguilla, Antarctica, Antigua and Barbuda, Argentina, Armenia, Aruba, Australia, Austria, Azerbaijan, Bahamas, Bahrain, Bangladesh, Barbados, Belarus, Belgium, Belize, Benin, Bermuda, Bhutan, Bolivia, Bosnia And Herzegovina, Botswana, Bouvet Island, Brazil, British Indian Ocean Territory, Brunei, Bulgaria, Burkina Faso, Burundi, Cambodia, Cameroon, Canada, Cape Verde, Cayman Islands, Central African Republic, Chad, Chile, China, Christmas Island, Cocos (Keeling) Islands, Colombia, Comoros, Congo (Brazzaville), Congo DR, Cook Islands, Costa Rica, Cote DIvoire (Ivory Coast), Croatia, Cuba, Cyprus, Czech Republic, Denmark, Djibouti, Dominica, Dominican Republic, Ecuador, Egypt, El Salvador, Equatorial Guinea, Eritrea, Estonia, Ethiopia, Falkland Islands (Malvinas), Faroe Islands, Fiji, Finland, France, French Guiana, French Polynesia, French Southern Territories, Gabon, Gambia, Georgia, Germany, Ghana, Gibraltar, Greece, Greenland, Grenada, Guadeloupe, Guam, Guatemala, Guernsey, Guinea, Guinea-Bissau, Guyana, Haiti, Heard Island And Mcdonald Islands, Holy See (Vatican City State), Honduras, Hong Kong SAR, Hungary, Iceland, India, Indonesia, Iran, Iraq, Ireland, Isle Of Man, Israel, Italy, Jamaica, Japan, Jersey, Jordan, Kazakhstan, Kenya, Kiribati, South Korea, North Korea, Kuwait, Kyrgyzstan, Laos, Latvia, Lebanon, Lesotho, Liberia, Libya, Liechtenstein, Lithuania, Luxembourg, Macau, Macedonia, Madagascar, Malawi, Malaysia, Maldives, Mali, Malta, Marshall Islands, Martinique, Mauritania, Mauritius, Mayotte, Mexico, Micronesia Federated States Of, Moldova Republic Of, Monaco, Mongolia, Montserrat, Morocco, Mozambique, Burma(Myanmar), Namibia, Nauru, Nepal, Netherlands, Netherlands Antilles, New Caledonia, New Zealand, Nicaragua, Niger, Nigeria, Niue, Norfolk Island, Northern Mariana Islands, Norway, Oman, Pakistan, Palau, Palestinian Territories, Panama, Papua New Guinea, Paraguay, Peru, Philippines, Pitcairn, Poland, Portugal, Puerto Rico, Qatar, Reunion, Romania, Russia, Rwanda, Saint Helena, Saint Kitts And Nevis, Saint Lucia, Saint Pierre And Miquelon, Saint Vincent And The Grenadines, Samoa, San Marino, Sao Tome And Principe, Saudi Arabia, Senegal, Seychelles, Sierra Leone, Singapore, Slovak Republic, Slovenia, Solomon Islands, Somalia, South Africa, South Georgia And The South Sandwich Islands, Spain, Sri Lanka, Sudan, Suriname, Svalbard And Jan Mayen, Swaziland, Sweden, Switzerland, Syria, Taiwan, Tajikistan, Tanzania, Thailand, East Timor (Timor-Leste), Togo, Tokelau, Tonga, Trinidad And Tobago, Tunisia, Turkey, Turkmenistan, Turks And Caicos Islands, Tuvalu, Uganda, Ukraine, United Arab Emirates, United Kingdom, United States, United States Minor Outlying Islands, Uruguay, Uzbekistan, Vanuatu, Venezuela, Viet Nam, British Virgin Islands, United States Virgin Islands, Wallis And Futuna, Western Sahara, Yemen, Zambia, Zimbabwe, Montenegro, Saint BarthÃ©lemy, Serbia, Kosovo, South Sudan , CuraÃ§ao, Bonaire Sint Eustatius and Saba, Saint Martin (French Part), Sint Maarten (Dutch Part)",4/30/2026,UArctic and the Arctic Circle are pleased to open the call for nominations for the 2026 Frederik Paulsen Arctic Academic Action Award.,"Community Development, Climate Change, Indigenous Communities, Individuals",https://www.uarctic.org/activities/awards-grants/action-award/call-for-nominations/
"SENSE Foundation Brussels Call for Applications: Advancing Research, Health, and Inclusion",Grant,All Countries,4/30/2026,"The SENSE Foundation Brussels invites applications from eligible non-profit organisations and students for projects and initiatives that advance research, sustainability, health, and inclusion in Belgium and abroad.","Nutrition, Arts &amp; Culture, Environment, Health, Research, Sustainable Development",https://www.sensefoundationbrussels.org/submit-your-project
Entries open for the Marcus Wallenberg Prize,"Awards, Prizes and Challenges",All Countries,4/30/2026,"Applications are now open for the Marcus Wallenberg Prize to recognize, encourage and stimulate path-breaking scientific achievements which contribute significantly to broader knowledge and/or technical development within all subjects relevant to the forest-based sector all over the world.","Conservation, Individuals, Innovation, Research, Science, Technology, Sustainable Development",https://www.mwp.org/nomination/
2026 Small Grants Call to Support Local Development Initiatives,Grant,"Kenya, Rwanda, Somalia, Uganda",4/30/2026,"The Slovak Agency for International Development Cooperation, in partnership with the Embassy of the Slovak Republic in Nairobi, has announced the Small Grants 2026 Call for Proposals to support local development initiatives.","Agriculture Food &amp; Nutrition, Food Safety, Civil Society Development, Infrastructure, Democracy &amp; Good Governance, Education, Climate Change, Environment, Natural Resources, Health, Gender Equality",https://www.mzv.sk/en/web/nairobi-en/slovakaid/small-grants
Giving Joy 2026 Microgrant Program for Women Entrepreneurs,Grant,All Countries,4/30/2026,"The Giving Joy 2026 Microgrant Program for Women Entrepreneurs encourages women worldwide to pursue bold, impactful ideas that drive meaningful change and empower communities.","Business &amp; Industry, Entrepreneurship, Community Development, Family, Individuals, Innovation, Leadership, Women &amp; Gender",https://givingjoygrants.org/grant-application
Apply now for Africa Climate and Environment Microgrants,Grant,"Algeria, Angola, Benin, Botswana, Burkina Faso, Burundi, Cameroon, Cape Verde, Central African Republic, Chad, Comoros, Congo (Brazzaville), Congo DR, Cote DIvoire (Ivory Coast), Djibouti, Egypt, Equatorial Guinea, Eritrea, Ethiopia, Gabon, Gambia, Ghana, Guinea, Guinea-Bissau, Kenya, Lesotho, Liberia, Libya, Madagascar, Malawi, Mali, Mauritania, Mauritius, Mayotte, Morocco, Mozambique, Namibia, Niger, Nigeria, Reunion, Rwanda, Saint Helena, Sao Tome And Principe, Senegal, Seychelles, Sierra Leone, Somalia, South Africa, Sudan, Swaziland, Tanzania, Togo, Tunisia, Uganda, Western Sahara, Zambia, Zimbabwe, South Sudan",4/30/2026,The ACE Microgrants program invites grassroots organizations and local movements across Africa to submit innovative outreach proposals that integrate Pulitzer Center-supported journalism to engage communities and young professionals on environmental governance issues.,"Community Development, Biodiversity, Climate Change, Environment, Human Rights, Indigenous Communities, Individuals, Youth &amp; Adolescents",https://pulitzercenter.org/blog/ace-microgrants-call-proposals-african-local-movements
EDP Hope Fund Incubation Program 2026,Training,All Countries,4/30/2026,The EDP Hope Fund Incubation Program 2026 is requesting applications to help early-stage entrepreneurs transform their ideas into scalable and sustainable social businesses with global impact.,"Business &amp; Industry, Community Development",https://programs.bridgeforbillions.org/edp-incubator-program-2026/
WTO launches Young Trade Leaders Programme,Events,"Afghanistan, Albania, Angola, Antigua and Barbuda, Argentina, Armenia, Australia, Austria, Bahrain, Bangladesh, Barbados, Belgium, Belize, Benin, Bolivia, Botswana, Brazil, Brunei, Bulgaria, Burkina Faso, Burundi, Cambodia, Cameroon, Canada, Cape Verde, Central African Republic, Chad, Chile, China, Colombia, Comoros, Congo (Brazzaville), Congo DR, Costa Rica, Cote DIvoire (Ivory Coast), Croatia, Cuba, Cyprus, Czech Republic, Denmark, Djibouti, Dominica, Dominican Republic, Ecuador, Egypt, El Salvador, Estonia, Fiji, Finland, France, Gabon, Gambia, Georgia, Germany, Ghana, Greece, Grenada, Guatemala, Guinea, Guinea-Bissau, Guyana, Haiti, Honduras, Hungary, Iceland, India, Indonesia, Ireland, Israel, Italy, Jamaica, Japan, Jordan, Kazakhstan, Kenya, North Korea, Kuwait, Kyrgyzstan, Laos, Latvia, Lesotho, Liberia, Liechtenstein, Lithuania, Luxembourg, Macau, Macedonia, Madagascar, Malawi, Malaysia, Maldives, Mali, Malta, Mauritania, Mauritius, Mexico, Moldova Republic Of, Mongolia, Morocco, Mozambique, Burma(Myanmar), Namibia, Nepal, Netherlands, New Zealand, Nicaragua, Niger, Nigeria, Norway, Oman, Pakistan, Panama, Papua New Guinea, Paraguay, Philippines, Poland, Portugal, Qatar, Romania, Russia, Rwanda, Saint Kitts And Nevis, Saint Lucia, Saint Vincent And The Grenadines, Samoa, Saudi Arabia, Senegal, Seychelles, Sierra Leone, Singapore, Slovak Republic, Slovenia, Solomon Islands, South Africa, Spain, Sri Lanka, Suriname, Swaziland, Sweden, Switzerland, Taiwan, Tajikistan, Tanzania, Thailand, East Timor (Timor-Leste), Togo, Tonga, Trinidad And Tobago, Tunisia, Turkey, Uganda, Ukraine, United Arab Emirates, United Kingdom, United States, Uruguay, Vanuatu, Venezuela, Viet Nam, Yemen, Zambia, Zimbabwe, Montenegro",5/1/2026,"The WTO is inviting applications for the Young Trade Leaders Programme, an initiative aimed at fostering a better understanding of the WTO's work and international trade among young people and creating a network of Young Trade Leaders around the world.","Leaders, Youth, Innovation, Leadership, Sustainable Development, Youth &amp; Adolescents",https://www.wto.org/english/news_e/news26_e/ytl_16mar26_313_e.htm
Africa-EU Migration and Mobility Dialogue Programme,Grant,"Algeria, Angola, Austria, Belgium, Benin, Botswana, Bulgaria, Burkina Faso, Burundi, Cameroon, Cape Verde, Central African Republic, Chad, Comoros, Congo (Brazzaville), Congo DR, Cote DIvoire (Ivory Coast), Croatia, Cyprus, Czech Republic, Denmark, Djibouti, Egypt, Equatorial Guinea, Eritrea, Estonia, Ethiopia, Finland, France, Gabon, Gambia, Germany, Ghana, Greece, Guinea, Guinea-Bissau, Hungary, Ireland, Italy, Kenya, Latvia, Lesotho, Liberia, Libya, Lithuania, Luxembourg, Madagascar, Malawi, Mali, Malta, Mauritania, Mauritius, Morocco, Mozambique, Namibia, Netherlands, Niger, Nigeria, Poland, Portugal, Romania, Rwanda, Sao Tome And Principe, Senegal, Seychelles, Sierra Leone, Slovak Republic, Slovenia, Somalia, South Africa, Spain, Sudan, Eswatini, Sweden, Tanzania, Togo, Tunisia, Uganda, Western Sahara, Zambia, Zimbabwe, South Sudan",5/1/2026,"The “Support Programme to the Africa-EU Migration and Mobility Dialogue” (MMD) is designed to promote orderly, safe, and responsible migration and mobility within Africa and between Africa and Europe.","Business &amp; Industry, Community Development, Health, Individuals, Migration, Research",https://www.eeas.europa.eu/delegations/south-sudan/call-proposals-under-mmd-grant-facility_en
Funding for Strengthening Cultural Sectors in Developing Countries,Grant,"Afghanistan, Albania, Algeria, Angola, Antigua and Barbuda, Argentina, Armenia, Azerbaijan, Bahamas, Bahrain, Bangladesh, Barbados, Belarus, Belize, Benin, Bolivia, Bosnia And Herzegovina, Botswana, Brazil, Burkina Faso, Burundi, Cambodia, Cameroon, Cape Verde, Central African Republic, Chad, Chile, China, Colombia, Comoros, Congo DR, Costa Rica, Cuba, Djibouti, Dominica, Dominican Republic, Ecuador, Egypt, El Salvador, Equatorial Guinea, Ethiopia, Gabon, Gambia, Georgia, Ghana, Grenada, Guatemala, Guinea, Guyana, Haiti, Honduras, India, Indonesia, Iraq, Jamaica, Jordan, Kenya, Kuwait, Laos, Lesotho, Macedonia, Madagascar, Malawi, Mali, Mauritania, Mauritius, Mexico, Moldova Republic Of, Mongolia, Morocco, Mozambique, Namibia, Nicaragua, Niger, Nigeria, Niue, Oman, Pakistan, Palestinian Territories, Panama, Paraguay, Peru, Philippines, Qatar, Rwanda, Saint Kitts And Nevis, Saint Lucia, Saint Vincent And The Grenadines, Samoa, Sao Tome And Principe, Saudi Arabia, Senegal, Seychelles, Sierra Leone, South Africa, Sri Lanka, Sudan, Swaziland, Syria, Tajikistan, Tanzania, East Timor (Timor-Leste), Togo, Trinidad And Tobago, Tunisia, Turkey, Turkmenistan, Uganda, Ukraine, United Arab Emirates, Uruguay, Uzbekistan, Venezuela, Viet Nam, Yemen, Zambia, Zimbabwe, Montenegro, Serbia, South Sudan",5/6/2026,The International Fund for Cultural Diversity (IFCD) offers funding to support innovative projects that strengthen cultural sectors in developing countries through sustainable and impactful interventions.,"Arts &amp; Culture, Civil Society Development, Individuals, Innovation",https://www.unesco.org/creativity/en/ifcd/apply
Promoting Sustainable Forests and Livelihoods through Non-Timber Enterprises (Uganda),Grant,Uganda,5/7/2026,"The Italian Agency for Development Cooperation invites proposals to support reforestation, sustainable forest management, and community-based non-timber enterprises in Eastern Uganda and Napak District, Karamoja.","Business &amp; Industry, Businesses, Companies and Enterprises, Community Development, Conservation, Livelihood",https://aics.portaleamministrazionetrasparente.it/archivio97_concessione-contributi_0_245_952_1.html
Open Call: Ideas Fund Grants for Innovative Pilot Projects,Grant,"Albania, Algeria, American Samoa, Andorra, Angola, Antigua and Barbuda, Argentina, Armenia, Australia, Austria, Azerbaijan, Bahamas, Bahrain, Bangladesh, Barbados, Belarus, Belgium, Belize, Benin, Bolivia, Bosnia And Herzegovina, Botswana, Brazil, Brunei, Bulgaria, Burkina Faso, Burundi, Cambodia, Cameroon, Canada, Cape Verde, Central African Republic, Chad, Chile, China, Colombia, Comoros, Congo (Brazzaville), Congo DR, Cook Islands, Costa Rica, Cote DIvoire (Ivory Coast), Croatia, Cuba, Cyprus, Czech Republic, Denmark, Djibouti, Dominica, Dominican Republic, Ecuador, Egypt, El Salvador, Equatorial Guinea, Eritrea, Estonia, Ethiopia, Falkland Islands (Malvinas), Fiji, Finland, France, French Guiana, French Polynesia, Gabon, Gambia, Georgia, Germany, Ghana, Greece, Grenada, Guam, Guatemala, Guinea, Guinea-Bissau, Guyana, Haiti, Holy See (Vatican City State), Honduras, Hong Kong SAR, Hungary, Iceland, India, Indonesia, Iran, Iraq, Ireland, Israel, Italy, Jamaica, Japan, Jordan, Kenya, Kiribati, South Korea, North Korea, Kuwait, Laos, Latvia, Lebanon, Lesotho, Liberia, Libya, Liechtenstein, Lithuania, Luxembourg, Macau, Macedonia, Madagascar, Malawi, Malaysia, Maldives, Mali, Malta, Marshall Islands, Mauritania, Mauritius, Mayotte, Mexico, Micronesia Federated States Of, Moldova Republic Of, Monaco, Mongolia, Morocco, Mozambique, Burma(Myanmar), Namibia, Nauru, Nepal, Netherlands, New Caledonia, New Zealand, Nicaragua, Niger, Nigeria, Niue, Northern Mariana Islands, Norway, Oman, Pakistan, Palau, Palestinian Territories, Panama, Papua New Guinea, Paraguay, Peru, Philippines, Poland, Portugal, Qatar, Reunion, Romania, Russia, Rwanda, Saint Helena, Saint Kitts And Nevis, Saint Lucia, Saint Vincent And The Grenadines, Samoa, San Marino, Sao Tome And Principe, Saudi Arabia, Senegal, Seychelles, Sierra Leone, Singapore, Slovak Republic, Slovenia, Solomon Islands, Somalia, South Africa, Spain, Sri Lanka, Sudan, Suriname, Swaziland, Sweden, Switzerland, Syria, Taiwan, Tanzania, Thailand, Togo, Tokelau, Tonga, Trinidad And Tobago, Tunisia, Tuvalu, Uganda, Ukraine, United Arab Emirates, United Kingdom, United States, Uruguay, Vanuatu, Venezuela, Viet Nam, Wallis And Futuna, Western Sahara, Yemen, Zambia, Zimbabwe, Montenegro, Kosovo, South Sudan",5/7/2026,"The Ideas Fund supports non-profit organisations to test bold and innovative solutions that enhance financial capability, promote access to fair work, and strengthen the natural environment through sustainable and impactful approaches.","Community Development, Employment &amp; Labor, Health",https://www.aberdeenplc.com/en-gb/group-sustainability/aberdeen-group-charitable-trust/apply-for-a-grant-for-your-pilot-project
Community-Centered Connectivity Grant Program,Grant,All Countries,5/7/2026,The Community-Centered Connectivity (CCC) Grant Program by the Internet Society Foundation supports organizations that expand Internet access and adoption in communities facing digital exclusion.,Community Development,https://www.isocfoundation.org/grant-programme/community-centered-connectivity/
Apply for UNESCO Young Scientist Awards 2026,"Awards, Prizes and Challenges","Afghanistan, Albania, Algeria, Angola, Argentina, Armenia, Azerbaijan, Bangladesh, Belarus, Belize, Benin, Bhutan, Bolivia, Bosnia And Herzegovina, Botswana, Brazil, Burkina Faso, Burundi, Cambodia, Cameroon, Cape Verde, Central African Republic, Chad, China, Colombia, Comoros, Congo (Brazzaville), Congo DR, Cote DIvoire (Ivory Coast), Cuba, Djibouti, Dominica, Dominican Republic, Ecuador, Egypt, El Salvador, Equatorial Guinea, Eritrea, Fiji, Gabon, Gambia, Georgia, Ghana, Grenada, Guatemala, Guinea, Guinea-Bissau, Haiti, Honduras, India, Indonesia, Iran, Iraq, Jamaica, Jordan, Kazakhstan, Kenya, Kiribati, North Korea, Kyrgyzstan, Laos, Lebanon, Lesotho, Liberia, Libya, Macedonia, Madagascar, Malawi, Malaysia, Maldives, Mali, Marshall Islands, Mauritania, Mauritius, Mexico, Micronesia Federated States Of, Moldova Republic Of, Mongolia, Morocco, Mozambique, Myanmar, Namibia, Nepal, Nicaragua, Niger, Nigeria, Pakistan, Palestinian Territories, Papua New Guinea, Paraguay, Peru, Philippines, Rwanda, Saint Lucia, Saint Vincent And The Grenadines, Samoa, Sao Tome And Principe, Senegal, Sierra Leone, Solomon Islands, Somalia, South Africa, Sri Lanka, Sudan, Suriname, Eswatini, Syria, Tajikistan, Tanzania, Thailand, East Timor (Timor-Leste), Togo, Tonga, Tunisia, Turkey, Turkmenistan, Tuvalu, Uganda, Ukraine, Uzbekistan, Vanuatu, Vietnam, Yemen, Zambia, Zimbabwe, Montenegro, Serbia, Kosovo, South Sudan",5/7/2026,"The United Nations Educational, Scientific and Cultural Organization (UNESCO) MAB Young Scientist Awards 2026, a global initiative supporting the next generation of researchers working on ecological and sustainability challenges through innovative studies on ecosystems, natural resources, and biodiversity.","Marine, Biodiversity, Natural Resources, Innovation, Leadership, Research, Sustainable Development, Youth &amp; Adolescents",https://www.unesco.org/en/mab/young-scientists?hub=66369
Grants Programme for Community-Led Human Rights Protection (Africa),Grant,"Algeria, Angola, Benin, Botswana, Burkina Faso, Burundi, Cameroon, Cape Verde, Central African Republic, Chad, Comoros, Congo (Brazzaville), Congo DR, Cote DIvoire (Ivory Coast), Djibouti, Egypt, Equatorial Guinea, Eritrea, Ethiopia, Gabon, Gambia, Ghana, Guinea, Guinea-Bissau, Kenya, Lesotho, Liberia, Libya, Madagascar, Malawi, Mali, Mauritania, Mauritius, Mayotte, Morocco, Mozambique, Namibia, Niger, Nigeria, Reunion, Rwanda, Saint Helena, Sao Tome And Principe, Senegal, Seychelles, Sierra Leone, Somalia, South Africa, Sudan, Eswatini, Tanzania, Togo, Tunisia, Uganda, Western Sahara, Zambia, Zimbabwe, South Sudan",5/7/2026,The Community Resource Exchange call for proposals from African communities to support collaborative initiatives that strengthen the defence of human rights in relation to international investments in critical minerals.,"Community Development, Energy, Human Rights, Research",https://rightsindevelopment.org/news/cre-call-for-proposals-africa/
Education Prize for AI-Driven Creativity and Critical Thinking Projects,"Awards, Prizes and Challenges","Afghanistan, Aland Islands, Albania, Algeria, Andorra, Angola, Anguilla, Antigua and Barbuda, Argentina, Armenia, Aruba, Australia, Austria, Azerbaijan, Bahamas, Bahrain, Bangladesh, Barbados, Belarus, Belgium, Belize, Benin, Bhutan, Bolivia, Bosnia And Herzegovina, Botswana, Brazil, Brunei, Bulgaria, Burkina Faso, Burundi, Cambodia, Cameroon, Canada, Cape Verde, Cayman Islands, Central African Republic, Chad, Chile, China, Colombia, Comoros, Congo (Brazzaville), Congo DR, Cook Islands, Costa Rica, Cote DIvoire (Ivory Coast), Croatia, Cuba, Cyprus, Czech Republic, Denmark, Djibouti, Dominica, Dominican Republic, Ecuador, Egypt, El Salvador, Equatorial Guinea, Eritrea, Estonia, Ethiopia, Faroe Islands, Fiji, Finland, France, Gabon, Gambia, Georgia, Germany, Ghana, Greece, Grenada, Guatemala, Guinea, Guinea-Bissau, Guyana, Haiti, Honduras, Hungary, Iceland, India, Indonesia, Iran, Iraq, Ireland, Italy, Jamaica, Japan, Jordan, Kazakhstan, Kenya, Kiribati, South Korea, North Korea, Kuwait, Kyrgyzstan, Latvia, Lebanon, Lesotho, Liberia, Libya, Lithuania, Luxembourg, Macau, Macedonia, Madagascar, Malawi, Malaysia, Maldives, Mali, Malta, Marshall Islands, Mauritania, Mauritius, Mexico, Micronesia Federated States Of, Moldova Republic Of, Monaco, Mongolia, Montserrat, Morocco, Mozambique, Burma(Myanmar), Namibia, Nauru, Nepal, Netherlands, New Caledonia, New Zealand, Nicaragua, Niger, Nigeria, Niue, Norway, Oman, Pakistan, Palau, Palestinian Territories, Panama, Papua New Guinea, Paraguay, Peru, Philippines, Poland, Portugal, Qatar, Romania, Russia, Rwanda, Saint Kitts And Nevis, Saint Lucia, Saint Vincent And The Grenadines, Samoa, San Marino, Sao Tome And Principe, Saudi Arabia, Senegal, Seychelles, Sierra Leone, Singapore, Slovak Republic, Slovenia, Solomon Islands, Somalia, South Africa, Spain, Sri Lanka, Sudan, Suriname, Swaziland, Sweden, Switzerland, Syria, Tajikistan, Tanzania, Thailand, East Timor (Timor-Leste), Togo, Tokelau, Tonga, Trinidad And Tobago, Tunisia, Turkey, Turkmenistan, Tuvalu, Uganda, Ukraine, United Arab Emirates, United Kingdom, Uruguay, Uzbekistan, Vanuatu, Venezuela, Viet Nam, British Virgin Islands, Yemen, Zambia, Zimbabwe, Montenegro, Serbia, South Sudan , CuraÃ§ao, Sint Maarten (Dutch Part)",5/8/2026,"The UNESCO ICT in Education Prize 2026 invites nominations for innovative projects that leverage artificial intelligence to enhance creativity, imagination, and critical thinking among learners.","Education, Learning, Individuals, Artificial Intelligence, Information Technology, Innovation",https://www.unesco.org/en/articles/unesco-ict-education-prize-call-nominations-open-projects-supporting-learners-expand-creativity?hub=343
Funding Available to Advance Economic Empowerment Initiatives,Grant,All Countries,5/9/2026,"The P&amp;G Alumni Foundation has opened its 2026 grant cycle, inviting eligible charitable organizations to apply for funding aimed at advancing economic empowerment initiatives.","Business &amp; Industry, Economic Development, Education, Employment &amp; Labor",https://pgalumnifoundation.org/grant-process/
Cardinal Onaiyekan Foundation for Peace Fellowship Program,Fellowship,"Algeria, Angola, Benin, Botswana, Burkina Faso, Burundi, Cameroon, Cape Verde, Central African Republic, Chad, Comoros, Congo (Brazzaville), Congo DR, Cote DIvoire (Ivory Coast), Djibouti, Egypt, Equatorial Guinea, Eritrea, Ethiopia, Gabon, Gambia, Ghana, Guinea, Guinea-Bissau, Kenya, Lesotho, Liberia, Libya, Madagascar, Malawi, Mali, Mauritania, Mauritius, Mayotte, Morocco, Mozambique, Namibia, Niger, Nigeria, Reunion, Rwanda, Saint Helena, Sao Tome And Principe, Senegal, Seychelles, Sierra Leone, Somalia, South Africa, Sudan, Eswatini, Tanzania, Togo, Tunisia, Uganda, Western Sahara, Zambia, Zimbabwe, South Sudan",5/10/2026,"The Cardinal Onaiyekan Foundation for Peace invites emerging leaders across Africa to apply for the COFP Fellowship Program, a transformative leadership and peacebuilding initiative aimed at equipping young professionals with the skills, knowledge and networks needed to address conflict and promote sustainable peace in their communities.","Community Development, Social Justice, Individuals, Leaders, Youth, Innovation, Leadership, Peace &amp; Conflict Resolution, Youth &amp; Adolescents",https://cofpfoundation.org/application/
Cardinal Onaiyekan Foundation's Peace Fellowship Program,Fellowship,"Algeria, Angola, Benin, Botswana, Burkina Faso, Burundi, Cameroon, Cape Verde, Central African Republic, Chad, Comoros, Congo (Brazzaville), Congo DR, Cote DIvoire (Ivory Coast), Djibouti, Egypt, Equatorial Guinea, Eritrea, Ethiopia, Gabon, Gambia, Ghana, Guinea, Guinea-Bissau, Kenya, Lesotho, Liberia, Libya, Madagascar, Malawi, Mali, Mauritania, Mauritius, Mayotte, Morocco, Mozambique, Namibia, Niger, Nigeria, Reunion, Rwanda, Saint Helena, Sao Tome And Principe, Senegal, Seychelles, Sierra Leone, Somalia, South Africa, Sudan, Eswatini, Tanzania, Togo, Tunisia, Uganda, Western Sahara, Zambia, Zimbabwe, South Sudan",5/10/2026,"The Cardinal Onaiyekan Foundation for Peace invites emerging leaders across Africa to apply for the COFP Fellowship Program, a transformative leadership and peacebuilding initiative aimed at equipping young professionals with the skills, knowledge and networks needed to address conflict and promote sustainable peace in their communities.","Community Development, Social Justice, Individuals, Leaders, Youth, Innovation, Leadership, Peace &amp; Conflict Resolution, Youth &amp; Adolescents",https://cofpfoundation.org/application/
Youth Climate Projects 2026,Events,All Countries,5/10/2026,"The Young changemakers are invited to submit innovative project proposals for 2026 that aim to address climate change and promote sustainability through impactful, community-driven solutions.","Agriculture Food &amp; Nutrition, Food Safety, Community Development, Infrastructure, Education, Climate Change, Energy, Environment, Individuals, Artificial Intelligence, Innovation, Youth &amp; Adolescents",https://www.instagram.com/p/DXZgIHwAvUG/
"AO Startups Program: Accelerating Elite Innovation in Sport, Health and Entertainment",Events,All Countries,5/11/2026,"The AO Startups programme by Tennis Australia supports innovative startups developing technology solutions in sport, health, and entertainment by providing access to elite sporting environments and industry networks.","Business &amp; Industry, Startups, Community Development, Health, Information Technology, Innovation, Sports &amp; Recreation",https://aostartups.ausopen.com/
Call for Submissions: Youth Ambassador Program,Events,"Afghanistan, Aland Islands, Albania, Algeria, American Samoa, Andorra, Angola, Anguilla, Antarctica, Antigua and Barbuda, Argentina, Armenia, Aruba, Australia, Austria, Azerbaijan, Bahamas, Bahrain, Bangladesh, Barbados, Belarus, Belgium, Belize, Benin, Bermuda, Bhutan, Bolivia, Bosnia And Herzegovina, Botswana, Bouvet Island, Brazil, British Indian Ocean Territory, Brunei, Bulgaria, Burkina Faso, Burundi, Cambodia, Cameroon, Canada, Cape Verde, Cayman Islands, Central African Republic, Chad, Chile, China, Christmas Island, Cocos (Keeling) Islands, Colombia, Comoros, Congo (Brazzaville), Congo DR, Cook Islands, Costa Rica, Cote DIvoire (Ivory Coast), Croatia, Cuba, Cyprus, Czech Republic, Denmark, Djibouti, Dominica, Dominican Republic, Ecuador, Egypt, El Salvador, Equatorial Guinea, Eritrea, Estonia, Ethiopia, Falkland Islands (Malvinas), Faroe Islands, Fiji, Finland, France, French Guiana, French Polynesia, French Southern Territories, Gabon, Gambia, Georgia, Germany, Ghana, Gibraltar, Greece, Greenland, Grenada, Guadeloupe, Guam, Guatemala, Guernsey, Guinea, Guinea-Bissau, Guyana, Haiti, Heard Island And Mcdonald Islands, Holy See (Vatican City State), Honduras, Hong Kong SAR, Hungary, Iceland, India, Indonesia, Iran, Iraq, Ireland, Isle Of Man, Israel, Italy, Jamaica, Japan, Jersey, Jordan, Kazakhstan, Kenya, Kiribati, South Korea, North Korea, Kuwait, Kyrgyzstan, Laos, Latvia, Lebanon, Lesotho, Liberia, Libya, Liechtenstein, Lithuania, Luxembourg, Macau, Macedonia, Madagascar, Malawi, Malaysia, Maldives, Mali, Malta, Marshall Islands, Martinique, Mauritania, Mauritius, Mayotte, Mexico, Micronesia Federated States Of, Moldova Republic Of, Monaco, Mongolia, Montserrat, Morocco, Mozambique, Myanmar, Namibia, Nauru, Nepal, Netherlands, Netherlands Antilles, New Caledonia, New Zealand, Nicaragua, Niger, Nigeria, Niue, Norfolk Island, Northern Mariana Islands, Norway, Oman, Pakistan, Palau, Palestinian Territories, Panama, Papua New Guinea, Paraguay, Peru, Philippines, Pitcairn, Poland, Portugal, Puerto Rico, Qatar, Reunion, Romania, Russia, Rwanda, Saint Helena, Saint Kitts And Nevis, Saint Lucia, Saint Pierre And Miquelon, Saint Vincent And The Grenadines, Samoa, San Marino, Sao Tome And Principe, Saudi Arabia, Senegal, Seychelles, Sierra Leone, Singapore, Slovak Republic, Slovenia, Solomon Islands, Somalia, South Africa, South Georgia And The South Sandwich Islands, Spain, Sri Lanka, Sudan, Suriname, Svalbard And Jan Mayen, Eswatini, Sweden, Switzerland, Syria, Taiwan, Tajikistan, Tanzania, Thailand, East Timor (Timor-Leste), Togo, Tokelau, Tonga, Trinidad And Tobago, Tunisia, Turkey, Turkmenistan, Turks And Caicos Islands, Tuvalu, Uganda, Ukraine, United Arab Emirates, United Kingdom, United States, United States Minor Outlying Islands, Uruguay, Uzbekistan, Vanuatu, Venezuela, Vietnam, British Virgin Islands, United States Virgin Islands, Wallis And Futuna, Western Sahara, Yemen, Zambia, Zimbabwe, Montenegro, Saint BarthÃ©lemy, Serbia, Kosovo, South Sudan , CuraÃ§ao, Bonaire Sint Eustatius and Saba, Saint Martin (French Part), Sint Maarten (Dutch Part)",5/12/2026,Applications are now open for the Youth Ambassador Program to offer young individuals an opportunity to engage in a global initiative focused on advancing literacy and education.,"Education, Literacy, Human Rights, Individuals, Youth",https://worldliteracyfoundation.org/ambassador-program/
Applications Open: 3rd Cohort of the Education Changemakers Program,Events,"Burundi, Central African Republic, Congo (Brazzaville), Congo DR, Djibouti, Eritrea, Ethiopia, Kenya, Rwanda, Somalia, Sudan, Tanzania, Uganda, South Sudan",5/13/2026,"The Education Changemakers Program (ECM) is now accepting applications for its third cohort in East and Central Africa, inviting passionate young leaders working in education to apply for a transformative leadership development experience.","Education, Individuals, Leaders, Innovation, Leadership, Youth &amp; Adolescents",https://trevornoahfoundation.org/applications-now-open-for-the-3rd-cohort-of-the-education-changemakers-program-in-east-and-central-africa/
Apply now for ESD Okayama Award 2026,"Awards, Prizes and Challenges",All Countries,5/14/2026,"Applications are now open for the ESD Okayama Award 2026, inviting organizations worldwide to showcase impactful Education for Sustainable Development initiatives.","Education, Learning, Biodiversity, Climate Change, Environment, Sustainable Development",https://www.city.okayama.jp/kurashi/0000070653.html
Design and Develop an E Learning Course,Grant,All Countries,5/14/2026,The United Nations Development Programme is requesting applications to design and implement an eLearning course and training programme aimed at strengthening digital skills among civil servants.,"Business &amp; Industry, Education, Learning",https://procurement-notices.undp.org/view_negotiation.cfm?nego_id=44811
Study a Master's in Europe Scholarship 2026,Scholarship,Global,5/15/2026,"Are you looking for a Master's degree scholarship in Europe? If your answer is yes, then apply for Study a Master's in Europe Scholarship 2026 to become the next generation of globally minded leader!","Education, Leadership",https://www.educations.com/scholarships/study-a-masters-in-europe-15211
the Rotary Peace Fellowship Program,Fellowship,All Countries,5/15/2026,The Rotary International is seeking applications for its Rotary Peace Fellowship Program to support leaders with work experience in peace and development.,"Arts &amp; Culture, Capacity Building, Community Engagement, Disability, Individuals, Leaders, Persons with Disabilities, Leadership, Peace &amp; Conflict Resolution, Research",https://www.rotary.org/en/our-programs/peace-fellowships
Open Call for Food and Agriculture Startup Competition,Events,All Countries,5/15/2026,The Grow-NY is a global business competition designed to strengthen the food and agriculture innovation cluster in the Grow-NY region by attracting high-growth startups and supporting their expansion within the Upstate economy.,"Agriculture Food &amp; Nutrition, Business &amp; Industry, Startups, Economic Development, Employment &amp; Labor, Innovation",https://www.grow-ny.com/
Global Initiatives Grant,Grant,All Countries,5/15/2026,The Global Initiatives Grant Program provides support to innovative projects that strengthen anthropology by enabling scholars to expand its impact and reach broader audiences.,"Education, Health, Individuals, PhD Holder, Innovation, Misinformation/Disinformation, Water",https://wennergren.org/program/global-initiatives-grant/
Translation Grants for Publication of Lithuanian literature,Grant,All Countries,5/15/2026,"The Translation Grants Programme supports the global translation and publication of Lithuanian literature, helping bring diverse works to international audiences.","Arts &amp; Culture, Literature, Children, Individuals, Publications",https://english.lithuanianculture.lt/translation-grant-funding-competition/
Open Call: UNESCO/Poland Co-Sponsored Fellowships in Archaeology and Conservation,Fellowship,"Algeria, Bolivia, Cameroon, Cape Verde, Cuba, Ecuador, Egypt, Georgia, Ghana, Iran, Iraq, Jamaica, Kazakhstan, Mauritius, Moldova Republic Of, Mongolia, Peru, Senegal, South Africa, Sudan, Tanzania, Uganda, Ukraine, Uzbekistan",5/15/2026,The UNESCO/Poland Co-Sponsored Fellowships offer international candidates the opportunity to undertake advanced training in archaeology and conservation through a structured internship programme.,"Archaeology, Capacity Building",https://www.unesco.org/en/fellowships/poland-archaeology-conservation
Displaced Livelihoods Initiative (Round V),Grant,"Afghanistan, Albania, Algeria, Angola, Argentina, Armenia, Azerbaijan, Bangladesh, Belarus, Belize, Benin, Bhutan, Bolivia, Bosnia And Herzegovina, Botswana, Brazil, Burkina Faso, Burundi, Cambodia, Cameroon, Cape Verde, Central African Republic, Chad, China, Colombia, Comoros, Congo (Brazzaville), Congo DR, Cote DIvoire (Ivory Coast), Cuba, Djibouti, Dominica, Dominican Republic, Ecuador, Egypt, El Salvador, Equatorial Guinea, Eritrea, Fiji, Gabon, Gambia, Georgia, Ghana, Grenada, Guatemala, Guinea, Guinea-Bissau, Haiti, Honduras, India, Indonesia, Iran, Iraq, Jamaica, Jordan, Kazakhstan, Kenya, Kiribati, South Korea, North Korea, Kyrgyzstan, Laos, Lebanon, Lesotho, Liberia, Libya, Macedonia, Madagascar, Malawi, Malaysia, Maldives, Mali, Marshall Islands, Mauritania, Mauritius, Mexico, Micronesia Federated States Of, Moldova Republic Of, Mongolia, Morocco, Mozambique, Myanmar, Namibia, Nepal, Nicaragua, Niger, Nigeria, Pakistan, Palestinian Territories, Papua New Guinea, Paraguay, Peru, Philippines, Rwanda, Saint Lucia, Saint Vincent And The Grenadines, Samoa, Sao Tome And Principe, Senegal, Sierra Leone, Solomon Islands, Somalia, South Africa, Sri Lanka, Sudan, Suriname, Eswatini, Syria, Tajikistan, Tanzania, Thailand, East Timor (Timor-Leste), Togo, Tonga, Tunisia, Turkey, Turkmenistan, Tuvalu, Uganda, Ukraine, Uzbekistan, Vanuatu, Vietnam, Yemen, Zambia, Zimbabwe, Montenegro, Serbia, Kosovo, South Sudan",5/15/2026,The Displaced Livelihoods Initiative (DLI) has launched its fifth and final competitive funding round to support rigorous research and evidence use aimed at improving sustainable livelihoods for displaced populations and host communities.,"Entrepreneurship, Community Development, Employment &amp; Labor, Livelihood, Refugee &amp; Asylum Seekers",https://poverty-action.org/displaced-livelihoods-initiative-round-v-changes
Apply for Eco Ambassadors Solutions Lab Program,Events,All Countries,5/15/2026,The Eco Ambassadors Solutions Lab Program is a global virtual initiative designed to equip high school students with the knowledge and skills to address sustainability challenges through practical and collaborative learning.,"Education, Learning, Leadership, Sustainable Development",https://sdgstoday.org/eco-ambassadors-program
Young Women Social Entrepreneurship Accelerator Program– Cohort V (Uganda),Training,Uganda,5/15/2026,The Action 4 Health Uganda in partnership with Deutsche Stiftung Weltbevölkerung (DSW) is accepting applications for the POWER Programme Cohort V aimed at supporting young women health innovators and social entrepreneurs in Uganda.,"Business &amp; Industry, Entrepreneurship, Employment &amp; Labor, Health, Reproductive Health &amp; Family Planning, Entrepreneurs, Individuals, Innovation, Gender Equality, Women &amp; Gender, Youth &amp; Adolescents",https://a4huganda.org/events/call-for-applications-for-power-cohort-v/
Funding Frontier Climate Tech Solutions for Children’s Health,Grant,"Afghanistan, Albania, Algeria, Angola, Anguilla, Antigua and Barbuda, Argentina, Armenia, Azerbaijan, Bahrain, Bangladesh, Barbados, Belarus, Belize, Benin, Bhutan, Bolivia, Bosnia And Herzegovina, Botswana, Brazil, Bulgaria, Burkina Faso, Burundi, Cambodia, Cameroon, Cape Verde, Central African Republic, Chad, Chile, China, Colombia, Comoros, Congo (Brazzaville), Congo DR, Cook Islands, Costa Rica, Cote DIvoire (Ivory Coast), Croatia, Cuba, Djibouti, Dominica, Dominican Republic, Ecuador, Egypt, El Salvador, Equatorial Guinea, Eritrea, Ethiopia, Fiji, Gabon, Gambia, Georgia, Ghana, Greece, Grenada, Guatemala, Guinea, Guinea-Bissau, Guyana, Haiti, Honduras, India, Indonesia, Iran, Iraq, Jamaica, Jordan, Kazakhstan, Kenya, Kiribati, North Korea, Kuwait, Kyrgyzstan, Laos, Lebanon, Lesotho, Liberia, Libya, Macedonia, Madagascar, Malawi, Malaysia, Maldives, Mali, Marshall Islands, Mauritania, Mexico, Moldova Republic Of, Mongolia, Montserrat, Morocco, Mozambique, Burma(Myanmar), Namibia, Nauru, Nepal, Nicaragua, Niger, Nigeria, Niue, Oman, Pakistan, Palau, Palestinian Territories, Panama, Papua New Guinea, Paraguay, Peru, Philippines, Qatar, Romania, Rwanda, Saint Kitts And Nevis, Saint Lucia, Saint Vincent And The Grenadines, Samoa, Sao Tome And Principe, Saudi Arabia, Senegal, Sierra Leone, Solomon Islands, Somalia, South Africa, Sri Lanka, Sudan, Suriname, Swaziland, Syria, Tajikistan, Tanzania, Thailand, East Timor (Timor-Leste), Togo, Tokelau, Tonga, Trinidad And Tobago, Tunisia, Turkey, Turkmenistan, Turks And Caicos Islands, Tuvalu, Uganda, Ukraine, United Arab Emirates, Uruguay, Uzbekistan, Vanuatu, Venezuela, Viet Nam, British Virgin Islands, Yemen, Zambia, Zimbabwe, Montenegro, Serbia, Kosovo, South Sudan",5/17/2026,The UNICEF Venture Fund is inviting startups to apply for funding to develop frontier technology solutions at the intersection of climate and children’s health.,"Business &amp; Industry, Startups, Children, Climate Change, Health, Health care, Technology",https://www.unicef.org/innovation/call-for-application-climate-and-health-2026
D-Prize: Funding Ambitious Poverty-Alleviation Ventures,"Awards, Prizes and Challenges",All Countries,5/17/2026,The D-Prize is now accepting applications to support ambitious entrepreneurs by funding the launch and growth of ventures that distribute evidence-based poverty interventions.,"Business &amp; Industry, Community Development, Poverty Alleviation, Sustainable Development",https://d-prize.org/
Heroes of Tomorrow: UN SDG Action Awards,"Awards, Prizes and Challenges",All Countries,5/17/2026,"The UN SDG Action Campaign is bringing together nine inspiring finalists from across the world for a unique programme of coaching and capacity building leading up to the live Heroes of Tomorrow: UN SDG Action Awards Ceremony, where the winners are unveiled.","Capacity Building, Individuals",https://sdgactionawards.org/
International Literacy Prizes 2026,"Awards, Prizes and Challenges",All Countries,5/18/2026,"The United Nations Educational, Scientific and Cultural Organization has opened nominations for the 2026 International Literacy Prizes, inviting submissions of impactful literacy programmes worldwide.","Learning, Literacy, Individuals, Sustainable Development",https://www.unesco.org/en/articles/unesco-calls-nominations-2026-international-literacy-prizes
InteRussia Fellowship Programme for Journalists from Africa,Fellowship,"Angola, Benin, Botswana, Burkina Faso, Burundi, Cameroon, Cape Verde, Central African Republic, Chad, Comoros, Congo (Brazzaville), Congo DR, Cote DIvoire (Ivory Coast), Djibouti, Equatorial Guinea, Eritrea, Ethiopia, Gabon, Gambia, Ghana, Guinea, Guinea-Bissau, Kenya, Lesotho, Liberia, Madagascar, Malawi, Mali, Mauritania, Mauritius, Mozambique, Namibia, Niger, Nigeria, Reunion, Rwanda, Sao Tome And Principe, Senegal, Seychelles, Sierra Leone, Somalia, South Africa, Sudan, Swaziland, Tanzania, Togo, Uganda, Western Sahara, Zambia, Zimbabwe",5/19/2026,"The InteRussia is requesting applications to join the InteRussia Fellowship Programme for journalists from Sub-Saharan Africa, which will be hosted by the Sputnik International News Agency and Radio as part of SputnikPro program.","Education, Journalists, Journalism, Media, Research",https://interussia.com/journalism_en/tpost/2edxva3nm1-call-for-applications-interussia-fellows
iF Social Impact Prize: Empowering Projects for a Better Society,"Awards, Prizes and Challenges",All Countries,5/20/2026,The iF SOCIAL IMPACT PRIZE is an initiative designed to support projects that make a meaningful contribution to society.,"Business &amp; Industry, Infrastructure, Economic Development, Education, Energy, Health, Poverty Alleviation, Sustainable Development, Water &amp; Sanitation, Gender Equality",https://ifdesign.com/en/if-social-impact-prize
Call for Social Projects International Cooperation 2026,Grant,"Afghanistan, Algeria, Angola, Bangladesh, Bolivia, Brazil, Burkina Faso, Burundi, Cambodia, Cameroon, Cape Verde, Central African Republic, Chad, Colombia, Congo (Brazzaville), Congo DR, Cote DIvoire (Ivory Coast), Dominican Republic, Ecuador, Egypt, El Salvador, Equatorial Guinea, Ethiopia, Gambia, Ghana, Guatemala, Guinea, Guinea-Bissau, Haiti, Honduras, India, Kenya, Lebanon, Liberia, Madagascar, Malawi, Mali, Mauritania, Mexico, Morocco, Mozambique, Myanmar, Nepal, Nicaragua, Niger, Nigeria, Pakistan, Palestinian Territories, Peru, Philippines, Rwanda, Sao Tome And Principe, Senegal, Sierra Leone, South Africa, Sudan, Syria, Tanzania, Togo, Uganda, Zimbabwe, South Sudan",5/20/2026,"The International Cooperation is inviting grant applications to support social innovation initiatives that reduce poverty and inequality in vulnerable communities across Africa, Asia, and Latin America by generating sustainable development opportunities.","Business &amp; Industry, Entrepreneurship, Community Development, Education, Employment &amp; Labor, Diseases, Health care, Reproductive Health &amp; Family Planning, Innovation, Poverty Alleviation, Sustainable Development, Water",https://fundacionlacaixa.org/es/convocatorias-sociales-cooperacion-internacional
Artisan Support Grants Program 2026,Grant,All Countries,5/20/2026,The Artisan Support Grants Program 2026 is seeking applications to support textile artisans and their communities by providing financial assistance aimed at preserving cultural heritage and strengthening economic independence.,"Financial Assistance, Art History and Preservation, Business &amp; Industry, Community Development, Equipment, Individuals",https://weavearealpeace.org/community/artisan-support-grants/
EDI and Outreach Grants for Molecular Biosciences,Grant,All Countries,5/20/2026,"The EDI and Outreach Grants provide funding of up to £1,000 to support projects that strengthen inclusion, accessibility, and participation within the molecular biosciences community.","Community Development, Disability, Individuals, LGBTQ, Science, Women &amp; Gender",https://www.biochemistry.org/grants-and-awards/grants-and-bursaries/edi-and-outreach-grants/
Accelerated Education Programme for Out-of-School Adolescents (Uganda),Grant,Uganda,5/20/2026,The United Nations International Children’s Emergency Fund is offering to support out-of-school adolescents in accessing education and skills development opportunities through alternative learning pathways in targeted districts and communities.,"Community Development, Community Engagement, Education, Learning, Out-of-School",https://www.unpartnerportal.org/landing/opportunities/
MIT Solve 10th Anniversary Global Challenge,"Awards, Prizes and Challenges",All Countries,5/21/2026,Solve’s 10th Anniversary Global Challenge invites innovators worldwide to present tech-based solutions that address critical social and environmental issues.,"Business &amp; Industry, Community Development, Education, Climate Change, Environment, Health, Mental Health &amp; Crisis Support, Artificial Intelligence, Innovation, Livelihood",https://solve.mit.edu/a-decade-of-impact/challenges/10-for-10-challenge
Research Grant Program,Grant,All Countries,5/22/2026,"The Froebel Trust has launched its Research Grant Program to advance knowledge and understanding of Froebelian philosophy, principles and approaches in early childhood education and care, which makes a positive impact on children, families and early childhood professional communities.","Children, Education, Learning, Family, Researchers, Research",https://www.froebel.org.uk/grants-and-funding/open-call-research-grants
DREAMSS Core Grants for LGBTQ+ Civil Society Organizations,Grant,"Australia, Bahamas, Bangladesh, Barbados, Belize, Botswana, Brunei, Cameroon, Canada, Cyprus, Fiji, Gambia, Ghana, Guyana, Haiti, India, Jamaica, Kenya, Kiribati, Lesotho, Malawi, Malaysia, Maldives, Malta, Mauritius, Mozambique, Namibia, Nauru, New Zealand, Nigeria, Pakistan, Papua New Guinea, Rwanda, Samoa, Seychelles, Sierra Leone, Singapore, Solomon Islands, South Africa, Sri Lanka, Suriname, Eswatini, Tanzania, Tonga, Trinidad And Tobago, Tuvalu, Uganda, United Kingdom, Vanuatu, Zambia, Zimbabwe",5/22/2026,DREAMSS Core Grants initiative provides critical financial and capacity-building support to LGBTQ+ civil society organizations working to strengthen resilience and sustain long-term impact.,"Capacity Building, Community Development, LGBTQ",https://x.com/EC_Equality/status/2050255730108739820/photo/3
Institutionalization of Transferable Skills in Education and TVET Systems (Uganda),Grant,Uganda,5/22/2026,"The United Nations International Children’s Emergency Fund (UNICEF) is seeking applications from qualified organizations to support the institutionalization of transferable skills within Uganda’s education and TVET systems to strengthen life skills, digital skills, and youth employability outcomes across primary, secondary, and vocational training levels.","Education, Employment &amp; Labor, Youth &amp; Adolescents",https://www.unpartnerportal.org/landing/opportunities/
Fellowship to Advance Women’s Public Leadership and The SDGs,Fellowship,All Countries,5/22/2026,"The VV Engage Program is seeking applications to support women public leaders who are shaping policy, governance and civic participation across the world.","Community Engagement, Democracy &amp; Good Governance, Leaders, Innovation, Leadership, Gender Equality, Women &amp; Gender",https://www.vitalvoices.org/program/vvengage/
Call for Sustainable Chemistry Innovations: ISC3 Innovation Challenge 2026,Challenge,All Countries,5/24/2026,"The ISC3 Innovation Challenge 2026 invites start-ups worldwide to present innovative solutions in Sustainable Chemistry and Electronics, competing for a total prize of €25,000.","Innovation, Technology, Sustainable Development",https://www.isc3.org/page/challenges-investor-forums/innovation-challenge
Calls for Sustainable Chemistry Innovations: ISC3 Innovation Challenge 2026,Challenge,All Countries,5/24/2026,"The ISC3 Innovation Challenge 2026 invites start-ups worldwide to present innovative solutions in Sustainable Chemistry and Electronics, competing for a total prize of €25,000.","Innovation, Technology, Sustainable Development",https://www.isc3.org/page/challenges-investor-forums/innovation-challenge
"RFAs: Fellowships for African Scholars in Peace, Security and Development",Fellowship,"Algeria, Angola, Benin, Botswana, Burkina Faso, Burundi, Cameroon, Cape Verde, Central African Republic, Chad, Comoros, Congo (Brazzaville), Congo DR, Cote DIvoire (Ivory Coast), Djibouti, Egypt, Equatorial Guinea, Eritrea, Ethiopia, Gabon, Gambia, Ghana, Guinea, Guinea-Bissau, Kenya, Lesotho, Liberia, Libya, Madagascar, Malawi, Mali, Mauritania, Mauritius, Mayotte, Morocco, Mozambique, Namibia, Niger, Nigeria, Reunion, Rwanda, Saint Helena, Sao Tome And Principe, Senegal, Seychelles, Sierra Leone, Somalia, South Africa, Sudan, Eswatini, Tanzania, Togo, Tunisia, Uganda, Western Sahara, Zambia, Zimbabwe, South Sudan",5/24/2026,"The African Leadership Centre has opened applications for the Peace, Security and Development Fellowships for young African scholars interested in leadership, peacebuilding, security and development.","Capacity Building, Individuals, Leadership, Peace &amp; Conflict Resolution, Research, Youth &amp; Adolescents",https://www.kcl.ac.uk/alc/study-with-us/fellowships
CFPs: Mobilization of Senegalese Diaspora Remittances and Rnvestments for Rural Development,Grant,"Afghanistan, Albania, Algeria, Angola, Antigua and Barbuda, Argentina, Armenia, Austria, Azerbaijan, Bahamas, Bangladesh, Barbados, Belgium, Belize, Benin, Bhutan, Bolivia, Bosnia And Herzegovina, Botswana, Brazil, Burkina Faso, Burundi, Cambodia, Cameroon, Canada, Cape Verde, Central African Republic, Chad, Chile, China, Colombia, Comoros, Congo (Brazzaville), Congo DR, Cook Islands, Costa Rica, Cote DIvoire (Ivory Coast), Croatia, Cuba, Cyprus, Denmark, Djibouti, Dominica, Dominican Republic, Ecuador, Egypt, El Salvador, Equatorial Guinea, Eritrea, Estonia, Ethiopia, Fiji, Finland, France, Gabon, Gambia, Georgia, Germany, Ghana, Greece, Grenada, Guatemala, Guinea, Guinea-Bissau, Guyana, Haiti, Honduras, Hungary, Iceland, India, Indonesia, Iran, Iraq, Ireland, Israel, Italy, Jamaica, Japan, Jordan, Kazakhstan, Kenya, Kiribati, South Korea, North Korea, Kuwait, Kyrgyzstan, Laos, Lebanon, Lesotho, Liberia, Libya, Lithuania, Luxembourg, Macedonia, Madagascar, Malawi, Malaysia, Maldives, Mali, Malta, Marshall Islands, Mauritania, Mauritius, Mexico, Micronesia Federated States Of, Moldova Republic Of, Mongolia, Morocco, Mozambique, Myanmar, Namibia, Nauru, Nepal, Netherlands, New Zealand, Nicaragua, Niger, Nigeria, Niue, Norway, Oman, Pakistan, Palau, Panama, Papua New Guinea, Paraguay, Peru, Philippines, Poland, Portugal, Qatar, Romania, Russia, Rwanda, Saint Kitts And Nevis, Saint Lucia, Saint Vincent And The Grenadines, Samoa, Sao Tome And Principe, Saudi Arabia, Senegal, Seychelles, Sierra Leone, Solomon Islands, Somalia, South Africa, Spain, Sri Lanka, Sudan, Suriname, Eswatini, Sweden, Switzerland, Syria, Tajikistan, Tanzania, Thailand, East Timor (Timor-Leste), Togo, Tonga, Trinidad And Tobago, Tunisia, Turkey, Tuvalu, Uganda, Ukraine, United Arab Emirates, United Kingdom, United States, Uruguay, Uzbekistan, Vanuatu, Venezuela, Vietnam, Yemen, Zambia, Zimbabwe, Montenegro, South Sudan",5/25/2026,"The IFAD Call for Proposals 2026 in Senegal seeks partners to implement innovative projects that strengthen rural development through financial inclusion, diaspora investment, and climate-resilient economic growth.","Business &amp; Industry, Businesses, Companies and Enterprises, Rural Development, Economic Development, Employment &amp; Labor, Climate Change, Innovation",https://www.ifad.org/en/w/news/ifad-launches-call-to-mobilize-senegalese-diaspora-remittances-and-investments-for-rural-development
Learning-to-Earning Support Programme for Youth (Uganda),Grant,Uganda,5/25/2026,"The United Nations International Children’s Emergency Fund is currently accepting applications to strengthen learning-to-earning transition pathways for adolescents and young people in Uganda through education, skills development, and employment support systems.","Education, Learning, Out-of-School, Employment &amp; Labor, Volunteerism, Youth &amp; Adolescents",https://www.unpartnerportal.org/landing/opportunities/
CFPs: Mobilization of Senegalese Diaspora Remittances and Investments for Rural Development,Grant,"Afghanistan, Albania, Algeria, Angola, Antigua and Barbuda, Argentina, Armenia, Austria, Azerbaijan, Bahamas, Bangladesh, Barbados, Belgium, Belize, Benin, Bhutan, Bolivia, Bosnia And Herzegovina, Botswana, Brazil, Burkina Faso, Burundi, Cambodia, Cameroon, Canada, Cape Verde, Central African Republic, Chad, Chile, China, Colombia, Comoros, Congo (Brazzaville), Congo DR, Cook Islands, Costa Rica, Cote DIvoire (Ivory Coast), Croatia, Cuba, Cyprus, Denmark, Djibouti, Dominica, Dominican Republic, Ecuador, Egypt, El Salvador, Equatorial Guinea, Eritrea, Estonia, Ethiopia, Fiji, Finland, France, Gabon, Gambia, Georgia, Germany, Ghana, Greece, Grenada, Guatemala, Guinea, Guinea-Bissau, Guyana, Haiti, Honduras, Hungary, Iceland, India, Indonesia, Iran, Iraq, Ireland, Israel, Italy, Jamaica, Japan, Jordan, Kazakhstan, Kenya, Kiribati, South Korea, North Korea, Kuwait, Kyrgyzstan, Laos, Lebanon, Lesotho, Liberia, Libya, Lithuania, Luxembourg, Macedonia, Madagascar, Malawi, Malaysia, Maldives, Mali, Malta, Marshall Islands, Mauritania, Mauritius, Mexico, Micronesia Federated States Of, Moldova Republic Of, Mongolia, Morocco, Mozambique, Myanmar, Namibia, Nauru, Nepal, Netherlands, New Zealand, Nicaragua, Niger, Nigeria, Niue, Norway, Oman, Pakistan, Palau, Panama, Papua New Guinea, Paraguay, Peru, Philippines, Poland, Portugal, Qatar, Romania, Russia, Rwanda, Saint Kitts And Nevis, Saint Lucia, Saint Vincent And The Grenadines, Samoa, Sao Tome And Principe, Saudi Arabia, Senegal, Seychelles, Sierra Leone, Solomon Islands, Somalia, South Africa, Spain, Sri Lanka, Sudan, Suriname, Eswatini, Sweden, Switzerland, Syria, Tajikistan, Tanzania, Thailand, East Timor (Timor-Leste), Togo, Tonga, Trinidad And Tobago, Tunisia, Turkey, Tuvalu, Uganda, Ukraine, United Arab Emirates, United Kingdom, United States, Uruguay, Uzbekistan, Vanuatu, Venezuela, Vietnam, Yemen, Zambia, Zimbabwe, Montenegro, South Sudan",5/25/2026,"The IFAD Call for Proposals 2026 in Senegal seeks partners to implement innovative projects that strengthen rural development through financial inclusion, diaspora investment, and climate-resilient economic growth.","Business &amp; Industry, Businesses, Companies and Enterprises, Rural Development, Economic Development, Employment &amp; Labor, Climate Change, Innovation",https://www.ifad.org/en/w/news/ifad-launches-call-to-mobilize-senegalese-diaspora-remittances-and-investments-for-rural-development
Child Survival Call 2026: Advancing Maternal and Child Health,Grant,"Angola, Ethiopia, Guinea-Bissau, Kenya, Mozambique, Sierra Leone, Tanzania, Uganda",5/26/2026,"The Child Survival Call 2026 by the ”la Caixa” Foundation aims to support impactful initiatives that improve maternal, newborn, and child health outcomes in sub-Saharan African countries with high mortality rates.","Children, Health",https://lacaixafoundation.org/en/international-cooperation-global-health-call
Small Grants Programme for Palliative Care Development,Grant,"Algeria, Angola, Benin, Botswana, Burkina Faso, Burundi, Cameroon, Cape Verde, Central African Republic, Chad, Comoros, Congo (Brazzaville), Congo DR, Cote DIvoire (Ivory Coast), Djibouti, Egypt, Equatorial Guinea, Eritrea, Ethiopia, Gabon, Gambia, Ghana, Guinea, Guinea-Bissau, Kenya, Lesotho, Liberia, Libya, Madagascar, Malawi, Mali, Mauritania, Mauritius, Mayotte, Morocco, Mozambique, Namibia, Niger, Nigeria, Reunion, Rwanda, Saint Helena, Sao Tome And Principe, Senegal, Seychelles, Sierra Leone, Somalia, South Africa, Sudan, Eswatini, Tanzania, Togo, Tunisia, Uganda, Western Sahara, Zambia, Zimbabwe, South Sudan",5/26/2026,The True Colours Trust Small Grants Programme for Palliative Care Development is now open to support the delivery of essential palliative care services across the continent.,"Food Safety, Community Development, Psychosocial Support, Rehabilitation",https://africasmallgrants.truecolourstrust.org.uk/how-to-apply-open/
Nominations open for .ORG Global Impact Awards,"Awards, Prizes and Challenges","Afghanistan, Albania, Algeria, American Samoa, Andorra, Angola, Anguilla, Antarctica, Antigua and Barbuda, Argentina, Armenia, Aruba, Australia, Austria, Azerbaijan, Bahamas, Bahrain, Bangladesh, Barbados, Belarus, Belgium, Belize, Benin, Bermuda, Bhutan, Bolivia, Bosnia And Herzegovina, Botswana, Bouvet Island, Brazil, British Indian Ocean Territory, Brunei, Bulgaria, Burkina Faso, Burundi, Cambodia, Cameroon, Canada, Cape Verde, Cayman Islands, Central African Republic, Chad, Chile, China, Christmas Island, Cocos (Keeling) Islands, Colombia, Comoros, Congo (Brazzaville), Congo DR, Cook Islands, Costa Rica, Cote DIvoire (Ivory Coast), Croatia, Cuba, Cyprus, Czech Republic, Denmark, Djibouti, Dominica, Dominican Republic, Ecuador, Egypt, El Salvador, Equatorial Guinea, Eritrea, Estonia, Ethiopia, Falkland Islands (Malvinas), Faroe Islands, Fiji, Finland, France, French Guiana, French Polynesia, French Southern Territories, Gabon, Gambia, Georgia, Germany, Ghana, Gibraltar, Greece, Greenland, Grenada, Guadeloupe, Guam, Guatemala, Guernsey, Guinea, Guinea-Bissau, Guyana, Haiti, Heard Island And Mcdonald Islands, Holy See (Vatican City State), Honduras, Hong Kong SAR, Hungary, Iceland, India, Indonesia, Iraq, Ireland, Isle Of Man, Israel, Italy, Jamaica, Japan, Jersey, Jordan, Kazakhstan, Kenya, Kiribati, South Korea, Kuwait, Kyrgyzstan, Laos, Latvia, Lebanon, Lesotho, Liberia, Libya, Liechtenstein, Lithuania, Luxembourg, Macau, Macedonia, Madagascar, Malawi, Malaysia, Maldives, Mali, Malta, Marshall Islands, Martinique, Mauritania, Mauritius, Mayotte, Mexico, Micronesia Federated States Of, Moldova Republic Of, Monaco, Mongolia, Montserrat, Morocco, Mozambique, Myanmar, Namibia, Nauru, Nepal, Netherlands, Netherlands Antilles, New Caledonia, New Zealand, Nicaragua, Niger, Nigeria, Niue, Norfolk Island, Northern Mariana Islands, Norway, Oman, Pakistan, Palau, Palestinian Territories, Panama, Papua New Guinea, Paraguay, Peru, Philippines, Pitcairn, Poland, Portugal, Puerto Rico, Qatar, Reunion, Romania, Russia, Rwanda, Saint Helena, Saint Kitts And Nevis, Saint Lucia, Saint Pierre And Miquelon, Saint Vincent And The Grenadines, Samoa, San Marino, Sao Tome And Principe, Saudi Arabia, Senegal, Seychelles, Sierra Leone, Singapore, Slovak Republic, Slovenia, Solomon Islands, Somalia, South Africa, South Georgia And The South Sandwich Islands, Spain, Sri Lanka, Suriname, Svalbard And Jan Mayen, Eswatini, Sweden, Switzerland, Taiwan, Tajikistan, Tanzania, Thailand, East Timor (Timor-Leste), Togo, Tokelau, Tonga, Trinidad And Tobago, Tunisia, Turkey, Turkmenistan, Turks And Caicos Islands, Tuvalu, Uganda, United Arab Emirates, United Kingdom, United States, United States Minor Outlying Islands, Uruguay, Uzbekistan, Vanuatu, Venezuela, Vietnam, British Virgin Islands, United States Virgin Islands, Wallis And Futuna, Western Sahara, Yemen, Zambia, Zimbabwe, Montenegro, Serbia, Kosovo, Bonaire Sint Eustatius and Saba, Saint Martin (French Part), Sint Maarten (Dutch Part)",5/27/2026,The .ORG Impact Awards is seeking applications to support organizations using .ORG domains in the middle of their efforts to create meaningful change in communities worldwide.,"Capacity Building, Community Development, Learning, Individuals",https://pir.org/for-orgs/entering-the-oias/
Nomination open for .ORG Impact Awards 2026,Grant,All Countries,5/27/2026,The .ORG Impact Awards is a global initiative recognizing organizations and individuals using .ORG domains to create meaningful change worldwide.,"Community Development, Education, Environment, Health, Individuals, Hunger, Poverty Alleviation, Sustainable Development",https://pir.org/for-orgs/org-impact-awards/
FII Innovators Pitch for Transformative AI Solutions,"Awards, Prizes and Challenges","Afghanistan, Aland Islands, Albania, Algeria, American Samoa, Andorra, Angola, Anguilla, Antarctica, Antigua and Barbuda, Argentina, Armenia, Aruba, Australia, Austria, Azerbaijan, Bahamas, Bahrain, Bangladesh, Barbados, Belarus, Belgium, Belize, Benin, Bermuda, Bhutan, Bolivia, Bosnia And Herzegovina, Botswana, Bouvet Island, Brazil, British Indian Ocean Territory, Brunei, Bulgaria, Burkina Faso, Burundi, Cambodia, Cameroon, Canada, Cape Verde, Cayman Islands, Central African Republic, Chad, Chile, China, Christmas Island, Cocos (Keeling) Islands, Colombia, Comoros, Congo (Brazzaville), Congo DR, Cook Islands, Costa Rica, Cote DIvoire (Ivory Coast), Croatia, Cuba, Cyprus, Czech Republic, Denmark, Djibouti, Dominica, Dominican Republic, Ecuador, Egypt, El Salvador, Equatorial Guinea, Eritrea, Estonia, Ethiopia, Falkland Islands (Malvinas), Faroe Islands, Fiji, Finland, France, French Guiana, French Polynesia, French Southern Territories, Gabon, Gambia, Georgia, Germany, Ghana, Gibraltar, Greece, Greenland, Grenada, Guadeloupe, Guam, Guatemala, Guernsey, Guinea, Guinea-Bissau, Guyana, Haiti, Heard Island And Mcdonald Islands, Holy See (Vatican City State), Honduras, Hong Kong SAR, Hungary, Iceland, India, Indonesia, Iran, Iraq, Ireland, Isle Of Man, Israel, Italy, Jamaica, Japan, Jersey, Jordan, Kazakhstan, Kenya, Kiribati, South Korea, North Korea, Kuwait, Kyrgyzstan, Laos, Latvia, Lebanon, Lesotho, Liberia, Libya, Liechtenstein, Lithuania, Luxembourg, Macau, Macedonia, Madagascar, Malawi, Malaysia, Maldives, Mali, Malta, Marshall Islands, Martinique, Mauritania, Mauritius, Mayotte, Mexico, Micronesia Federated States Of, Moldova Republic Of, Monaco, Mongolia, Montserrat, Morocco, Mozambique, Burma(Myanmar), Namibia, Nauru, Nepal, Netherlands, Netherlands Antilles, New Caledonia, New Zealand, Nicaragua, Niger, Nigeria, Niue, Norfolk Island, Northern Mariana Islands, Norway, Oman, Pakistan, Palau, Palestinian Territories, Panama, Papua New Guinea, Paraguay, Peru, Philippines, Pitcairn, Poland, Portugal, Puerto Rico, Qatar, Reunion, Romania, Russia, Rwanda, Saint Helena, Saint Kitts And Nevis, Saint Lucia, Saint Pierre And Miquelon, Saint Vincent And The Grenadines, Samoa, San Marino, Sao Tome And Principe, Saudi Arabia, Senegal, Seychelles, Sierra Leone, Singapore, Slovak Republic, Slovenia, Solomon Islands, Somalia, South Africa, South Georgia And The South Sandwich Islands, Spain, Sri Lanka, Sudan, Suriname, Svalbard And Jan Mayen, Swaziland, Sweden, Switzerland, Syria, Taiwan, Tajikistan, Tanzania, Thailand, East Timor (Timor-Leste), Togo, Tokelau, Tonga, Trinidad And Tobago, Tunisia, Turkey, Turkmenistan, Turks And Caicos Islands, Tuvalu, Uganda, Ukraine, United Arab Emirates, United Kingdom, United States Minor Outlying Islands, Uruguay, Uzbekistan, Vanuatu, Venezuela, Viet Nam, British Virgin Islands, United States Virgin Islands, Wallis And Futuna, Western Sahara, Yemen, Zambia, Zimbabwe, Montenegro, Saint BarthÃ©lemy, Serbia, Kosovo, South Sudan , CuraÃ§ao, Bonaire Sint Eustatius and Saba, Saint Martin (French Part), Sint Maarten (Dutch Part)",5/28/2026,"The FII Innovators Pitch invites forward-thinking innovators to present technology-driven solutions that can address global challenges across climate, healthcare, robotics and education.","Education, Climate Change, Health care, Individuals, Artificial Intelligence, Information Technology, Innovation",https://solve.mit.edu/fii-innovators-pitch-2026
FIFA Global Citizen Education Fund Program,Grant,All Countries,5/28/2026,The FIFA Global Citizen Education Fund is now accepting applications from grassroots organizations working to expand access to quality education and sports opportunities for children living in underserved communities around the world.,"Children, Community Development, Infrastructure, Disability, Education, Learning, Sports &amp; Recreation",https://www.globalcitizen.org/en/projects/fifa-global-citizen-education-fund/apply/
Humanitarian Aid Grants for Aviation-Based Relief Efforts,Grant,All Countries,5/29/2026,"The Humanitarian Aid Grants support organizations that use aviation as a tool to deliver life-saving assistance, improve access to healthcare, and respond to humanitarian crises around the world.","Community Development, Health care",https://foundation.istat.org/Programs/Grants/Humanitarian-Grants
Education Grants Supporting Aviation-Focused Educational Programs,Grant,All Countries,5/29/2026,"The Education Grants aim to support initiatives that expand access to aviation education, build practical skills and create pathways for future careers in the aviation industry.","Education, Career Development",https://foundation.istat.org/Programs/Grants/Educational-Grants
the Abarca Prize (VI Edition),"Awards, Prizes and Challenges",All Countries,5/29/2026,The VI Edition of the Abarca Prize invites nominations to recognise outstanding scientific or clinical contributions that have significantly improved the health and well-being of people and communities worldwide.,"Community Development, Diseases, Health, Health care, Researchers, Science",https://www.abarcaprize.com/nominations/
Grants to Strengthen Gender-Responsive Teacher Development initiative,Grant,"Angola, Benin, Botswana, Burundi, Cameroon, Cape Verde, Central African Republic, Chad, Comoros, Congo (Brazzaville), Congo DR, Cote DIvoire (Ivory Coast), Djibouti, Equatorial Guinea, Eritrea, Ethiopia, Gabon, Gambia, Ghana, Guinea, Guinea-Bissau, Kenya, Lesotho, Liberia, Madagascar, Malawi, Mauritius, Mozambique, Namibia, Nigeria, Rwanda, Sao Tome And Principe, Senegal, Seychelles, Sierra Leone, Somalia, South Africa, Sudan, Switzerland, Tanzania, Togo, Uganda, Zambia, Zimbabwe",5/29/2026,Applicants are now invited to submit applications to support organisations in scaling gender-responsive pedagogy teacher professional development programmes by addressing key constraints that limit sustainable expansion within education systems.,Education,https://www.vvob.org/tenders/call-for-proposals-sub-grants-to-strengthen-scaling-of-teacher-professional-development-on-gender
CREATIVE Fellowship Programme,Fellowship,"Ethiopia, Gambia, Ghana, Uganda, Zambia, Zimbabwe",5/29/2026,"The CREATIVE Fellowship Programme has launched its applications to support 30-month international clinical research capacity strengthening programme funded by the European Union through Global Health EDCTP3 and coordinated by the London School of Hygiene and Tropical Medicine (LSHTM), UK.","Capacity Building, Individuals, Research",https://www.lshtm.ac.uk/study/fees-and-funding/funding-scholarships/creative-criteria-recruitment
ISPA Global Fellowship Program for Performing Arts Leaders,Fellowship,All Countries,5/29/2026,The ISPA Global Fellowship Program offers a one-year opportunity for mid-career performing arts professionals to connect with an international network and enhance their leadership and professional development.,"Arts &amp; Culture, Learning, Leadership",https://www.ispa.org/page/fellowship_landing
Club Micro Grant Program for Nature Journaling Clubs,Grant,All Countries,5/29/2026,"The Club Micro Grant Program offers financial support to establish and grow Nature Journaling Clubs, encouraging communities to connect with nature through structured activities.","Community Engagement, Leadership",https://www.wildwonder.org/grants
Apply for IMU Breakout Graduate Fellowship Program,Fellowship,"Afghanistan, Albania, Algeria, Angola, Argentina, Armenia, Azerbaijan, Bangladesh, Barbados, Belarus, Belize, Benin, Bhutan, Bolivia, Bosnia And Herzegovina, Botswana, Brazil, Bulgaria, Burkina Faso, Burundi, Cambodia, Cameroon, Cape Verde, Central African Republic, Chad, Chile, China, Colombia, Comoros, Congo (Brazzaville), Congo DR, Costa Rica, Cote DIvoire (Ivory Coast), Cuba, Djibouti, Dominica, Dominican Republic, Ecuador, Egypt, El Salvador, Equatorial Guinea, Eritrea, Ethiopia, Fiji, Gabon, Gambia, Georgia, Ghana, Grenada, Guatemala, Guinea, Guinea-Bissau, Guyana, Haiti, Honduras, India, Indonesia, Iran, Iraq, Jamaica, Jordan, Kazakhstan, Kenya, Kiribati, South Korea, Kyrgyzstan, Laos, Lebanon, Lesotho, Liberia, Libya, Macedonia, Madagascar, Malawi, Malaysia, Maldives, Mali, Marshall Islands, Mauritania, Mauritius, Mexico, Micronesia Federated States Of, Moldova Republic Of, Mongolia, Morocco, Mozambique, Burma(Myanmar), Namibia, Nauru, Nepal, Nicaragua, Niger, Nigeria, Pakistan, Palau, Palestinian Territories, Panama, Papua New Guinea, Paraguay, Peru, Philippines, Russia, Rwanda, Saint Lucia, Saint Vincent And The Grenadines, Samoa, Sao Tome And Principe, Senegal, Sierra Leone, Solomon Islands, Somalia, South Africa, Sri Lanka, Sudan, Suriname, Swaziland, Syria, Tajikistan, Tanzania, Thailand, East Timor (Timor-Leste), Togo, Tonga, Trinidad And Tobago, Tunisia, Turkey, Turkmenistan, Tuvalu, Uganda, Ukraine, Uruguay, Uzbekistan, Vanuatu, Venezuela, Viet Nam, Yemen, Zambia, Zimbabwe, Montenegro, Serbia, Kosovo, South Sudan",5/30/2026,"The IMU Breakout Graduate Fellowship Program is currently accepting applications to support postgraduate studies, in a developing country, leading to a PhD degree in the mathematical sciences.","Career Development, Individuals, PhD Holder, Students, Research, Science",https://www.mathunion.org/cdc/scholarships/graduate-scholarships/imu-breakout-graduate-fellowship-program
Eliza Moore Fellowship for Artistic Excellence,Fellowship,All Countries,5/31/2026,"The Oak Spring Garden Foundation has announced its Eliza Moore Fellowship Program to award one outstanding, early-career artist who is developing new works that address plants, gardens or landscapes in the broad sense.","Art History and Preservation, Arts &amp; Culture, Exhibition, Artists, Sustainable Development",https://www.osgf.org/fellowships/eliza-moore-artistic-excellence
Interdisciplinary Residencies Program,Events,All Countries,5/31/2026,"The Oak Spring Garden Foundation is accepting applications for its Interdisciplinary Residencies Program to provide individuals with the time and space to pursue their own creative projects alongside other residents who may be examining plants, landscapes, gardens and the natural world from different perspectives.","Agriculture Food &amp; Nutrition, Arts &amp; Culture, Filmmaking and Entertainment, Music, Performing Arts, Visual Arts, Conservation, , , Artists, Individuals, Researchers, Research, Science, Humanities, Sustainable Development",https://www.osgf.org/residencies/interdisciplinary-residency
IBRO Schools Support Program for Neuroscience Training,Grant,All Countries,5/31/2026,The International Brain Research Organization Schools Support program provides funding to support the organization of neuroscience training schools that foster global collaboration and capacity building in the field of brain research.,"Capacity Building, Learning, Medical Research, Research, Technology",https://ibro.org/grant/schools-support/
RFPs: Strengthening Community-based Coastal and Riverine Stewardship,Grant,"Aland Islands, Albania, Algeria, American Samoa, Andorra, Angola, Anguilla, Antarctica, Antigua and Barbuda, Argentina, Armenia, Aruba, Australia, Austria, Azerbaijan, Bahamas, Bahrain, Bangladesh, Barbados, Belarus, Belgium, Belize, Benin, Bermuda, Bhutan, Bolivia, Bosnia And Herzegovina, Botswana, Bouvet Island, Brazil, British Indian Ocean Territory, Brunei, Bulgaria, Burkina Faso, Burundi, Cambodia, Cameroon, Canada, Cape Verde, Cayman Islands, Central African Republic, Chad, Chile, China, Christmas Island, Cocos (Keeling) Islands, Colombia, Comoros, Congo (Brazzaville), Congo DR, Cook Islands, Costa Rica, Cote DIvoire (Ivory Coast), Croatia, Cyprus, Czech Republic, Denmark, Djibouti, Dominica, Dominican Republic, Ecuador, Egypt, El Salvador, Equatorial Guinea, Eritrea, Estonia, Ethiopia, Falkland Islands (Malvinas), Faroe Islands, Fiji, Finland, France, French Guiana, French Polynesia, French Southern Territories, Gabon, Gambia, Georgia, Germany, Ghana, Gibraltar, Greece, Greenland, Grenada, Guadeloupe, Guam, Guatemala, Guernsey, Guinea, Guinea-Bissau, Guyana, Haiti, Heard Island And Mcdonald Islands, Holy See (Vatican City State), Honduras, Hong Kong SAR, Hungary, Iceland, India, Indonesia, Iraq, Ireland, Isle Of Man, Israel, Italy, Jamaica, Japan, Jersey, Jordan, Kazakhstan, Kenya, Kiribati, South Korea, Kuwait, Kyrgyzstan, Laos, Latvia, Lebanon, Lesotho, Liberia, Liechtenstein, Lithuania, Luxembourg, Macau, Macedonia, Madagascar, Malawi, Malaysia, Maldives, Mali, Malta, Marshall Islands, Martinique, Mauritania, Mauritius, Mayotte, Mexico, Micronesia Federated States Of, Moldova Republic Of, Monaco, Mongolia, Montserrat, Morocco, Mozambique, Myanmar, Namibia, Nauru, Nepal, Netherlands, Netherlands Antilles, New Caledonia, New Zealand, Nicaragua, Niger, Nigeria, Niue, Norfolk Island, Northern Mariana Islands, Norway, Oman, Pakistan, Palau, Palestinian Territories, Panama, Papua New Guinea, Paraguay, Peru, Philippines, Pitcairn, Poland, Portugal, Puerto Rico, Qatar, Reunion, Romania, Rwanda, Saint Helena, Saint Kitts And Nevis, Saint Lucia, Saint Pierre And Miquelon, Saint Vincent And The Grenadines, Samoa, San Marino, Sao Tome And Principe, Saudi Arabia, Senegal, Seychelles, Sierra Leone, Singapore, Slovak Republic, Slovenia, Solomon Islands, Somalia, South Africa, South Georgia And The South Sandwich Islands, Spain, Sri Lanka, Sudan, Suriname, Svalbard And Jan Mayen, Eswatini, Sweden, Switzerland, Taiwan, Tajikistan, Tanzania, Thailand, East Timor (Timor-Leste), Togo, Tokelau, Tonga, Trinidad And Tobago, Tunisia, Turkey, Turkmenistan, Turks And Caicos Islands, Tuvalu, Uganda, Ukraine, United Arab Emirates, United Kingdom, United States, United States Minor Outlying Islands, Uruguay, Uzbekistan, Vanuatu, Venezuela, Vietnam, British Virgin Islands, United States Virgin Islands, Wallis And Futuna, Western Sahara, Yemen, Zambia, Zimbabwe, Montenegro, Saint BarthÃ©lemy, Serbia, Kosovo, South Sudan , CuraÃ§ao, Bonaire Sint Eustatius and Saba, Saint Martin (French Part), Sint Maarten (Dutch Part)",5/31/2026,"The Lindblad Expeditions-National Geographic Fund invites innovative, community-driven projects aimed at conserving and restoring coastal and riverine ecosystems while empowering local stewardship.","Agriculture Food &amp; Nutrition, Fishing, Habitat, Marine, Climate Change, Conservation, Environment, Leaders, Innovation, Leadership, Sustainable Development",https://www.nationalgeographic.org/society/grants-and-investments/rfp-common-waters/
Youth Innovation Challenge,"Awards, Prizes and Challenges",All Countries,5/31/2026,"The Taiwan Ocean Conservation Administration (OCA) and GEEP invite young people (15–30 years old) from around the world to propose an innovative solution to tackle marine issues, provide healthy habitats for marine life, protect human health, and support people of all ages to be engaged stewards to support marine environments.","Habitat, Marine, Community Development, Community Engagement, Biodiversity, Recycling, Health, Individuals, Innovation, Youth &amp; Adolescents",https://thegeep.org/programs/youth-innovation-challenge
Open Call: Innovative Astronomy Projects to Promote Sustainable Development,Grant,All Countries,5/31/2026,The International Astronomical Union’s Office of Astronomy for Development (OAD) invites applicants to submit innovative project ideas that use astronomy as a tool to address sustainable development challenges.,"Economic Development, Science, Technology, Sustainable Development",https://www.iau.org/IAU/News/Ann2026/OAD-2026-call-for-proposals.aspx
Luena Scholars Grant for Community-Based Education Projects,Grant,"Angola, Benin, Botswana, Burkina Faso, Burundi, Cameroon, Cape Verde, Central African Republic, Chad, Comoros, Congo (Brazzaville), Congo DR, Cote DIvoire (Ivory Coast), Djibouti, Equatorial Guinea, Eritrea, Ethiopia, Gabon, Gambia, Ghana, Guinea, Guinea-Bissau, Kenya, Lesotho, Liberia, Madagascar, Malawi, Mali, Mauritania, Mauritius, Mozambique, Namibia, Niger, Nigeria, Rwanda, Sao Tome And Principe, Senegal, Sierra Leone, Somalia, South Africa, Sudan, Eswatini, Tanzania, Togo, Uganda, Zambia, Zimbabwe, South Sudan",5/31/2026,"The Luena Foundation has launched a call for proposals inviting small, locally led organizations in Sub-Saharan Africa to apply for microgrants that improve children’s access to safe, inclusive, and practical education.","Children, Community Development, Rural Development, Education, Learning",https://sites.google.com/luena.org/ssa-cfp-education-luena
Open Call: AIGC for Future Global Challenge 2026,"Awards, Prizes and Challenges",All Countries,5/31/2026,"The AIGC for Future Global Challenge invites young creators, interdisciplinary teams, companies and research institutions from around the world to submit AI-generated works that promote a more inclusive, innovative and sustainable future.","Arts &amp; Culture, Individuals, Artificial Intelligence, Innovation, Storytelling, Research, Sustainable Development",https://www.facebook.com/photo/?fbid=1308690514780466&amp;set=a.199641295685399
Entries open for Borlaug Field Award,"Awards, Prizes and Challenges",All Countries,6/1/2026,"Applications are now open for the Borlaug Field Award to recognize exceptional, science-based achievement in international agriculture and food production by an individual under 40 who has clearly demonstrated intellectual courage, stamina and determination in the fight to eliminate global hunger and poverty.","Agriculture Food &amp; Nutrition, Food Safety, Arts &amp; Culture, Community Development, Education, Farmers/Ranchers, Individuals, Innovation, Leadership, Hunger, Poverty Alleviation, Research, Science, Sustainable Development",https://www.worldfoodprize.org/en/nominations/borlaug_field_award/borlaug_field_award_nomination_procedure/
Oral Health International Foundation Funding for Dental Care Projects,Grant,All Countries,6/1/2026,The Oral Health International Foundation provides financial grants to support dental projects that improve access to oral health services and bring healthier smiles to communities in need around the world.,"Community Development, Equipment, Dental Care",https://www.oralhealthinternational.org/grants
Audi Environmental Foundation Scholarship,Scholarship,All Countries,6/1/2026,"The Audi Environmental Foundation, in collaboration with One Young World is offering scholarships to support young leaders working on climate solutions to attend the One Young World Summit 2026 in Cape Town, South Africa.","Community Development, Climate Change, Environment, Natural Resources, Individuals, Leaders, Innovation, Leadership, Technology, Youth &amp; Adolescents",https://www.oneyoungworld.com/scholarship/audi-environmental-foundation-scholarship-2026
The Ginetta Sagan Award,"Awards, Prizes and Challenges",All Countries,6/1/2026,The Ginetta Sagan Award recognizes and assists women who are working to protect the liberty and lives of women and children in areas where human rights violations are widespread.,"Children, Human Rights, Individuals, Women &amp; Gender",https://www.amnestyusa.org/about-us/grants-and-awards/ginetta-sagan-award/
Art Artist Residency Grants Program,Grant,All Countries,6/1/2026,The Art Artist Residency Grants Program offers artists an opportunity to undertake a funded residency in Ras Al Khaimah while engaging in creative production and community interaction.,"Arts &amp; Culture, Community Engagement, Artists",https://www.rakart.ae/artist-residency-grants
Judicial Fellowship Program,Fellowship,"Afghanistan, Albania, Algeria, Andorra, Angola, Antigua and Barbuda, Argentina, Armenia, Austria, Azerbaijan, Bahamas, Bahrain, Bangladesh, Barbados, Belarus, Belgium, Belize, Benin, Bhutan, Bolivia, Bosnia And Herzegovina, Botswana, Brazil, Brunei, Bulgaria, Burkina Faso, Burundi, Cambodia, Cameroon, Canada, Cape Verde, Central African Republic, Chad, Chile, China, Colombia, Comoros, Congo (Brazzaville), Congo DR, Costa Rica, Cote DIvoire (Ivory Coast), Croatia, Cuba, Cyprus, Czech Republic, Denmark, Djibouti, Dominica, Dominican Republic, Ecuador, Egypt, Equatorial Guinea, Eritrea, Estonia, Ethiopia, Finland, France, Gabon, Gambia, Georgia, Germany, Ghana, Greece, Grenada, Guatemala, Guinea, Guinea-Bissau, Guyana, Haiti, Holy See (Vatican City State), Honduras, Hungary, Iceland, India, Indonesia, Iran, Iraq, Ireland, Israel, Italy, Jamaica, Japan, Jordan, Kazakhstan, Kenya, South Korea, North Korea, Kuwait, Kyrgyzstan, Laos, Latvia, Lebanon, Lesotho, Liberia, Libya, Liechtenstein, Lithuania, Luxembourg, Macedonia, Madagascar, Malawi, Malaysia, Maldives, Mali, Malta, Mauritania, Mauritius, Mayotte, Mexico, Moldova Republic Of, Monaco, Mongolia, Morocco, Mozambique, Myanmar, Namibia, Nepal, Netherlands, Nicaragua, Niger, Nigeria, Norway, Oman, Oman, Pakistan, Palestinian Territories, Panama, Paraguay, Peru, Philippines, Poland, Portugal, Qatar, Qatar, Reunion, Romania, Russia, Rwanda, Saint Helena, Saint Kitts And Nevis, Saint Lucia, Saint Vincent And The Grenadines, San Marino, Sao Tome And Principe, Saudi Arabia, Senegal, Seychelles, Sierra Leone, Singapore, Slovak Republic, Slovenia, Somalia, South Africa, Spain, Sri Lanka, Sudan, Suriname, Eswatini, Sweden, Switzerland, Syria, Tajikistan, Tanzania, Thailand, East Timor (Timor-Leste), Togo, Trinidad And Tobago, Tunisia, Turkey, Turkmenistan, Uganda, Ukraine, United Arab Emirates, United Kingdom, United States, Uruguay, Uzbekistan, Venezuela, Vietnam, Western Sahara, Yemen, Zambia, Zimbabwe, Montenegro, Kosovo, South Sudan",6/1/2026,"The Judicial Fellowship Program, presented in partnership with the U.S. Chamber of Commerce Foundation offers a fully funded professional exchange and residential learning experience for international judges focused on strengthening judicial integrity, ethical decision-making and the rule of law.","Learning, Individuals, Leadership",https://presidentialprecinct.org/judicial-fellowship-program/
RFPs: Workplace Gender-Based Violence Study,Grant,All Countries,6/1/2026,"The United Nations Development Programme (UNDP) has launched this Request for Proposal (RfP) to support a study examining the prevalence, drivers, and impacts of workplace gender-based violence, sexual harassment, and discrimination in Bosnia and Herzegovina, with a focus on women’s economic vulnerability and dependency.","Business &amp; Industry, Entrepreneurship, Disability, Career Development, Employment &amp; Labor, LGBTQ, Violence Prevention, Women &amp; Gender",https://procurement-notices.undp.org/view_negotiation.cfm?nego_id=45315
CFPs: Bringing Living Heritage into Classroom – Teaching Plan National Competition,Grant,All Countries,6/1/2026,"The United Nations Educational, Scientific and Cultural Organization (UNESCO) is inviting qualified entities to support the implementation of a national Teaching Plan Competition aimed at integrating living heritage into classroom learning across schools in the Philippines.","Education, Learning",https://www.unesco.org/en/articles/call-proposals-bringing-living-heritage-classroom-school-teaching-plan-national-competition
RFAs: Agriculture Insurance Scheme Digital Transformation and Capacity Building Project (Uganda),Grant,Uganda,6/1/2026,"The United Nations Development Programme is now accepting applications to support the implementation, digital transformation, and scaling of the Uganda Agriculture Insurance Scheme through product innovation, capacity building, and institutional integration.","Agriculture Food &amp; Nutrition, Business &amp; Industry, Capacity Building, Innovation",https://procurement-notices.undp.org/view_negotiation.cfm?nego_id=45661
RFAs: SNF Global Center Research Fellowship Program,Fellowship,"Afghanistan, Albania, Algeria, American Samoa, Angola, Argentina, Armenia, Azerbaijan, Bangladesh, Belarus, Belize, Benin, Bhutan, Bolivia, Bosnia And Herzegovina, Botswana, Brazil, Bulgaria, Burkina Faso, Burundi, Cambodia, Cameroon, Cape Verde, Central African Republic, Chad, China, Colombia, Comoros, Congo (Brazzaville), Congo DR, Costa Rica, Cote DIvoire (Ivory Coast), Cuba, Djibouti, Dominica, Dominican Republic, Ecuador, Egypt, El Salvador, Equatorial Guinea, Eritrea, Ethiopia, Fiji, Gabon, Gambia, Georgia, Ghana, Grenada, Guatemala, Guinea, Guinea-Bissau, Guyana, Haiti, Honduras, India, Indonesia, Iran, Iraq, Jamaica, Jordan, Kazakhstan, Kenya, Kiribati, North Korea, Kyrgyzstan, Laos, Lebanon, Lesotho, Liberia, Libya, Macedonia, Madagascar, Malawi, Malaysia, Maldives, Mali, Marshall Islands, Mauritania, Mauritius, Mexico, Micronesia Federated States Of, Moldova Republic Of, Mongolia, Morocco, Mozambique, Myanmar, Namibia, Nepal, Nicaragua, Niger, Nigeria, Pakistan, Palau, Palestinian Territories, Papua New Guinea, Paraguay, Peru, Philippines, Russia, Rwanda, Saint Lucia, Saint Vincent And The Grenadines, Samoa, Sao Tome And Principe, Senegal, Sierra Leone, Solomon Islands, Somalia, South Africa, Sri Lanka, Sudan, Suriname, Eswatini, Syria, Tajikistan, Tanzania, Thailand, East Timor (Timor-Leste), Togo, Tonga, Tunisia, Turkey, Turkmenistan, Tuvalu, Uganda, Ukraine, Uzbekistan, Vanuatu, Vietnam, Yemen, Zambia, Zimbabwe, Montenegro, Serbia, Kosovo, South Sudan",6/1/2026,The SNF Global Center Research Fellowship Program offers an important opportunity for early-career researchers at leading academic institutions in low- and middle-income countries (LMICs) to advance child and adolescent mental health research while addressing local needs.,"Children, Mental Health &amp; Crisis Support, Researchers, Innovation, Research, Youth &amp; Adolescents",https://childmind.org/global/snf-global-center/fellowships/research-fellowship/
Call for Uganda Innovators for Government Digital Systems Prototype Showcase,Events,Uganda,6/1/2026,"The Ministry of ICT and National Guidance (MoICT&amp;NG) has launched a call to Ugandan innovators to participate in the Government Systems Prototype Showcase aimed at supporting the digitisation of Government services, systems, and institutions across Uganda.","Financial Management, Agriculture Food &amp; Nutrition, Business &amp; Industry, Startups, Education, Employment &amp; Labor, Individuals",https://ict.go.ug/site/documents/call-to-ugandan-tech-innovators-start-ups.pdf
Global Innovation Challenge 2026,"Awards, Prizes and Challenges","Afghanistan, Aland Islands, Albania, Algeria, American Samoa, Andorra, Angola, Anguilla, Antarctica, Antigua and Barbuda, Argentina, Armenia, Aruba, Australia, Austria, Azerbaijan, Bahamas, Bahrain, Bangladesh, Barbados, Belgium, Belize, Benin, Bermuda, Bhutan, Bolivia, Bosnia And Herzegovina, Botswana, Bouvet Island, Brazil, British Indian Ocean Territory, Brunei, Bulgaria, Burkina Faso, Burundi, Cambodia, Cameroon, Canada, Cape Verde, Cayman Islands, Central African Republic, Chad, Chile, China, Christmas Island, Cocos (Keeling) Islands, Colombia, Comoros, Congo (Brazzaville), Congo DR, Cook Islands, Costa Rica, Cote DIvoire (Ivory Coast), Croatia, Cyprus, Czech Republic, Denmark, Djibouti, Dominica, Dominican Republic, Ecuador, Egypt, El Salvador, Equatorial Guinea, Eritrea, Estonia, Ethiopia, Falkland Islands (Malvinas), Faroe Islands, Fiji, Finland, France, French Guiana, French Polynesia, French Southern Territories, Gabon, Gambia, Georgia, Germany, Ghana, Gibraltar, Greece, Greenland, Grenada, Guadeloupe, Guam, Guatemala, Guernsey, Guinea, Guinea-Bissau, Guyana, Haiti, Heard Island And Mcdonald Islands, Holy See (Vatican City State), Honduras, Hong Kong SAR, Hungary, Iceland, India, Indonesia, Iraq, Ireland, Isle Of Man, Israel, Italy, Jamaica, Japan, Jersey, Jordan, Kazakhstan, Kenya, Kiribati, South Korea, Kuwait, Kyrgyzstan, Laos, Latvia, Lebanon, Lesotho, Liberia, Libya, Liechtenstein, Lithuania, Luxembourg, Macau, Macedonia, Madagascar, Malawi, Malaysia, Maldives, Mali, Malta, Marshall Islands, Martinique, Mauritania, Mauritius, Mayotte, Mexico, Micronesia Federated States Of, Moldova Republic Of, Monaco, Mongolia, Montserrat, Morocco, Mozambique, Myanmar, Namibia, Nauru, Nepal, Netherlands, Netherlands Antilles, New Caledonia, New Zealand, Nicaragua, Niger, Nigeria, Niue, Norfolk Island, Northern Mariana Islands, Norway, Oman, Pakistan, Palau, Palestinian Territories, Panama, Papua New Guinea, Paraguay, Peru, Philippines, Pitcairn, Poland, Portugal, Puerto Rico, Qatar, Reunion, Romania, Rwanda, Saint Helena, Saint Kitts And Nevis, Saint Lucia, Saint Pierre And Miquelon, Saint Vincent And The Grenadines, Samoa, San Marino, Sao Tome And Principe, Saudi Arabia, Senegal, Seychelles, Sierra Leone, Singapore, Slovak Republic, Slovenia, Solomon Islands, Somalia, South Africa, South Georgia And The South Sandwich Islands, Spain, Sri Lanka, Sudan, Suriname, Svalbard And Jan Mayen, Eswatini, Sweden, Switzerland, Taiwan, Tajikistan, Tanzania, Thailand, East Timor (Timor-Leste), Togo, Tokelau, Tonga, Trinidad And Tobago, Tunisia, Turkey, Turkmenistan, Turks And Caicos Islands, Tuvalu, Uganda, Ukraine, United Arab Emirates, United Kingdom, United States, United States Minor Outlying Islands, Uruguay, Uzbekistan, Vanuatu, Vietnam, British Virgin Islands, United States Virgin Islands, Wallis And Futuna, Western Sahara, Yemen, Zambia, Zimbabwe, Montenegro, Saint BarthÃ©lemy, Serbia, Kosovo, CuraÃ§ao, Bonaire Sint Eustatius and Saba",6/1/2026,The Global Innovation Challenge 2026 is requesting applications to support young social entrepreneurs and innovators leading projects and startups that create positive social and environmental impact worldwide.,"Business &amp; Industry, Entrepreneurship, Startups, Community Development, Education, Climate Change, Energy, Environment, Health, Innovation, Leadership, Poverty Alleviation, Gender Equality, Youth &amp; Adolescents",https://www.socialshifters.co/global-innovation-challenge/
Call for EOIs: Child Protection Programme in Uganda,Grant,Uganda,6/2/2026,"The United Nations International Children’s Emergency Fund is requesting grant applications to strengthen child protection systems in Uganda by improving prevention, response services, and multi-sectoral coordination to address violence, exploitation, and abuse against children.","Children, Education, Family, Narcotics Drugs &amp; Crime, Violence Prevention, Social Service",https://www.unpartnerportal.org/landing/opportunities/
Queen Elizabeth Commonwealth Scholarships,Scholarship,"Antigua and Barbuda, Australia, Bahamas, Bangladesh, Barbados, Belize, Botswana, Brunei, Cameroon, Canada, Cyprus, Dominica, Fiji, Gabon, Gambia, Ghana, Grenada, Guyana, India, Jamaica, Kenya, Kiribati, Lesotho, Malawi, Malaysia, Maldives, Malta, Mauritius, Mozambique, Namibia, Nauru, New Zealand, Nigeria, Pakistan, Papua New Guinea, Rwanda, Saint Kitts And Nevis, Saint Lucia, Saint Vincent And The Grenadines, Samoa, Seychelles, Sierra Leone, Singapore, Solomon Islands, South Africa, Sri Lanka, Eswatini, Tanzania, Togo, Tonga, Trinidad And Tobago, Tuvalu, Uganda, United Kingdom, Vanuatu, Zambia",6/3/2026,The Queen Elizabeth Commonwealth Scholarships offers a unique opportunity to study a two-year master's degree in a low or middle-income Commonwealth country.,"Arts &amp; Culture, Community Development, Tertiary &amp; Higher Education, Individuals, Leadership",https://www.acu.ac.uk/funding-opportunities/for-students/scholarships/queen-elizabeth-commonwealth-scholarships/
Call for EOIs: Improved Cooking Solutions in School Feeding Programme in Karamoja (Uganda),Grant,Uganda,6/3/2026,"The World Food Programme is requesting applications to support improved cooking technologies under the Home-Grown School Feeding Programme in Karamoja, aimed at strengthening sustainable school feeding and reducing environmental and health impacts.","Agriculture Food &amp; Nutrition, Education, Learning, Biodiversity, Conservation, Energy, Environment, Natural Resources, Health, Technology",https://www.unpartnerportal.org/landing/opportunities/
CSO in-country Call for Proposals Uganda 2026,Grant,Uganda,6/4/2026,"The European Commission (EC) has launched a call for proposals aimed at empowering civil society organisations to play a stronger role in promoting sustainable development, good governance, and inclusive growth in Uganda.","Civil Society Development, Community Development, Democracy &amp; Good Governance, Energy, Environment, Sustainable Development","https://ec.europa.eu/info/funding-tenders/opportunities/portal/screen/opportunities/prospect-details/186375PROSPECTSEN?isExactMatch=true&amp;status=31094501,31094502&amp;frameworkProgramme=111111&amp;order=DESC&amp;pageNumber=1&amp;pageSize=50&amp;sortBy=startDate"
Isu Elihle Awards for Journalists Covering Children’s Issues,"Awards, Prizes and Challenges","Algeria, Angola, Benin, Botswana, Burkina Faso, Burundi, Cameroon, Cape Verde, Central African Republic, Chad, Comoros, Congo (Brazzaville), Congo DR, Cote DIvoire (Ivory Coast), Djibouti, Egypt, Equatorial Guinea, Eritrea, Ethiopia, Gabon, Gambia, Ghana, Guinea, Guinea-Bissau, Kenya, Lesotho, Liberia, Libya, Madagascar, Malawi, Mali, Mauritania, Mauritius, Mayotte, Morocco, Mozambique, Namibia, Niger, Nigeria, Reunion, Rwanda, Saint Helena, Sao Tome And Principe, Senegal, Seychelles, Sierra Leone, Somalia, South Africa, Sudan, Eswatini, Tanzania, Togo, Tunisia, Uganda, Western Sahara, Zambia, Zimbabwe, South Sudan",6/4/2026,Entries are now open for the Isu Elihle Awards to support professional journalists across Africa to submit innovative story ideas that highlight issues affecting children and promote child rights through impactful journalism (Africa).,"Children, Journalists, Innovation, Journalism, Media",https://www.mediamonitoringafrica.org/isu-elihle/
2026 Africa Earth Observation Challenge,"Awards, Prizes and Challenges","Algeria, Angola, Benin, Botswana, Burkina Faso, Burundi, Cameroon, Cape Verde, Central African Republic, Chad, Comoros, Congo (Brazzaville), Congo DR, Cote DIvoire (Ivory Coast), Djibouti, Egypt, Equatorial Guinea, Eritrea, Ethiopia, Gabon, Gambia, Ghana, Guinea, Guinea-Bissau, Kenya, Lesotho, Liberia, Libya, Madagascar, Malawi, Mali, Mauritania, Mauritius, Mayotte, Morocco, Mozambique, Namibia, Niger, Nigeria, Reunion, Rwanda, Saint Helena, Sao Tome And Principe, Senegal, Seychelles, Sierra Leone, Somalia, South Africa, Sudan, Eswatini, Tanzania, Togo, Tunisia, Uganda, Western Sahara, Zambia, Zimbabwe, South Sudan",6/5/2026,"The Africa Earth Observation Challenge 2026 is an open innovation program designed to support the development of space-based technologies and Earth Observation applications that address environmental, societal, and developmental challenges across Africa.","Agriculture Food &amp; Nutrition, Business &amp; Industry, Rural Development, Urban Development, Climate Change, Environment, Natural Resources, Health care, Disaster Preparedness, Innovation, Technology",https://eochallenge.africa/enter/
Citizen Entrepreneurship Competition 2026,Events,All Countries,6/5/2026,The Citizen Entrepreneurship Competition is accepting applications to support young entrepreneurs in developing innovative solutions for social and sustainable impact.,"Business &amp; Industry, Entrepreneurship, Innovation, Sustainable Development, Youth &amp; Adolescents",https://entrepreneurship.de/en/competition
Open Call: COP17 Women delegates Negotiation Training,Training,"Afghanistan, Albania, Algeria, American Samoa, Angola, Argentina, Armenia, Azerbaijan, Bangladesh, Belarus, Belize, Benin, Bhutan, Bolivia, Bosnia And Herzegovina, Botswana, Brazil, Bulgaria, Burkina Faso, Burundi, Cambodia, Cameroon, Cape Verde, Central African Republic, Chad, China, Colombia, Comoros, Congo (Brazzaville), Congo DR, Costa Rica, Cote DIvoire (Ivory Coast), Cuba, Djibouti, Dominica, Dominican Republic, Ecuador, Egypt, El Salvador, Equatorial Guinea, Eritrea, Ethiopia, Fiji, Gabon, Georgia, Ghana, Grenada, Guatemala, Guinea, Guinea-Bissau, Guyana, Haiti, Honduras, India, Indonesia, Iran, Iraq, Jamaica, Jordan, Kazakhstan, Kenya, Kiribati, South Korea, North Korea, Kyrgyzstan, Laos, Lebanon, Lesotho, Liberia, Libya, Macedonia, Madagascar, Malawi, Malaysia, Maldives, Mali, Marshall Islands, Mauritania, Mauritius, Mexico, Micronesia Federated States Of, Moldova Republic Of, Mongolia, Morocco, Mozambique, Myanmar, Namibia, Nepal, Nicaragua, Niger, Nigeria, Pakistan, Palau, Papua New Guinea, Paraguay, Peru, Philippines, Russia, Rwanda, Saint Lucia, Saint Vincent And The Grenadines, Samoa, Sao Tome And Principe, Senegal, Sierra Leone, Solomon Islands, Somalia, South Africa, Sri Lanka, Sudan, Suriname, Eswatini, Syria, Tajikistan, Tanzania, Thailand, East Timor (Timor-Leste), Togo, Tonga, Tunisia, Turkey, Turkmenistan, Tuvalu, Uganda, Ukraine, Uzbekistan, Vanuatu, Vietnam, Yemen, Zambia, Zimbabwe, Montenegro, Serbia, Kosovo, South Sudan",6/8/2026,The United Nations Convention to Combat Desertification is launching the second round of the UNCCD Women Delegates Fund (WDF) training ahead of COP17 to support the participation and effective engagement of women delegates in the UNCCD process and negotiations.,"Capacity Building, Women and Girls, Gender Equality",https://www.unccd.int/news-stories/stories/open-call-cop17-women-delegates-negotiation-training
Call for EOIs: Community-Based Early Childhood Education Initiatives (Uganda),Grant,Uganda,6/8/2026,The United Nations International Children’s Emergency Fund (UNICEF) has launched a closed Call for Expression of Interest to support the provision of quality early childhood education through community-based and innovative approaches aimed at improving access to inclusive and equitable early learning services for children aged 3–5 years in underserved and refugee-hosting communities across Uganda.,"Children, Community Development, Education, Learning, Refugee &amp; Asylum Seekers",https://www.unpartnerportal.org/landing/opportunities/
Best Tourism Villages Initiative 2026,Events,"Afghanistan, Albania, Algeria, Andorra, Angola, Antigua and Barbuda, Argentina, Armenia, Australia, Austria, Azerbaijan, Bahamas, Bahrain, Bangladesh, Barbados, Belarus, Belgium, Belize, Benin, Bhutan, Bolivia, Bosnia And Herzegovina, Botswana, Brazil, Brunei, Bulgaria, Burkina Faso, Burundi, Cambodia, Cameroon, Canada, Cape Verde, Central African Republic, Chad, Chile, China, Colombia, Comoros, Congo (Brazzaville), Congo DR, Costa Rica, Cote DIvoire (Ivory Coast), Croatia, Cuba, Cyprus, Czech Republic, Denmark, Djibouti, Dominica, Dominican Republic, Ecuador, Egypt, El Salvador, Equatorial Guinea, Eritrea, Estonia, Ethiopia, Fiji, Finland, France, Gabon, Gambia, Georgia, Germany, Ghana, Greece, Grenada, Guatemala, Guinea, Guinea-Bissau, Guyana, Haiti, Honduras, Hungary, Iceland, India, Indonesia, Iran, Iraq, Ireland, Israel, Italy, Jamaica, Japan, Jordan, Kazakhstan, Kenya, Kiribati, South Korea, North Korea, Kuwait, Kyrgyzstan, Laos, Latvia, Lebanon, Lesotho, Liberia, Libya, Liechtenstein, Lithuania, Luxembourg, Macedonia, Madagascar, Malawi, Malaysia, Maldives, Mali, Malta, Marshall Islands, Mauritania, Mauritius, Mexico, Micronesia Federated States Of, Moldova Republic Of, Monaco, Mongolia, Morocco, Mozambique, Burma(Myanmar), Namibia, Nauru, Nepal, Netherlands, New Zealand, Nicaragua, Niger, Nigeria, Norway, Oman, Pakistan, Palau, Panama, Papua New Guinea, Paraguay, Peru, Philippines, Poland, Portugal, Qatar, Romania, Russia, Rwanda, Saint Kitts And Nevis, Saint Lucia, Saint Vincent And The Grenadines, Samoa, San Marino, Sao Tome And Principe, Saudi Arabia, Senegal, Seychelles, Sierra Leone, Singapore, Slovak Republic, Slovenia, Solomon Islands, Somalia, South Africa, Spain, Sri Lanka, Sudan, Suriname, Swaziland, Sweden, Switzerland, Syria, Tajikistan, Tanzania, Thailand, East Timor (Timor-Leste), Togo, Tonga, Trinidad And Tobago, Tunisia, Turkey, Turkmenistan, Tuvalu, Uganda, Ukraine, United Arab Emirates, United Kingdom, United States, Uruguay, Uzbekistan, Vanuatu, Venezuela, Viet Nam, Yemen, Zambia, Zimbabwe, Montenegro, Serbia, South Sudan",6/9/2026,The Best Tourism Villages Program is currently accepting applications to showcase sustainable tourism models that support local communities and heritage.,"Art History and Preservation, Arts &amp; Culture, Community Development, Rural Development, Democracy &amp; Good Governance, Sustainable Development, Tourism &amp; Travel",https://www.untourism.int/news/un-tourism-opens-call-for-best-tourism-villages-2026
Aspire Grant Program,Grant,"Cameroon, Central African Republic, Congo (Brazzaville), Congo DR, Equatorial Guinea, Gabon, Rwanda, Sao Tome And Principe, Uganda",6/10/2026,The Aspire Grant Program has announced its applications to support young African researchers by providing funding to advance conservation and environmental sustainability efforts in the Congo Basin region.,"Animals &amp; Wildlife, Conservation, Environment, Individuals, Researchers, Students, Innovation, Research, Sustainable Development, Youth &amp; Adolescents",https://conservationactionresearch.net/aspire-grant-program
LEVANTE Framework Grant Program,Grant,All Countries,6/10/2026,The Jacobs Foundation has announced the LEVANTE Framework Grant Program offering significant funding to advance research on learning and child development.,"Early Child Development, Learning, Individuals, PhD Holder, Research",https://levante-network.org/open-call-for-proposals-2026/
EDGE Fellowship Program,Fellowship,"Afghanistan, Aland Islands, Algeria, American Samoa, Angola, Anguilla, Antarctica, Antigua and Barbuda, Argentina, Aruba, Bahamas, Bahrain, Bangladesh, Barbados, Belize, Benin, Bermuda, Bhutan, Bolivia, Botswana, Bouvet Island, Brazil, British Indian Ocean Territory, Brunei, Burkina Faso, Burundi, Cambodia, Cameroon, Cape Verde, Cayman Islands, Central African Republic, Chad, Chile, China, Christmas Island, Cocos (Keeling) Islands, Colombia, Comoros, Congo (Brazzaville), Congo DR, Cook Islands, Costa Rica, Cote DIvoire (Ivory Coast), Cuba, Djibouti, Dominica, Dominican Republic, Ecuador, Egypt, El Salvador, Equatorial Guinea, Eritrea, Ethiopia, Falkland Islands (Malvinas), Faroe Islands, Fiji, French Guiana, French Polynesia, French Southern Territories, Gabon, Gambia, Ghana, Gibraltar, Greenland, Grenada, Guadeloupe, Guam, Guatemala, Guernsey, Guinea, Guinea-Bissau, Guyana, Haiti, Heard Island And Mcdonald Islands, Honduras, Hong Kong SAR, India, Indonesia, Iran, Iraq, Isle Of Man, Israel, Jamaica, Jersey, Jordan, Kenya, Kiribati, North Korea, Kuwait, Kyrgyzstan, Laos, Lebanon, Lesotho, Liberia, Libya, Macau, Madagascar, Malawi, Malaysia, Maldives, Mali, Marshall Islands, Martinique, Mauritania, Mauritius, Mayotte, Mexico, Micronesia Federated States Of, Mongolia, Montserrat, Morocco, Mozambique, Myanmar, Namibia, Nauru, Nepal, Netherlands Antilles, New Caledonia, Nicaragua, Niger, Nigeria, Niue, Norfolk Island, Northern Mariana Islands, Oman, Pakistan, Palau, Palestinian Territories, Panama, Papua New Guinea, Paraguay, Peru, Philippines, Pitcairn, Puerto Rico, Qatar, Reunion, Rwanda, Saint Helena, Saint Kitts And Nevis, Saint Lucia, Saint Pierre And Miquelon, Saint Vincent And The Grenadines, Samoa, Sao Tome And Principe, Saudi Arabia, Senegal, Seychelles, Sierra Leone, Singapore, Solomon Islands, Somalia, South Africa, South Georgia And The South Sandwich Islands, Sri Lanka, Sudan, Suriname, Svalbard And Jan Mayen, Eswatini, Syria, Taiwan, Tajikistan, Tanzania, Thailand, East Timor (Timor-Leste), Togo, Tokelau, Tonga, Trinidad And Tobago, Tunisia, Turkmenistan, Turks And Caicos Islands, Tuvalu, Uganda, United Arab Emirates, United States Minor Outlying Islands, Uruguay, Uzbekistan, Vanuatu, Venezuela, Vietnam, British Virgin Islands, United States Virgin Islands, Wallis And Futuna, Western Sahara, Yemen, Zambia, Zimbabwe, Saint BarthÃ©lemy, Kosovo, South Sudan , CuraÃ§ao, Bonaire Sint Eustatius and Saba, Saint Martin (French Part), Sint Maarten (Dutch Part)",6/10/2026,"The EDGE Fellowship Program is inviting applications to support early-career conservationists working to protect some of the world’s most evolutionarily distinct and globally threatened species through training, mentorship, funding, and technical support that help emerging conservation leaders develop and deliver locally led conservation projects.","Endangered Species, Community Engagement, Conservation, Environment, Individuals, Leaders, Leadership",https://www.edgeofexistence.org/2027-edge-fellowship/
Women-Led Green Enterprises in Uganda,Training,Uganda,6/10/2026,"The Uganda Green Enterprise Finance Accelerator has launched UGEFA4Her to strengthen women-led green enterprises by improving their capacity, expanding access to finance, and supporting business growth in Uganda’s green economy.","Business &amp; Industry, Businesses, Companies and Enterprises, Capacity Building, Entrepreneurs, Women &amp; Gender",https://agefa.eu/2026/04/29/ugefa4her-opens-cfa/
Master’s Scholarships (Uganda),Scholarship,Uganda,6/11/2026,The Embassy of France in Uganda is offering fully funded Master’s degree scholarships for eligible Ugandan graduates to pursue postgraduate studies in France.,"Education, Tertiary &amp; Higher Education, Students",https://ug.diplomatie.gouv.fr/en/call-applications-masters-scholarships-20262027
Nominations Open for Kyoto World Water Grand Prize 2027,"Awards, Prizes and Challenges","Afghanistan, Albania, Algeria, American Samoa, Angola, Argentina, Armenia, Azerbaijan, Bangladesh, Belarus, Belize, Benin, Bhutan, Bolivia, Bosnia And Herzegovina, Botswana, Brazil, Bulgaria, Burkina Faso, Burundi, Cambodia, Cameroon, Cape Verde, Central African Republic, Chad, China, Colombia, Comoros, Congo (Brazzaville), Congo DR, Costa Rica, Cote DIvoire (Ivory Coast), Cuba, Djibouti, Dominica, Dominican Republic, Ecuador, Egypt, El Salvador, Equatorial Guinea, Eritrea, Ethiopia, Fiji, Gabon, Georgia, Ghana, Grenada, Guatemala, Guinea, Guinea-Bissau, Guyana, Haiti, Honduras, India, Indonesia, Iran, Iraq, Jamaica, Jordan, Kazakhstan, Kenya, Kiribati, North Korea, Kyrgyzstan, Laos, Lebanon, Lesotho, Liberia, Libya, Macedonia, Madagascar, Malawi, Malaysia, Maldives, Mali, Marshall Islands, Mauritania, Mauritius, Mexico, Micronesia Federated States Of, Moldova Republic Of, Mongolia, Morocco, Mozambique, Myanmar, Namibia, Nepal, Nicaragua, Niger, Nigeria, Pakistan, Palau, Palestinian Territories, Papua New Guinea, Paraguay, Peru, Philippines, Russia, Rwanda, Saint Lucia, Saint Vincent And The Grenadines, Samoa, Sao Tome And Principe, Senegal, Sierra Leone, Solomon Islands, Somalia, South Africa, Sri Lanka, Sudan, Suriname, Eswatini, Syria, Tajikistan, Tanzania, Thailand, East Timor (Timor-Leste), Togo, Tonga, Tunisia, Turkey, Turkmenistan, Tuvalu, Uganda, Ukraine, Uzbekistan, Vanuatu, Vietnam, Yemen, Zimbabwe, Montenegro, Serbia, Kosovo, South Sudan",6/12/2026,The Kyoto World Water Grand Prize 2027 is a prestigious international award recognizing grassroots organizations in developing countries for impactful and community-driven water management initiatives.,"Community Development, Innovation, Water Management",https://www.waterforum.jp/en/what-we-do/kyoto-prize/
Call for EOIs: Child Protection and Violence Prevention Programme (Uganda),Grant,Uganda,6/12/2026,The United Nations International Children’s Emergency Fund is seeking grant applications to strengthen child protection systems and improve the prevention and response to violence against children and women across Uganda.,"Children, Community Engagement, Education, Health, Humanitarian Relief, Narcotics Drugs &amp; Crime, Violence Prevention, Gender Equality, Women &amp; Gender",https://www.unpartnerportal.org/landing/opportunities/
Slum2School Africa's Global Volunteer Recruitment Program 2026/27,Events,All Countries,6/12/2026,"Applications are now open for the Global Volunteer Recruitment Programme by Slum2School Africa, inviting passionate individuals to contribute to educational transformation and community development across Africa.","Community Development, Education, Individuals, Volunteerism",https://www.facebook.com/slum2school/posts/pfbid02ETKXd4owu836MtvdbLMDYo7NynoAMD78kH7wbf9t3ykvST7D8NFnWLwfMiynCQ2tl
UNDP Calls for Innovations in Circular Economy and Waste Management (Uganda),"Awards, Prizes and Challenges",Uganda,6/13/2026,"The United Nations Development Programme -Uganda has launched an Innovation Challenge under its programme ""Promoting Circular Economy and Waste Management in Cities,"" inviting innovators to propose transformative solutions that address Uganda's growing municipal waste crisis while creating economic opportunities for underserved communities.","Business &amp; Industry, Community Development, Economic Development, Environment, Recycling, Innovation, Women &amp; Gender, Youth &amp; Adolescents",https://www.undp.org/uganda/publications/call-applications-innovation-challenge-circular-economy-and-waste-management
F5 STEM and AI Education Grants for Underserved Communities,Grant,All Countries,6/14/2026,"The 2026 F5 STEM &amp; AI Education Grants support nonprofit organizations that are expanding STEM and artificial intelligence education opportunities for underserved communities living in poverty across Africa, Asia, and Latin America.","Capacity Building, Community Development, Education, Learning, Artificial Intelligence, Innovation",https://www.f5.com/company/global-good/us-stem-grant
African Design Centre Fellowship Program,Fellowship,"Algeria, Angola, Benin, Botswana, Burkina Faso, Burundi, Cameroon, Cape Verde, Central African Republic, Chad, Comoros, Congo (Brazzaville), Congo DR, Cote DIvoire (Ivory Coast), Djibouti, Egypt, Equatorial Guinea, Eritrea, Ethiopia, Gabon, Gambia, Ghana, Guinea, Guinea-Bissau, Kenya, Lesotho, Liberia, Libya, Madagascar, Malawi, Mali, Mauritania, Mauritius, Mayotte, Morocco, Mozambique, Namibia, Niger, Nigeria, Reunion, Rwanda, Saint Helena, Sao Tome And Principe, Senegal, Seychelles, Sierra Leone, Somalia, South Africa, Sudan, Eswatini, Tanzania, Togo, Tunisia, Uganda, Western Sahara, Zambia, Zimbabwe, South Sudan",6/14/2026,The African Design Centre Fellowship Program is offering applications to support emerging African architects and designers committed to socially and environmentally responsible design practices rooted in African heritage.,"Education, Climate Change, Environment, Health care, Individuals, Research",https://modelofarchitecture.org/mass-opens-applications-next-cohort-african-design-centre-fellowship
11th Edition of the Harambee International Award in Africa,"Awards, Prizes and Challenges","Algeria, Angola, Benin, Botswana, Burkina Faso, Burundi, Cameroon, Cape Verde, Central African Republic, Chad, Comoros, Congo (Brazzaville), Congo DR, Cote DIvoire (Ivory Coast), Djibouti, Egypt, Equatorial Guinea, Eritrea, Ethiopia, Gabon, Gambia, Ghana, Guinea, Guinea-Bissau, Kenya, Lesotho, Liberia, Libya, Madagascar, Malawi, Mali, Mauritania, Mauritius, Mayotte, Morocco, Mozambique, Namibia, Niger, Nigeria, Reunion, Rwanda, Saint Helena, Sao Tome And Principe, Senegal, Seychelles, Sierra Leone, Somalia, South Africa, Sudan, Swaziland, Tanzania, Togo, Tunisia, Uganda, Western Sahara, Zambia, Zimbabwe, South Sudan",6/15/2026,"Harambee Africa International Foundation has announced the 11th edition of the International Award “Conveying Africa – Telling the Africa that Surprises,” aimed at promoting an authentic narrative that reflects the complexity, vitality, and transformative energy of the African continent.","Entrepreneurship, Community Development, Economic Development, Education, Energy, Health, Health care, Individuals, Innovation, Social Service, Sustainable Development",https://www.harambeeafricaward.org/bando
Interledger Fellowship Program 2026,Fellowship,"Afghanistan, Aland Islands, Albania, Algeria, American Samoa, Andorra, Angola, Anguilla, Antarctica, Antigua and Barbuda, Argentina, Armenia, Aruba, Australia, Austria, Azerbaijan, Bahamas, Bahrain, Bangladesh, Barbados, Belarus, Belgium, Belize, Benin, Bermuda, Bhutan, Bolivia, Bosnia And Herzegovina, Botswana, Bouvet Island, Brazil, British Indian Ocean Territory, Brunei, Bulgaria, Burkina Faso, Burundi, Cambodia, Cameroon, Canada, Cape Verde, Cayman Islands, Central African Republic, Chad, Chile, China, Christmas Island, Cocos (Keeling) Islands, Colombia, Comoros, Congo (Brazzaville), Congo DR, Cook Islands, Costa Rica, Cote DIvoire (Ivory Coast), Croatia, Cyprus, Czech Republic, Denmark, Djibouti, Dominica, Dominican Republic, Ecuador, Egypt, El Salvador, Equatorial Guinea, Eritrea, Estonia, Ethiopia, Falkland Islands (Malvinas), Faroe Islands, Fiji, Finland, France, French Guiana, French Polynesia, French Southern Territories, Gabon, Gambia, Georgia, Germany, Ghana, Gibraltar, Greece, Greenland, Grenada, Guadeloupe, Guam, Guatemala, Guernsey, Guinea, Guinea-Bissau, Guyana, Haiti, Heard Island And Mcdonald Islands, Holy See (Vatican City State), Honduras, Hong Kong SAR, Hungary, Iceland, India, Indonesia, Iraq, Ireland, Isle Of Man, Israel, Italy, Jamaica, Japan, Jersey, Jordan, Kazakhstan, Kenya, Kiribati, South Korea, Kuwait, Kyrgyzstan, Laos, Latvia, Lebanon, Lesotho, Liberia, Libya, Liechtenstein, Lithuania, Luxembourg, Macau, Macedonia, Madagascar, Malawi, Malaysia, Maldives, Mali, Malta, Marshall Islands, Martinique, Mauritania, Mauritius, Mayotte, Mexico, Micronesia Federated States Of, Moldova Republic Of, Monaco, Mongolia, Montserrat, Morocco, Mozambique, Myanmar, Namibia, Nauru, Nepal, Netherlands, Netherlands Antilles, New Caledonia, New Zealand, Nicaragua, Niger, Nigeria, Niue, Norfolk Island, Northern Mariana Islands, Norway, Oman, Pakistan, Palau, Palestinian Territories, Panama, Papua New Guinea, Paraguay, Peru, Philippines, Pitcairn, Poland, Portugal, Puerto Rico, Qatar, Reunion, Romania, Rwanda, Saint Helena, Saint Kitts And Nevis, Saint Lucia, Saint Pierre And Miquelon, Saint Vincent And The Grenadines, Samoa, San Marino, Sao Tome And Principe, Saudi Arabia, Senegal, Seychelles, Sierra Leone, Singapore, Slovak Republic, Slovenia, Solomon Islands, Somalia, South Africa, South Georgia And The South Sandwich Islands, Spain, Sri Lanka, Sudan, Suriname, Svalbard And Jan Mayen, Eswatini, Sweden, Switzerland, Syria, Taiwan, Tajikistan, Tanzania, Thailand, East Timor (Timor-Leste), Togo, Tokelau, Tonga, Trinidad And Tobago, Tunisia, Turkey, Turkmenistan, Turks And Caicos Islands, Tuvalu, Uganda, Ukraine, United Arab Emirates, United Kingdom, United States, United States Minor Outlying Islands, Uruguay, Uzbekistan, Vanuatu, Vietnam, British Virgin Islands, United States Virgin Islands, Wallis And Futuna, Western Sahara, Yemen, Zambia, Zimbabwe, Montenegro, Saint BarthÃ©lemy, Serbia, Kosovo, South Sudan , CuraÃ§ao, Bonaire Sint Eustatius and Saba, Saint Martin (French Part), Sint Maarten (Dutch Part)",6/15/2026,The Interledger Foundation invites applications for its 2026 Fellowship Program to support individuals working to remove barriers to digital financial access and inclusion worldwide.,"Accounts and Finance, Capacity Building, Individuals",https://interledger.org/grant/ambassadors
2026 UNESCO Sultan Qaboos Prize for Environmental Conservation,"Awards, Prizes and Challenges","Afghanistan, Aland Islands, Albania, Algeria, Andorra, Angola, Anguilla, Antigua and Barbuda, Argentina, Armenia, Aruba, Australia, Austria, Azerbaijan, Bahamas, Bahrain, Bangladesh, Barbados, Belarus, Belgium, Belize, Benin, Bhutan, Bolivia, Bosnia And Herzegovina, Botswana, Brazil, Brunei, Bulgaria, Burkina Faso, Burundi, Cambodia, Cameroon, Canada, Cape Verde, Cayman Islands, Central African Republic, Chad, Chile, China, Colombia, Comoros, Congo (Brazzaville), Congo DR, Cook Islands, Costa Rica, Cote DIvoire (Ivory Coast), Croatia, Cuba, Cyprus, Czech Republic, Denmark, Djibouti, Dominica, Dominican Republic, Ecuador, Egypt, El Salvador, Equatorial Guinea, Eritrea, Estonia, Ethiopia, Faroe Islands, Fiji, Finland, France, Gabon, Gambia, Georgia, Germany, Ghana, Greece, Grenada, Guatemala, Guinea, Guinea-Bissau, Guyana, Haiti, Honduras, Hungary, Iceland, India, Indonesia, Iran, Iraq, Ireland, Italy, Jamaica, Japan, Jordan, Kazakhstan, Kenya, Kiribati, South Korea, North Korea, Kuwait, Kyrgyzstan, Laos, Latvia, Lebanon, Lesotho, Liberia, Libya, Lithuania, Luxembourg, Macau, Macedonia, Madagascar, Malawi, Malaysia, Maldives, Mali, Malta, Marshall Islands, Mauritania, Mauritius, Mexico, Micronesia Federated States Of, Moldova Republic Of, Monaco, Mongolia, Montserrat, Morocco, Mozambique, Myanmar, Namibia, Nauru, Nepal, Netherlands, New Caledonia, New Zealand, Nicaragua, Niger, Nigeria, Niue, Norway, Oman, Pakistan, Palau, Palestinian Territories, Panama, Papua New Guinea, Paraguay, Peru, Philippines, Poland, Portugal, Qatar, Romania, Russia, Rwanda, Saint Kitts And Nevis, Saint Lucia, Saint Vincent And The Grenadines, Samoa, San Marino, Sao Tome And Principe, Saudi Arabia, Senegal, Seychelles, Sierra Leone, Singapore, Slovak Republic, Slovenia, Solomon Islands, Somalia, South Africa, Spain, Sri Lanka, Sudan, Suriname, Eswatini, Sweden, Switzerland, Syria, Tajikistan, Tanzania, Thailand, East Timor (Timor-Leste), Togo, Tokelau, Tonga, Trinidad And Tobago, Tunisia, Turkey, Turkmenistan, Tuvalu, Uganda, Ukraine, United Arab Emirates, United Kingdom, Uruguay, Uzbekistan, Vanuatu, Venezuela, Vietnam, British Virgin Islands, Yemen, Zambia, Zimbabwe, Montenegro, Serbia, South Sudan , CuraÃ§ao, Sint Maarten (Dutch Part)",6/15/2026,"The UNESCO has opened nominations for the 2026 Sultan Qaboos Prize for Environmental Conservation, a prestigious biennial award sponsored by the Sultanate of Oman to recognize outstanding contributions to environmental protection and sustainable development.","Conservation, Environment, Sustainable Development",https://www.unesco.org/en/articles/applications-open-2026-unesco-sultan-qaboos-prize-environmental-conservation
Funding Available for Grassroots Human Security Projects (Uganda),Grant,Uganda,6/15/2026,"The Grant Assistance for Grassroots Human Security Projects (GGP), introduced by the Government of Japan to provide financial support to non-profit organisations for community-based development initiatives that directly benefit grassroots populations.","Agriculture Food &amp; Nutrition, Children, Disability, Education, Health, Health care, Water &amp; Sanitation, Women &amp; Gender",https://www.ug.emb-japan.go.jp/itpr_en/ggp_en.html
Promising Researcher Grant for Cancer Researchers,Grant,All Countries,6/15/2026,"The King Hussein Cancer Award invites early-career researchers from the Arab world to apply for the Promising Researcher Grant, designed to support innovative cancer research projects rooted in the region and led by emerging scientific talent.","Capacity Building, Cancer, Health, Medical Research, PhD Holder, Research",https://www.kinghusseincanceraward.jo/en/category/promising-researcher-grant
Cascador ScaleUp Programme,Events,"Angola, Benin, Botswana, Burkina Faso, Burundi, Cameroon, Cape Verde, Central African Republic, Chad, Comoros, Congo (Brazzaville), Congo DR, Cote DIvoire (Ivory Coast), Djibouti, Equatorial Guinea, Eritrea, Ethiopia, Gabon, Gambia, Ghana, Guinea, Guinea-Bissau, Kenya, Lesotho, Liberia, Madagascar, Malawi, Mali, Mauritania, Mauritius, Mozambique, Namibia, Niger, Nigeria, Reunion, Rwanda, Sao Tome And Principe, Senegal, Seychelles, Sierra Leone, Somalia, South Africa, Sudan, Eswatini, Tanzania, Togo, Uganda, Western Sahara, Zambia, Zimbabwe",6/15/2026,"The Cascador ScaleUp Programme is seeking applications to accelerate the growth of African founder-led businesses by strengthening leadership, refining strategy, and preparing companies for successful scale and capital deployment.","Business &amp; Industry, Businesses, Companies and Enterprises, Capacity Building, Leadership",https://cascador.org/apply-now/
SNF Global Center Communicator Fellowship Program,Fellowship,"Afghanistan, Albania, Algeria, American Samoa, Angola, Argentina, Armenia, Azerbaijan, Bangladesh, Belarus, Belize, Benin, Bhutan, Bolivia, Bosnia And Herzegovina, Botswana, Brazil, Bulgaria, Burkina Faso, Burundi, Cambodia, Cameroon, Cape Verde, Central African Republic, Chad, China, Colombia, Comoros, Congo (Brazzaville), Congo DR, Costa Rica, Cote DIvoire (Ivory Coast), Cuba, Djibouti, Dominica, Dominican Republic, Ecuador, Egypt, El Salvador, Equatorial Guinea, Eritrea, Ethiopia, Fiji, Gabon, Gambia, Georgia, Ghana, Greece, Grenada, Guatemala, Guinea, Guinea-Bissau, Guyana, Haiti, Honduras, India, Indonesia, Iran, Iraq, Jamaica, Jordan, Kazakhstan, Kenya, Kiribati, North Korea, Kyrgyzstan, Laos, Lebanon, Lesotho, Liberia, Libya, Macedonia, Madagascar, Malawi, Malaysia, Maldives, Mali, Marshall Islands, Mauritania, Mauritius, Mexico, Micronesia Federated States Of, Moldova Republic Of, Mongolia, Morocco, Mozambique, Myanmar, Namibia, Nepal, Nicaragua, Niger, Nigeria, Pakistan, Palau, Palestinian Territories, Papua New Guinea, Paraguay, Peru, Philippines, Russia, Rwanda, Saint Lucia, Saint Vincent And The Grenadines, Samoa, Sao Tome And Principe, Senegal, Sierra Leone, Solomon Islands, Somalia, South Africa, Sri Lanka, Sudan, Suriname, Eswatini, Syria, Tajikistan, Tanzania, Thailand, East Timor (Timor-Leste), Togo, Tonga, Tunisia, Turkey, Turkmenistan, Tuvalu, Uganda, Ukraine, Uzbekistan, Vanuatu, Vietnam, Yemen, Zambia, Zimbabwe, Montenegro, Serbia, Kosovo, South Sudan",6/15/2026,The SNF Global Center Communicators Fellowship Program is accepting applications to support communication professionals from low- and middle-income countries to advance awareness and understanding of child and adolescent mental health through impactful public communication projects.,"Children, Community Engagement, Mental Health &amp; Crisis Support, Individuals, Youth &amp; Adolescents",https://childmind.org/global/snf-global-center/fellowships/communicators-fellowship/
Open Call: Estimating the Global Burden of Diarrheal Diseases,"Awards, Prizes and Challenges","Afghanistan, Albania, Algeria, American Samoa, Angola, Argentina, Armenia, Azerbaijan, Bangladesh, Belarus, Belize, Benin, Bhutan, Bolivia, Bosnia And Herzegovina, Botswana, Brazil, Bulgaria, Burkina Faso, Burundi, Cambodia, Cameroon, Cape Verde, Central African Republic, Chad, China, Colombia, Comoros, Congo (Brazzaville), Congo DR, Costa Rica, Cote DIvoire (Ivory Coast), Cuba, Djibouti, Dominica, Dominican Republic, Ecuador, Egypt, El Salvador, Equatorial Guinea, Eritrea, Ethiopia, Fiji, Gabon, Gambia, Georgia, Ghana, Grenada, Guatemala, Guinea, Guinea-Bissau, Guyana, Haiti, Honduras, India, Indonesia, Iran, Iraq, Jamaica, Jordan, Kazakhstan, Kenya, Kiribati, South Korea, North Korea, Kyrgyzstan, Laos, Lebanon, Lesotho, Liberia, Libya, Macedonia, Madagascar, Malawi, Malaysia, Maldives, Mali, Marshall Islands, Mauritania, Mauritius, Mexico, Micronesia Federated States Of, Moldova Republic Of, Mongolia, Morocco, Mozambique, Myanmar, Namibia, Nepal, Nicaragua, Niger, Nigeria, Pakistan, Palau, Palestinian Territories, Papua New Guinea, Paraguay, Peru, Philippines, Russia, Rwanda, Saint Lucia, Saint Vincent And The Grenadines, Samoa, Sao Tome And Principe, Senegal, Sierra Leone, Solomon Islands, Somalia, South Africa, Sri Lanka, Sudan, Suriname, Eswatini, Syria, Tajikistan, Tanzania, Thailand, East Timor (Timor-Leste), Togo, Tonga, Tunisia, Turkey, Turkmenistan, Tuvalu, Uganda, Ukraine, Uzbekistan, Vanuatu, Vietnam, Yemen, Zambia, Zimbabwe, Montenegro, Serbia, Kosovo, South Sudan",6/16/2026,"The Gates Foundation has launched a funding opportunity to support independent and policy-relevant estimates of the global burden of diarrheal diseases, particularly focusing on mortality and morbidity among children under five in low- and middle-income countries (LMICs).","Business &amp; Industry, Children, Diseases, Health, Individuals",https://gcgh.grandchallenges.org/challenge/estimating-global-burden-diarrheal-diseases
Apply now for AmplifyChange Strengthening Grants for SRHR Advocacy,Grant,"Angola, Bangladesh, Benin, Bhutan, Botswana, Burkina Faso, Burundi, Cameroon, Cape Verde, Central African Republic, Chad, Comoros, Congo (Brazzaville), Congo DR, Cote DIvoire (Ivory Coast), Djibouti, Equatorial Guinea, Eritrea, Ethiopia, Gabon, Gambia, Ghana, Guinea, Guinea-Bissau, India, Kenya, Lesotho, Liberia, Madagascar, Malawi, Maldives, Mali, Mauritania, Mauritius, Mozambique, Myanmar, Namibia, Nepal, Niger, Nigeria, Pakistan, Rwanda, Sao Tome And Principe, Senegal, Sierra Leone, Somalia, South Africa, Sri Lanka, Sudan, Eswatini, Tanzania, Togo, Uganda, Zambia, Zimbabwe, South Sudan",6/16/2026,Applications are now open for the AmplifyChange Strengthening Grants to support small to medium civil society organisations working to advance sexual and reproductive health and rights (SRHR) through advocacy and organisational strengthening.,"Civil Society Development, Education, Health, Reproductive Health &amp; Family Planning, Human Rights, Violence Prevention",https://amplifychange.org/grant-type/strengthening-grant/
"Uganda Refugee Support, Empowerment and Transformation (ReSET) Project",Grant,Uganda,6/16/2026,"The Foreign, Commonwealth &amp; Development Office (FCDO) is inviting concept notes for the Uganda Refugee Support, Empowerment and Transformation (ReSET) Project to strengthen humanitarian assistance, resilience, and self-reliance among refugees and host communities in Uganda.","Agriculture Food &amp; Nutrition, Food Safety, Community Development, Climate Change, Humanitarian Relief, Livelihood, Refugee &amp; Asylum Seekers, Research, Gender Equality, Women &amp; Gender",https://www.gov.uk/international-development-funding/uganda-refugee-support-empowerment-and-transformation-reset-project-call-for-proposals
Japanese Award for Most Innovative Development Project 2026,"Awards, Prizes and Challenges","Afghanistan, Albania, Algeria, American Samoa, Angola, Argentina, Armenia, Azerbaijan, Bangladesh, Belarus, Belize, Benin, Bhutan, Bolivia, Bosnia And Herzegovina, Botswana, Brazil, Bulgaria, Burkina Faso, Burundi, Cambodia, Cameroon, Cape Verde, Central African Republic, Chad, China, Colombia, Comoros, Congo (Brazzaville), Congo DR, Costa Rica, Cote DIvoire (Ivory Coast), Cuba, Djibouti, Dominica, Dominican Republic, Ecuador, Egypt, El Salvador, Equatorial Guinea, Eritrea, Ethiopia, Fiji, Gabon, Gambia, Georgia, Ghana, Grenada, Guatemala, Guinea, Guinea-Bissau, Guyana, Haiti, Honduras, India, Indonesia, Iran, Iraq, Jamaica, Jordan, Kazakhstan, Kenya, Kiribati, North Korea, Kyrgyzstan, Laos, Lebanon, Lesotho, Liberia, Libya, Macedonia, Madagascar, Malawi, Malaysia, Maldives, Mali, Marshall Islands, Mauritania, Mauritius, Mexico, Micronesia Federated States Of, Moldova Republic Of, Mongolia, Morocco, Mozambique, Myanmar, Namibia, Nepal, Nicaragua, Niger, Nigeria, Pakistan, Palau, Palestinian Territories, Papua New Guinea, Paraguay, Peru, Philippines, Russia, Rwanda, Saint Lucia, Saint Vincent And The Grenadines, Samoa, Sao Tome And Principe, Senegal, Sierra Leone, Solomon Islands, Somalia, South Africa, Sri Lanka, Sudan, Suriname, Eswatini, Syria, Tajikistan, Tanzania, Thailand, East Timor (Timor-Leste), Togo, Tonga, Tunisia, Turkey, Turkmenistan, Tuvalu, Uganda, Ukraine, Uzbekistan, Vanuatu, Vietnam, Yemen, Zambia, Zimbabwe, Montenegro, Serbia, Kosovo, South Sudan",6/17/2026,"The Japanese Award for Most Innovative Development Project (MIDP) 2026 invites NGOs and CSOs to submit innovative, impact-driven projects that improve service delivery and support vulnerable communities in developing countries.","Community Development, Innovation, Livelihood",https://www.gdn.int/gdac/2026/midp
Nominations open for Global AgriInno Challenge 2026,"Awards, Prizes and Challenges",All Countries,6/18/2026,The Global AgriInno Challenge is seeking applications to support youth and women-led innovation by promoting digital solutions and business models that strengthen resilient agrifood systems.,"Agriculture Food &amp; Nutrition, Business &amp; Industry, Rural Development, Employment &amp; Labor, Biodiversity, Climate Change, Environment, Malnutrition, Innovation, Women &amp; Gender, Youth &amp; Adolescents",https://sti-portal.fao.org/network/group/27/about
Corporate Citizenship Awards,"Awards, Prizes and Challenges",All Countries,6/19/2026,The Citizens Awards recognize businesses that demonstrate leadership in addressing global challenges through impactful corporate citizenship initiatives.,"Community Development, Innovation, Leadership",https://www.uschamberfoundation.org/solutions/corporate-citizenship/citizens-awards
IFRA-Nairobi Fieldwork Grants for Social Science and Humanities Research,Grant,"Burundi, Congo DR, Kenya, Rwanda, Tanzania, Uganda",6/19/2026,"The IFRA-Nairobi Fieldwork Grants offer financial support to Masters, PhD, and postdoctoral students conducting research in social sciences and humanities across East Africa.","Art History and Preservation, Arts &amp; Culture, Music, Employment &amp; Labor, Individuals, PhD Holder, Students, Research, Humanities, Social Sciences",https://ifranairobi.hypotheses.org/programs
Improving Quality and Inclusive Education in Karamoja (Uganda),Grant,Uganda,6/19/2026,"The United Nations International Children’s Emergency Fund (UNICEF) is seeking a strategic implementing partner to support inclusive and quality education interventions for girls and boys in Karamoja, Uganda, through a life course approach focused on equitable learning opportunities and systems strengthening.","Children, Community Development, Early Child Development, Education, Learning",https://www.unpartnerportal.org/landing/opportunities/
Spaces of Culture 2026,Grant,"Angola, Benin, Botswana, Burkina Faso, Burundi, Cameroon, Cape Verde, Central African Republic, Chad, Comoros, Congo (Brazzaville), Congo DR, Cote DIvoire (Ivory Coast), Djibouti, Equatorial Guinea, Eritrea, Ethiopia, Gabon, Gambia, Ghana, Guinea, Guinea-Bissau, Kenya, Lesotho, Liberia, Madagascar, Malawi, Mali, Mauritania, Mauritius, Mozambique, Namibia, Niger, Nigeria, Rwanda, Sao Tome And Principe, Senegal, Seychelles, Sierra Leone, Somalia, South Africa, Sudan, Eswatini, Tanzania, Togo, Uganda, Zambia, Zimbabwe, South Sudan",6/21/2026,"The EU National Institutes for Culture (EUNIC) has launched the second Spaces of Culture call for proposals, inviting innovative cultural relations projects to be implemented across Sub-Saharan Africa.","Art History and Preservation, Arts &amp; Culture, Capacity Building, Education, Human Rights, Innovation, Sports &amp; Recreation, Tourism &amp; Travel, Youth &amp; Adolescents",https://eunic.eu/news/spaces-of-culture-2026
Forest Conservation Fund Grant Opportunity,Grant,All Countries,6/21/2026,"The Forest Conservation Fund (FCF) provides financial support to eligible organisations and individuals engaged in the protection, management, and restoration of natural forest areas through community-driven and conservation-focused initiatives.","Business &amp; Industry, Community Engagement, Conservation, Individuals",https://www.fundforests.org/for-applicants
JournalismAI Skills Lab,Training,"Albania, Algeria, American Samoa, Andorra, Angola, Antigua and Barbuda, Argentina, Armenia, Australia, Austria, Azerbaijan, Bahamas, Bahrain, Bangladesh, Barbados, Belarus, Belgium, Belize, Benin, Bolivia, Bosnia And Herzegovina, Botswana, Brazil, Brunei, Bulgaria, Burkina Faso, Burundi, Cambodia, Cameroon, Canada, Cape Verde, Central African Republic, Chad, Chile, China, Colombia, Comoros, Congo (Brazzaville), Congo DR, Cook Islands, Costa Rica, Cote DIvoire (Ivory Coast), Croatia, Cuba, Cyprus, Czech Republic, Denmark, Djibouti, Dominica, Dominican Republic, Ecuador, Egypt, Equatorial Guinea, Eritrea, Estonia, Ethiopia, Fiji, Finland, France, French Polynesia, Gabon, Gambia, Georgia, Germany, Ghana, Greece, Grenada, Guam, Guatemala, Guinea, Guinea-Bissau, Guyana, Haiti, Holy See (Vatican City State), Honduras, Hong Kong SAR, Hungary, Iceland, India, Indonesia, Iran, Iraq, Ireland, Israel, Italy, Jamaica, Japan, Jordan, Kenya, Kiribati, South Korea, North Korea, Kuwait, Laos, Latvia, Lebanon, Lesotho, Liberia, Libya, Liechtenstein, Lithuania, Luxembourg, Macau, Macedonia, Madagascar, Malawi, Malaysia, Maldives, Mali, Malta, Marshall Islands, Mauritania, Mauritius, Mayotte, Mexico, Micronesia Federated States Of, Moldova Republic Of, Monaco, Mongolia, Morocco, Mozambique, Myanmar, Namibia, Nauru, Nepal, Netherlands, New Caledonia, New Zealand, Nicaragua, Niger, Nigeria, Niue, Northern Mariana Islands, Norway, Oman, Pakistan, Palau, Palestinian Territories, Panama, Papua New Guinea, Paraguay, Peru, Philippines, Poland, Portugal, Qatar, Reunion, Romania, Russia, Rwanda, Saint Helena, Saint Kitts And Nevis, Saint Lucia, Saint Vincent And The Grenadines, Samoa, San Marino, Sao Tome And Principe, Saudi Arabia, Senegal, Seychelles, Sierra Leone, Singapore, Slovak Republic, Slovenia, Solomon Islands, Somalia, South Africa, Spain, Sri Lanka, Sudan, Suriname, Eswatini, Sweden, Switzerland, Syria, Taiwan, Tanzania, Thailand, Togo, Tokelau, Tonga, Trinidad And Tobago, Tunisia, Tuvalu, Uganda, Ukraine, United Arab Emirates, United Kingdom, United States, Uruguay, Vanuatu, Venezuela, Vietnam, Wallis And Futuna, Western Sahara, Yemen, Zambia, Zimbabwe, Montenegro, Kosovo, South Sudan",6/21/2026,"The JournalismAI Skills Lab is a free, 14-week virtual programme designed to help journalism professionals learn how to practically implement large language models, generative AI, and AI agents in their work.","Learning, Individuals, Journalists, Artificial Intelligence, Innovation, Journalism",https://www.journalismai.info/programmes/skillslab
Call for EOIs: Education Access and Retention Support Programme (Uganda),Grant,Uganda,6/21/2026,"The United Nations International Children’s Emergency Fund is inviting grant applications to support initiatives to improve access, retention, and completion of primary education for vulnerable learners while strengthening foundational learning outcomes in Uganda.","Children, Capacity Building, Community Engagement, Disability, Education, Learning, Psychosocial Support, Refugee &amp; Asylum Seekers",https://www.unpartnerportal.org/landing/opportunities/
Open Call for Art Residency Disappearing Landscape Program,Events,All Countries,6/21/2026,"The Disappearing Landscape Art Residency invites artists and creative practitioners to explore environmental change, disappearing landscapes, and the relationship between culture, community, and activism in the High Tatras region of Slovakia.","Animals &amp; Wildlife, Habitat, Arts &amp; Culture, Music, Community Development, Environment, Artists, Individuals, Storytelling, Youth &amp; Adolescents",https://www.machaon.eu/en/news/disappearing-landscape-2026-open-call
Next Generation Resource Governance Leaders Program,Events,"Algeria, Angola, Benin, Botswana, Burkina Faso, Burundi, Cameroon, Cape Verde, Central African Republic, Chad, Comoros, Congo (Brazzaville), Congo DR, Cote DIvoire (Ivory Coast), Djibouti, Egypt, Equatorial Guinea, Eritrea, Ethiopia, Gabon, Gambia, Ghana, Guinea, Guinea-Bissau, Kenya, Lesotho, Liberia, Libya, Madagascar, Malawi, Mali, Mauritania, Mauritius, Mayotte, Morocco, Mozambique, Namibia, Niger, Nigeria, Reunion, Rwanda, Saint Helena, Sao Tome And Principe, Senegal, Seychelles, Sierra Leone, Somalia, South Africa, Sudan, Eswatini, Tanzania, Togo, Tunisia, Uganda, Western Sahara, Zambia, Zimbabwe, South Sudan",6/21/2026,"The Next Generation Resource Governance Leaders Program is an internship initiative designed to develop young pan-African professionals by combining theoretical learning with practical experience in governance, policy, and resource management, with a focus on building leadership capacity for sustainable development across Africa.","Capacity Building, Democracy &amp; Good Governance, Individuals, Leadership, Sustainable Development",https://acep.africa/nextgen11/
Call for EOIs: Waste Management Infrastructure Feasibility and Engineering Services (Uganda),Grant,Uganda,6/22/2026,"The United Nations Development Programme is seeking applications to support the development of sustainable waste management infrastructure in Masaka through comprehensive engineering, environmental, and social assessments.","Business &amp; Industry, Capacity Building, Community Engagement, Infrastructure, Climate Change, Environment, Recycling, Health, Health care",https://procurement-notices.undp.org/view_negotiation.cfm?nego_id=46341
Nominations Open: Scroll of Honour Award for Sustainable Urban Development,"Awards, Prizes and Challenges",All Countries,6/23/2026,"The UN-Habitat has opened nominations for the 2026 Scroll of Honour Award to recognize individuals, organizations, institutions, and initiatives that have made outstanding contributions to adequate housing and sustainable urban development in line with Sustainable Development Goal 11 on Sustainable Cities and Communities.","Urban Development, Housing &amp; Shelter, Individuals, Sustainable Development",https://unhabitat.org/news/11-may-2026/un-habitat-opens-nominations-for-2026-scroll-of-honour-award
Apply now for Shanghai Award for Sustainable Urban Development,"Awards, Prizes and Challenges",All Countries,6/25/2026,The Global Award for Sustainable Development in Cities (Shanghai Award) is a global initiative jointly led by UN-Habitat and China to recognize cities that demonstrate outstanding progress in advancing sustainable urban development.,"Urban Development, Housing &amp; Shelter, Sustainable Development",https://www.shanghaiaward.org/
Climate Democracy Accelerator Programme,Training,All Countries,6/26/2026,The Climate Democracy Accelerator is a six-month programme designed to support government and civil society leaders in developing participatory climate action initiatives focused on inclusive and community-driven climate policy solutions.,"Agriculture Food &amp; Nutrition, Farming, Community Development, Democracy &amp; Good Governance, Climate Change, Energy, Recycling, Water",https://www.peoplepowered.org/climate-democracy-accelerator
WISE Prize for Education Supporting Global Education Innovations,"Awards, Prizes and Challenges",All Countries,6/27/2026,"The WISE Prize for Education is a global award program that identifies outstanding education innovations and provides funding, mentorship, and development support to help impactful solutions reach scale.","Business &amp; Industry, Education, Learning, Health, Mental Health &amp; Crisis Support, Innovation",https://www.wise-qatar.org/app/uploads/2026/05/wise_prize_for_education_2026_2027-final.html
Watson Institute Flagship Fellowship for Impact Entrepreneurs,Fellowship,All Countries,6/28/2026,"The Watson Institute Flagship Fellowship empowers impact-driven entrepreneurs through a fully-funded program designed to strengthen leadership, scale ventures, and build global connections.","Business &amp; Industry, Entrepreneurship, Learning, Individuals, Leadership",https://watson.is/flagship-fellowship/
Nominations open for GoGettaz Agripreneur Prize Competition 2026,"Awards, Prizes and Challenges","Algeria, Angola, Benin, Botswana, Burkina Faso, Burundi, Cameroon, Cape Verde, Central African Republic, Chad, Comoros, Congo (Brazzaville), Congo DR, Cote DIvoire (Ivory Coast), Djibouti, Egypt, Equatorial Guinea, Eritrea, Ethiopia, Gabon, Gambia, Ghana, Guinea, Guinea-Bissau, Kenya, Lesotho, Liberia, Libya, Madagascar, Malawi, Mali, Mauritania, Mauritius, Morocco, Mozambique, Namibia, Niger, Nigeria, Rwanda, Sao Tome And Principe, Senegal, Seychelles, Sierra Leone, Somalia, South Africa, Sudan, Eswatini, Tanzania, Togo, Tunisia, Uganda, Western Sahara, Zambia, Zimbabwe, South Sudan",6/28/2026,The GoGettaz Agripreneur Prize Competition is inviting applications to support and showcase young African agripreneurs developing innovative and impactful solutions across the food and agribusiness sector.,"Agriculture Food &amp; Nutrition, Food Safety, Business &amp; Industry, Entrepreneurship, Employment &amp; Labor, Climate Change, Innovation, Logistics, Technology, Youth &amp; Adolescents",https://gogettazafrica.com/
WeWork Green and Decent Jobs for Youth Programme (Uganda),Training,Uganda,6/28/2026,"The WeWork – Green and Decent Jobs for Youth programme supports youth-led businesses in the green and circular economy through incubation, financing, and technical assistance.","Agriculture Food &amp; Nutrition, Business &amp; Industry, Entrepreneurship, Employment &amp; Labor, Energy, Recycling, Entrepreneurs, Water &amp; Sanitation, Youth &amp; Adolescents",https://starthubafrica.org/portfolio/wework/
Physician Scientist Training Grant,Grant,"Afghanistan, Aland Islands, Albania, Algeria, American Samoa, Andorra, Angola, Anguilla, Antarctica, Antigua and Barbuda, Argentina, Armenia, Aruba, Australia, Austria, Azerbaijan, Bahamas, Bahrain, Bangladesh, Barbados, Belarus, Belgium, Belize, Benin, Bermuda, Bhutan, Bolivia, Bosnia And Herzegovina, Botswana, Bouvet Island, Brazil, British Indian Ocean Territory, Brunei, Bulgaria, Burkina Faso, Burundi, Cambodia, Cameroon, Canada, Cape Verde, Cayman Islands, Central African Republic, Chad, Chile, China, Christmas Island, Cocos (Keeling) Islands, Colombia, Comoros, Congo (Brazzaville), Congo DR, Cook Islands, Costa Rica, Cote DIvoire (Ivory Coast), Croatia, Cyprus, Czech Republic, Denmark, Djibouti, Dominica, Dominican Republic, Ecuador, Egypt, El Salvador, Equatorial Guinea, Eritrea, Estonia, Ethiopia, Falkland Islands (Malvinas), Faroe Islands, Fiji, Finland, France, French Guiana, French Polynesia, French Southern Territories, Gabon, Gambia, Georgia, Germany, Ghana, Gibraltar, Greece, Greenland, Grenada, Guadeloupe, Guam, Guatemala, Guernsey, Guinea, Guinea-Bissau, Guyana, Haiti, Heard Island And Mcdonald Islands, Holy See (Vatican City State), Honduras, Hong Kong SAR, Hungary, Iceland, India, Indonesia, Iraq, Ireland, Isle Of Man, Israel, Italy, Jamaica, Japan, Jersey, Jordan, Kazakhstan, Kenya, Kiribati, South Korea, Kuwait, Kyrgyzstan, Laos, Latvia, Lebanon, Lesotho, Liberia, Libya, Liechtenstein, Lithuania, Luxembourg, Macau, Macedonia, Madagascar, Malawi, Malaysia, Maldives, Mali, Malta, Marshall Islands, Martinique, Mauritania, Mauritius, Mayotte, Mexico, Micronesia Federated States Of, Moldova Republic Of, Monaco, Mongolia, Montserrat, Morocco, Mozambique, Myanmar, Namibia, Nauru, Nepal, Netherlands, Netherlands Antilles, New Caledonia, New Zealand, Nicaragua, Niger, Nigeria, Niue, Norfolk Island, Northern Mariana Islands, Norway, Oman, Pakistan, Palau, Palestinian Territories, Panama, Papua New Guinea, Paraguay, Peru, Philippines, Pitcairn, Poland, Portugal, Puerto Rico, Qatar, Reunion, Romania, Rwanda, Saint Helena, Saint Kitts And Nevis, Saint Lucia, Saint Pierre And Miquelon, Saint Vincent And The Grenadines, Samoa, San Marino, Sao Tome And Principe, Saudi Arabia, Senegal, Seychelles, Sierra Leone, Singapore, Slovak Republic, Slovenia, Solomon Islands, Somalia, South Africa, South Georgia And The South Sandwich Islands, Spain, Sri Lanka, Sudan, Suriname, Svalbard And Jan Mayen, Eswatini, Sweden, Switzerland, Syria, Taiwan, Tajikistan, Tanzania, Thailand, East Timor (Timor-Leste), Togo, Tokelau, Tonga, Trinidad And Tobago, Tunisia, Turkey, Turkmenistan, Turks And Caicos Islands, Tuvalu, Uganda, Ukraine, United Arab Emirates, United Kingdom, United States, United States Minor Outlying Islands, Uruguay, Uzbekistan, Vanuatu, Vietnam, British Virgin Islands, United States Virgin Islands, Wallis And Futuna, Western Sahara, Yemen, Zambia, Zimbabwe, Montenegro, Saint BarthÃ©lemy, Serbia, Kosovo, South Sudan , CuraÃ§ao, Bonaire Sint Eustatius and Saba, Saint Martin (French Part), Sint Maarten (Dutch Part)",6/29/2026,The Physician Scientist Training Grant supports early-career physician-scientists in sleep and circadian science research by providing protected time for mentored research projects and career development.,"Career Development, Individuals, Medical Research, Research, Science",https://foundation.aasm.org/physician-scientist-training-award/
Open Call: AU-EU Grants for Youth Participation and Inclusion,Grant,"Belgium, Burkina Faso, Burundi, Cameroon, Ghana, Kenya, Nigeria, Senegal, Sierra Leone, Tanzania, Tunisia, Uganda, Zambia, Zimbabwe, South Sudan",6/29/2026,The AU-EU Youth Voices Third-Party Funding Mechanism provides financial support to youth-led groups to implement innovative initiatives that address the needs of young people and strengthen communities across Africa and Europe.,"Community Development, Education, Employment &amp; Labor, Climate Change, Peace &amp; Conflict Resolution, Research, Gender Equality, Youth &amp; Adolescents",https://aueuyouthvoiceslab.eu/grants/
MARS Awards in Africa,"Awards, Prizes and Challenges","Algeria, Angola, Benin, Botswana, Burkina Faso, Burundi, Cameroon, Cape Verde, Central African Republic, Chad, Comoros, Congo (Brazzaville), Congo DR, Cote DIvoire (Ivory Coast), Djibouti, Egypt, Equatorial Guinea, Eritrea, Ethiopia, Gabon, Gambia, Ghana, Guinea, Guinea-Bissau, Kenya, Lesotho, Liberia, Libya, Madagascar, Malawi, Mali, Mauritania, Mauritius, Mayotte, Morocco, Mozambique, Namibia, Niger, Nigeria, Reunion, Rwanda, Saint Helena, Sao Tome And Principe, Senegal, Seychelles, Sierra Leone, Somalia, South Africa, Sudan, Swaziland, Tanzania, Togo, Tunisia, Uganda, Western Sahara, Zambia, Zimbabwe, South Sudan",6/30/2026,Entries are now open for the MARS Awards to contribute to building research capacity in the African Research Community.,"Capacity Building, Health, Health care, Reproductive Health &amp; Family Planning, , Individuals, Students, Women and Girls, Youth, Research, Science, Sustainable Development, Women &amp; Gender",https://merck-foundation.com/merckfoundation/public/uploads/news_and_applications/1762154884_9de5536b0f76e9fe811b.pdf
Entries open for Frontiers of Knowledge Awards (19th Edition),"Awards, Prizes and Challenges",All Countries,6/30/2026,"Applications are now open or the nineteenth edition of Frontiers of Knowledge Awards to recognize and reward world-class research and artistic creation, prizing contributions of singu­lar impact for their originality and significance.","Arts &amp; Culture, Music, Education, Climate Change, Environment, Individuals, Research, Science, Technology, Humanities, Social Sciences",https://www.frontiersofknowledgeawards-fbbva.es/conditions/
Africa Sustainable Futures Awards,"Awards, Prizes and Challenges","Algeria, Angola, Benin, Botswana, Burkina Faso, Burundi, Cameroon, Cape Verde, Central African Republic, Chad, Comoros, Congo (Brazzaville), Congo DR, Cote DIvoire (Ivory Coast), Djibouti, Egypt, Equatorial Guinea, Eritrea, Ethiopia, Gabon, Gambia, Ghana, Guinea, Guinea-Bissau, Kenya, Lesotho, Liberia, Libya, Madagascar, Malawi, Mali, Mauritania, Mauritius, Mayotte, Morocco, Mozambique, Namibia, Niger, Nigeria, Reunion, Rwanda, Saint Helena, Sao Tome And Principe, Senegal, Seychelles, Sierra Leone, Somalia, South Africa, Sudan, Eswatini, Tanzania, Togo, Tunisia, Uganda, Western Sahara, Zambia, Zimbabwe, South Sudan",6/30/2026,The Africa Sustainable Futures Awards 2026 is an annual program that recognizes and promotes private sector-led solutions addressing key development challenges across Africa.,"Business &amp; Industry, Infrastructure, Employment &amp; Labor, Innovation, Manufacturing",https://www.miga.org/press-release/financial-times-miga-launch-3rd-africa-sustainable-futures-awards
Nominations open for AL-Sumait Prize for African Development,"Awards, Prizes and Challenges","Algeria, Angola, Benin, Botswana, Burkina Faso, Burundi, Cameroon, Cape Verde, Central African Republic, Chad, Comoros, Congo (Brazzaville), Congo DR, Cote DIvoire (Ivory Coast), Djibouti, Egypt, Equatorial Guinea, Eritrea, Ethiopia, Gabon, Gambia, Ghana, Guinea, Guinea-Bissau, Kenya, Lesotho, Liberia, Libya, Madagascar, Malawi, Mali, Mauritania, Mauritius, Mayotte, Morocco, Mozambique, Namibia, Niger, Nigeria, Reunion, Rwanda, Saint Helena, Sao Tome And Principe, Senegal, Seychelles, Sierra Leone, Somalia, South Africa, Sudan, Eswatini, Tanzania, Togo, Tunisia, Uganda, Western Sahara, Zambia, Zimbabwe, South Sudan",6/30/2026,The AL-Sumait Prize recognizes individuals and institutions making significant contributions to sustainable development across Africa through impactful research and innovative initiatives.,"Innovation, Research, Sustainable Development",https://www.alsumaitprize.org/nominations/
Africa Fellows in Education Program,Fellowship,"Angola, Benin, Botswana, Burkina Faso, Burundi, Cameroon, Cape Verde, Central African Republic, Chad, Comoros, Congo (Brazzaville), Congo DR, Cote DIvoire (Ivory Coast), Djibouti, Equatorial Guinea, Eritrea, Ethiopia, Gabon, Gambia, Ghana, Guinea, Guinea-Bissau, Kenya, Lesotho, Liberia, Madagascar, Malawi, Mali, Mauritania, Mauritius, Mozambique, Namibia, Niger, Nigeria, Reunion, Rwanda, Sao Tome And Principe, Senegal, Seychelles, Sierra Leone, Somalia, South Africa, Sudan, Eswatini, Tanzania, Togo, Uganda, Western Sahara, Zambia, Zimbabwe",6/30/2026,"The Africa Fellows in Education Program offers two-year, fully supported research fellowships for young African researchers to build expertise in education policy and evidence-based decision-making.","Capacity Building, Education, PhD Holder, Researchers, Research",https://www.pep-net.org/news/call-applications-africa-fellows-education-program-20262027
"Open Call: Growth, Engagement and Resources Grant Program",Grant,All Countries,6/30/2026,"The Growth, Engagement and Resources (GEAR) grant offered by the East Coast Zoological Foundation supports conservation-focused organizations by funding essential operational needs for in-situ fieldwork.","Education, Conservation, Housing &amp; Shelter, Tourism &amp; Travel",https://brevardzoo.org/conservation/grants/
Open Call: Kenneth C. Frazier Award for Maternal Health Equity,"Awards, Prizes and Challenges",All Countries,6/30/2026,Applications open for Kenneth C. Frazier Award for Maternal Health Equity recognizes organizations working to improve maternal health outcomes and advance equitable access to quality maternity care for women and communities around the world.,"Community Development, Health, Women &amp; Gender",https://www.msdformothers.com/frazier-award.html
ONE World Sustainability Awards for Industrial Innovators,"Awards, Prizes and Challenges",All Countries,6/30/2026,"The United Nations Industrial Development Organization (UNIDO) has opened applications for the ONE World Sustainability Awards 2026, a prestigious global initiative that recognises and promotes ground-breaking contributions to sustainable industrial development worldwide.","Business &amp; Industry, Startups, Innovation, Sustainable Development, Women &amp; Gender",https://www.unido.org/oneworld-sustainability-awards
FIMI’s Ayni Fund for Indigenous Women’s Organizations,Grant,All Countries,6/30/2026,"The International Indigenous Women’s Forum (FIMI) has launched the 2026 Call for Proposals under its Ayni Fund to support Indigenous Women’s organizations, communities, associations, groups, and networks working to advance the rights and well-being of Indigenous Women worldwide.","Arts &amp; Culture, Community Development, Economic Development, Climate Change, Health, Indigenous Communities, Sports &amp; Recreation, Women &amp; Gender",https://fimi-iiwf.org/en/convocatorias/ayni-call-for-proposals-2026/
SAFEStart+ Project Small Grants 2026 (Uganda),Grant,Uganda,6/30/2026,"The International Community of Women living with HIV Eastern Africa (ICWEA), in partnership with PATH and the World Hepatitis Alliance (WHA), has launched a call for applications to support community-led organizations in Uganda through the SAFEStart+ Project Small Grants Scheme.","Capacity Building, Community Development, Health, HIV/AIDS",https://www.worldhepatitisalliance.org/news/safestart-uganda/
SparkChange Programme (Uganda and Tanzania),Training,"Tanzania, Uganda",6/30/2026,The DW Akademie is seeking committed community champions from rural and peri-urban areas in Uganda and Tanzania who have a strong idea for expanding their impact.,"Capacity Building, Individuals, Leadership, Women &amp; Gender, Youth &amp; Adolescents",https://akademie.dw.com/en/uganda-tanzania-apply-now-for-sparkchange/a-77429906
“Home Grown” Exhibition Call by The Starving Artist,Events,All Countries,6/30/2026,"The “Home Grown” exhibition and publication, organized by The Starving Artist, invites artists, writers, and creative practitioners to explore the complex relationships between food, land, labour, memory, identity, and community through artistic expression.","Agriculture Food &amp; Nutrition, Farming, Exhibition, Community Development, Artists, Individuals, Publications",https://starvingartist.cargo.site/homegrow
Apply now for Lisle Global Seed Grants for Intercultural Projects,Grant,All Countries,6/30/2026,"The Lisle Global Seed Grants provide funding support for innovative intercultural initiatives that foster meaningful dialogue, collaboration, and learning among diverse communities worldwide.","Community Development, Learning, Innovation",https://lisleinternational.org/global-seed-grants/apply/
Creative Quotation Submission Opportunity for Inclusion-Themed Exhibition 2027,Events,All Countries,7/1/2026,Applications are now open for the Inclusion-Themed Exhibition to submit original quotations that will accompany large-scale artworks in a renowned public exhibition celebrating diversity and inclusion.,"Arts &amp; Culture, Exhibition, Community Development, Individuals, Students",https://www.embracingourdifferences.org/submit-a-quotation-2027-exhibition/
Open Call: Global Good Fund Fellowship 2027,Fellowship,All Countries,7/1/2026,"The Global Good Fund is inviting applications for its Fellowship 2027, a leadership development program designed to support social entrepreneurs and leaders working to address pressing social and environmental challenges around the world.","Social Entrepreneurship, Capacity Building, Environment, Leadership",https://globalgoodfund.submittable.com/submit/1bc276c4-8241-42fa-a0f1-ee251dfd0772/the-global-good-fund-fellowship-2027?_gl=1*fxgm15*_gcl_au*NTAwMTcxNjYwLjE3NzkxMDMxNTU.*_ga*MTU5MDYzMTE3MS4xNzc5MTAzMTU1*_ga_QXWQ6BXWVE*czE3ODAzODA3NTYkbzMkZzAkdDE3ODAzODA3ODkkajI3JGwwJGgw
Advanced Postdoctoral Fellowship Program,Fellowship,All Countries,7/2/2026,The Advanced Postdoctoral Fellowship program offers funding and research training opportunities for promising health scientists pursuing careers in diabetes-related research.,"Career Development, Equipment, Diseases, Health, , Research",https://www.breakthrought1d.org/explore-research/funding-opportunities/
Breakthrough T1D Career Development Award for Researchers,"Awards, Prizes and Challenges",All Countries,7/2/2026,The Breakthrough T1D Career Development Award is offering applications to support early-career researchers working to advance innovative type 1 diabetes research and strengthen translational connections between laboratory discoveries and clinical applications.,"Career Development, Diseases, PhD Holder, Researchers, Innovation, Research",https://www.breakthrought1d.org/explore-research/funding-opportunities/
Hubert H. Humphrey Fellowship Program (Uganda),Fellowship,Uganda,7/2/2026,"The U.S. Embassy in Uganda is inviting applications for the Hubert H. Humphrey Fellowship Program 2027–2028, a Fulbright exchange initiative designed for experienced professionals seeking leadership development and professional collaboration opportunities in the United States.","Education, Leadership",https://ug.usembassy.gov/hubert-humphrey-fellowship-program-2027-2028/
RFPs: Community-Driven Environmental and Sustainable Development Initiatives (Uganda),Grant,Uganda,7/2/2026,"The Global Environment Facility Small Grants Programme (GEF-SGP), implemented by UNDP Uganda, is inviting eligible community-based organizations, civil society organizations, and non-governmental organizations to submit proposals for community-led initiatives that address environmental challenges while improving livelihoods and generating global environmental benefits.","Agriculture Food &amp; Nutrition, Food Safety, Fisheries, Civil Society Development, Community Development, Climate Change, Conservation, Environment, Natural Resources, Innovation, Livelihood",https://www.undp.org/uganda/publications/call-proposals-community-driven-environmental-and-sustainable-development-initiatives-under-gef-sgp-op8
Power of Diversity Grants 2026,Grant,"Colombia, Kenya, Nigeria, Tanzania, Uganda, Zambia",7/3/2026,"The Power of Diversity Funding Facility has launched the Power of Diversity Grants 2026, a EUR 2.2 million grant programme to support projects that strengthen opportunity crop value chains in Kenya, Nigeria, Zambia, Tanzania, Uganda and Colombia.","Agriculture Food &amp; Nutrition, Community Development, Climate Change, Environment",https://www.croptrust.org/news-events/news/power-of-diversity-grants/
Meaningful Business 100 (MB100) Award Programme 2026,"Awards, Prizes and Challenges",All Countries,7/3/2026,"The 2026 Meaningful Business 100 (MB100) Award Programme is now open for nominations, recognising leaders from across the world who are successfully combining profit and purpose to create measurable social and environmental impact aligned with the Sustainable Development Goals (SDGs).","Business &amp; Industry, Entrepreneurship, Capacity Building, Environment, Artificial Intelligence, Information Technology, Innovation, Leadership",https://meaningful.business/mb100-2026/
Apply Now for Save Our Seas Foundation Small Grants Program,Grant,All Countries,7/3/2026,"The Save Our Seas Foundation is offering Small Grants to support early-career professionals working on marine conservation, research, and education projects focused on sharks, rays, and related species worldwide.","Marine, Education, Ocean Conservation, Individuals, Research",https://saveourseas.com/grants/funding-applications/small-grants/
Applications Open: Community Grants for HIV Support and Inclusion,Grant,"Bangladesh, Ghana, Pakistan, Philippines, Senegal, Somalia, Uganda, South Sudan",7/5/2026,"The Positive Action has announced funding opportunities for community-led and community-based organisations working to eliminate AIDS, support people living with HIV, and reduce stigma and discrimination through locally driven interventions.","Community Development, HIV/AIDS, LGBTQ",https://viivhealthcare.com/hiv-community-engagement/positive-action/funding-opportunities/
2026 Direct Submission Award for Community Empowerment,"Awards, Prizes and Challenges","Afghanistan, Aland Islands, Albania, Algeria, American Samoa, Andorra, Angola, Anguilla, Antarctica, Antigua and Barbuda, Argentina, Armenia, Aruba, Australia, Austria, Azerbaijan, Bahamas, Bahrain, Bangladesh, Barbados, Belarus, Belgium, Belize, Benin, Bermuda, Bhutan, Bolivia, Bosnia And Herzegovina, Botswana, Bouvet Island, Brazil, British Indian Ocean Territory, Brunei, Bulgaria, Burkina Faso, Burundi, Cambodia, Cameroon, Canada, Cape Verde, Cayman Islands, Central African Republic, Chad, Chile, Christmas Island, Cocos (Keeling) Islands, Colombia, Comoros, Congo (Brazzaville), Congo DR, Cook Islands, Costa Rica, Cote DIvoire (Ivory Coast), Croatia, Cuba, Cyprus, Czech Republic, Denmark, Djibouti, Dominica, Dominican Republic, Ecuador, Egypt, El Salvador, Equatorial Guinea, Eritrea, Estonia, Ethiopia, Falkland Islands (Malvinas), Faroe Islands, Fiji, Finland, France, French Guiana, French Polynesia, French Southern Territories, Gabon, Gambia, Georgia, Germany, Ghana, Gibraltar, Greece, Greenland, Grenada, Guadeloupe, Guam, Guatemala, Guernsey, Guinea, Guinea-Bissau, Guyana, Haiti, Heard Island And Mcdonald Islands, Holy See (Vatican City State), Honduras, Hungary, Iceland, India, Iran, Iraq, Ireland, Isle Of Man, Israel, Italy, Jamaica, Japan, Jersey, Jordan, Kazakhstan, Kenya, Kiribati, South Korea, North Korea, Kuwait, Kyrgyzstan, Laos, Latvia, Lebanon, Lesotho, Liberia, Libya, Liechtenstein, Lithuania, Luxembourg, Macau, Macedonia, Madagascar, Malawi, Malaysia, Maldives, Mali, Malta, Marshall Islands, Martinique, Mauritania, Mauritius, Mayotte, Mexico, Micronesia Federated States Of, Moldova Republic Of, Monaco, Mongolia, Montserrat, Morocco, Mozambique, Myanmar, Namibia, Nauru, Nepal, Netherlands, Netherlands Antilles, New Caledonia, New Zealand, Nicaragua, Niger, Nigeria, Niue, Norfolk Island, Northern Mariana Islands, Norway, Oman, Pakistan, Palau, Palestinian Territories, Panama, Papua New Guinea, Paraguay, Peru, Pitcairn, Poland, Portugal, Puerto Rico, Qatar, Reunion, Romania, Russia, Rwanda, Saint Helena, Saint Kitts And Nevis, Saint Lucia, Saint Pierre And Miquelon, Saint Vincent And The Grenadines, Samoa, San Marino, Sao Tome And Principe, Saudi Arabia, Senegal, Seychelles, Sierra Leone, Slovak Republic, Slovenia, Solomon Islands, Somalia, South Africa, South Georgia And The South Sandwich Islands, Spain, Sri Lanka, Sudan, Suriname, Svalbard And Jan Mayen, Eswatini, Sweden, Switzerland, Syria, Taiwan, Tajikistan, Tanzania, East Timor (Timor-Leste), Togo, Tokelau, Tonga, Trinidad And Tobago, Tunisia, Turkey, Turkmenistan, Turks And Caicos Islands, Tuvalu, Uganda, Ukraine, United Arab Emirates, United Kingdom, United States, United States Minor Outlying Islands, Uruguay, Uzbekistan, Vanuatu, Venezuela, British Virgin Islands, United States Virgin Islands, Wallis And Futuna, Western Sahara, Yemen, Zambia, Zimbabwe, Montenegro, Saint BarthÃ©lemy, Serbia, Kosovo, South Sudan , CuraÃ§ao, Bonaire Sint Eustatius and Saba, Saint Martin (French Part), Sint Maarten (Dutch Part)",7/6/2026,"The Inspiring Asia Micro Film Festival 2026 Direct Submission Award for Community Empowerment invites filmmakers and changemakers from outside the regional competition countries to submit powerful micro films that highlight stories of belonging, resilience, and thriving.","Community Development, Individuals",https://inspiringasia.org/2026-otherregions/
ACET Youth Policy Lab 2026,Events,"Algeria, Angola, Benin, Botswana, Burkina Faso, Burundi, Cameroon, Cape Verde, Central African Republic, Chad, Comoros, Congo (Brazzaville), Congo DR, Cote DIvoire (Ivory Coast), Djibouti, Egypt, Equatorial Guinea, Eritrea, Ethiopia, Gabon, Gambia, Ghana, Guinea, Guinea-Bissau, Kenya, Lesotho, Liberia, Libya, Madagascar, Malawi, Mali, Mauritania, Mauritius, Mayotte, Morocco, Mozambique, Namibia, Niger, Nigeria, Reunion, Rwanda, Saint Helena, Sao Tome And Principe, Senegal, Seychelles, Sierra Leone, Somalia, South Africa, Sudan, Eswatini, Tanzania, Togo, Tunisia, Uganda, Western Sahara, Zambia, Zimbabwe, South Sudan",7/7/2026,Applications are now open for the young Africans to engage in simulated policymaking processes that strengthen governance thinking and practical problem-solving skills.,"Education, Environment, Health care, Individuals, Innovation, Leadership, Sustainable Development, Youth &amp; Adolescents",https://acetforafrica.org/youth-policy-lab/
Catapult Green Fintech Program (3rd Edition),Events,"Afghanistan, Albania, Algeria, Andorra, Angola, Antigua and Barbuda, Argentina, Armenia, Aruba, Australia, Austria, Azerbaijan, Bahamas, Bahrain, Bangladesh, Barbados, Belarus, Belgium, Belize, Benin, Bhutan, Bolivia, Bosnia And Herzegovina, Botswana, Brazil, Brunei, Bulgaria, Burkina Faso, Burundi, Cambodia, Cameroon, Canada, Cape Verde, Cayman Islands, Central African Republic, Chad, Chile, China, Colombia, Comoros, Congo (Brazzaville), Congo DR, Costa Rica, Cote DIvoire (Ivory Coast), Croatia, Cuba, Cyprus, Czech Republic, Denmark, Djibouti, Dominica, Dominican Republic, Ecuador, Egypt, El Salvador, Equatorial Guinea, Eritrea, Estonia, Ethiopia, Falkland Islands (Malvinas), Finland, France, French Guiana, Gabon, Gambia, Georgia, Germany, Ghana, Greece, Grenada, Guadeloupe, Guatemala, Guinea, Guinea-Bissau, Guyana, Haiti, Holy See (Vatican City State), Honduras, Hungary, Iceland, India, Indonesia, Iran, Iraq, Ireland, Israel, Italy, Jamaica, Japan, Jordan, Kazakhstan, Kenya, South Korea, North Korea, Kuwait, Kyrgyzstan, Laos, Latvia, Lebanon, Lesotho, Liberia, Libya, Liechtenstein, Lithuania, Luxembourg, Macedonia, Madagascar, Malawi, Malaysia, Maldives, Mali, Malta, Martinique, Mauritania, Mauritius, Mayotte, Mexico, Moldova Republic Of, Monaco, Mongolia, Morocco, Mozambique, Burma(Myanmar), Namibia, Nepal, Netherlands, Netherlands Antilles, New Zealand, Nicaragua, Niger, Nigeria, Norway, Oman, Pakistan, Palestinian Territories, Panama, Paraguay, Peru, Philippines, Poland, Portugal, Puerto Rico, Qatar, Reunion, Romania, Russia, Rwanda, Saint Helena, Saint Kitts And Nevis, Saint Lucia, Saint Vincent And The Grenadines, San Marino, Sao Tome And Principe, Saudi Arabia, Senegal, Seychelles, Sierra Leone, Singapore, Slovak Republic, Slovenia, Somalia, South Africa, Spain, Sri Lanka, Sudan, Suriname, Swaziland, Sweden, Switzerland, Syria, Tajikistan, Tanzania, Thailand, East Timor (Timor-Leste), Togo, Trinidad And Tobago, Tunisia, Turkey, Turkmenistan, Turks And Caicos Islands, Uganda, Ukraine, United Arab Emirates, United Kingdom, United States, Uruguay, Uzbekistan, Venezuela, Viet Nam, United States Virgin Islands, Western Sahara, Yemen, Zambia, Zimbabwe, Montenegro, Saint BarthÃ©lemy, Kosovo, South Sudan , Saint Martin (French Part), Sint Maarten (Dutch Part)",7/8/2026,"The LHoFT (Luxembourg House of Financial Technology) is inviting applications for the 2026 edition of Catapult: Green Fintech, a programme designed to accelerate fintech startups working in sustainable finance.","Accounts and Finance, Fintech, Business &amp; Industry, Startups, Environment, Innovation, Sustainable Development",https://lhoft.com/programs/catapult-acceleration-programs/catapult-traditional-finance/catapult-green-fintech-2026-3rd-edition/
RFAs: Partnerships for Women’s Digital Empowerment at Scale,Grant,"Angola, Benin, Botswana, Burkina Faso, Burundi, Cameroon, Cape Verde, Central African Republic, Chad, Comoros, Congo (Brazzaville), Congo DR, Cote DIvoire (Ivory Coast), Djibouti, Equatorial Guinea, Eritrea, Ethiopia, Gabon, Gambia, Ghana, Guinea, Guinea-Bissau, Kenya, Lesotho, Liberia, Madagascar, Malawi, Mali, Mauritania, Mauritius, Mozambique, Namibia, Niger, Nigeria, Reunion, Rwanda, Sao Tome And Principe, Senegal, Seychelles, Sierra Leone, Somalia, South Africa, Sudan, Eswatini, Tanzania, Togo, Uganda, Western Sahara, Zambia, Zimbabwe",7/8/2026,The SheConnects Digital Accelerator: Africa is inviting applications for Accelerator Round 2 to support organizations using digital technology and partnerships to expand women’s digital empowerment across Sub-Saharan Africa.,"Agriculture Food &amp; Nutrition, Children, Education, Health, Information Technology, Livelihood, Women &amp; Gender, Youth &amp; Adolescents",https://www.care.org/scdaccelerator/
Sir Harry Evans Global Fellowship Program,Fellowship,All Countries,7/10/2026,The Sir Harry Evans Global Fellowship offers an exceptional early career journalist the opportunity to undertake an investigative project through a nine-month fellowship with Durham University and Reuters.,"Community Engagement, Individuals, Journalists, Journalism",https://www.durham.ac.uk/sir-harry-evans-memorial-fund/global-fellowship/
Open Call for Aspire Leaders Program,Events,All Countries,7/10/2026,"The Aspire Leaders Program is a free online leadership development initiative designed for limited-income and first-generation university students and recent graduates from around the world, offering an interactive learning experience that can be managed alongside academic and professional commitments.","Learning, Leaders, Students, Leadership",https://www.aspireleaders.org/program/aspire-leaders-program/
CFPs: Research-Practice Partnership Grant for Educational Change,Grant,All Countries,7/10/2026,"The Research-Practice Partnership (RPP) Grants Program provides support to collaborative education research projects that bring together researchers, practitioners, and policymakers to generate knowledge and drive meaningful educational change.","Education, , Research",https://www.spencer.org/grant_types/research-practice-partnerships
Nominations open for 2027 Global Pluralism Award,"Awards, Prizes and Challenges",All Countries,7/10/2026,The 2027 Global Pluralism Award honors individuals and organizations worldwide that promote inclusion and protect diversity in society.,"Business &amp; Industry, Community Development, Individuals",https://award.pluralism.ca/
Digital Minds Career Development Fellowships,Fellowship,All Countries,7/10/2026,"Submissions are open for the Digital Minds Career Development Fellowships to support individuals pursuing or transitioning into careers focused on AI consciousness, sentience, moral status, welfare, and related research and policy work.","Career Development, Individuals, Researchers, Artificial Intelligence, Research, Technology",https://futureimpact.group/longview-digital-minds-career-development-fellowships
Google Data Center Community AI Fellowship Program,Fellowship,All Countries,7/12/2026,The Google Data Center Community AI Fellowship Program has announced its applications to support community leaders in using AI and technology to transform local expertise into scalable solutions that strengthen their communities.,"Community Development, Career Development, Employment &amp; Labor, Individuals, Leaders, Artificial Intelligence, Information Technology, Innovation, Leadership",https://watson.is/google-data-center-community-ai-fellowship/
"RELX Environmental Challenge for Clean Water, Sanitation and Ocean Innovation","Awards, Prizes and Challenges",All Countries,7/12/2026,The RELX Environmental Challenge 2026 invites individuals and organisations from both the not-for-profit and for-profit sectors to submit innovative early-stage projects focused on environmental sustainability and resilience.,"Community Development, Community Engagement, Environment, Individuals, Innovation, Water",https://www.relx.com/corporate-responsibility/engaging-others/relx-group-environmental-challenge#apply
Youth-Led Non Profit Innovation Award Programme,"Awards, Prizes and Challenges",All Countries,7/12/2026,Applicants are now invited applications to support youth-led non-profit organisations advancing Sustainable Development Goals and scaling their community impact.,"Innovation, Sustainable Development, Youth &amp; Adolescents",https://www.moonshotplatform.org/awards
Learning Grant for Future-Focused Education Innovators,Grant,All Countries,7/12/2026,The Moonshot Learning Award supports young innovators who are reimagining education in response to growing uncertainty about the future of learning and the evolving needs of the next generation.,"Education, Learning, Individuals, Innovation",https://www.moonshotplatform.org/awards
Moonshot Platform Idea Grant for Young Changemakers,Grant,All Countries,7/12/2026,"The Moonshot Platform Idea Award is designed to identify and support young innovators with revolutionary ideas that can improve communities, societies, and the planet while advancing the Sustainable Development Goals.","Arts &amp; Culture, Community Development, Individuals, Innovation, Leadership, Technology, Youth &amp; Adolescents",https://www.moonshotplatform.org/awards
AI for Good Grant for Ethical and Socially Responsible AI Innovation,Grant,All Countries,7/12/2026,"The Moonshot AI for Good Award supports young innovators leveraging artificial intelligence to create ethical, inclusive, and socially beneficial solutions that address challenges across society and the environment.","Community Development, Education, Environment, Health care, Individuals, Artificial Intelligence, Information Technology",https://www.moonshotplatform.org/awards
Borderless Grant for Marginalised and Displaced Communities,Grant,All Countries,7/12/2026,"The Moonshot Borderless Award supports young innovators working on solutions that address the urgent needs of marginalised, displaced, and conflict-affected communities around the world.","Community Development, Individuals, Refugee &amp; Asylum Seekers",https://www.moonshotplatform.org/awards
Nominations open for Gender Just Climate Solutions Awards 2026,"Awards, Prizes and Challenges","Afghanistan, Algeria, Angola, Antigua and Barbuda, Aruba, Bahamas, Bangladesh, Barbados, Benin, Bhutan, Botswana, Brunei, Burkina Faso, Burundi, Cambodia, Cameroon, Cape Verde, Cayman Islands, Central African Republic, Chad, China, Comoros, Congo (Brazzaville), Congo DR, Cote DIvoire (Ivory Coast), Cuba, Djibouti, Dominica, Dominican Republic, Egypt, Equatorial Guinea, Eritrea, Ethiopia, Fiji, Gabon, Gambia, Ghana, Grenada, Guadeloupe, Guinea, Guinea-Bissau, Haiti, India, Indonesia, Jamaica, Kazakhstan, Kenya, Kiribati, North Korea, Kyrgyzstan, Laos, Lesotho, Liberia, Libya, Madagascar, Malawi, Malaysia, Maldives, Mali, Marshall Islands, Martinique, Mauritania, Mauritius, Mayotte, Micronesia Federated States Of, Mongolia, Morocco, Mozambique, Myanmar, Namibia, Nauru, Nepal, Netherlands Antilles, Niger, Nigeria, Oman, Pakistan, Palau, Papua New Guinea, Philippines, Puerto Rico, Qatar, Reunion, Russia, Rwanda, Saint Helena, Saint Kitts And Nevis, Saint Lucia, Saint Vincent And The Grenadines, Samoa, Sao Tome And Principe, Senegal, Seychelles, Sierra Leone, Singapore, Solomon Islands, Somalia, South Africa, Sri Lanka, Sudan, Eswatini, Tajikistan, Tanzania, Thailand, East Timor (Timor-Leste), Togo, Tonga, Trinidad And Tobago, Tunisia, Turkey, Turkmenistan, Turks And Caicos Islands, Tuvalu, Uganda, Uzbekistan, Vanuatu, Vietnam, United States Virgin Islands, Western Sahara, Zambia, Zimbabwe, Saint BarthÃ©lemy, South Sudan , Saint Martin (French Part), Sint Maarten (Dutch Part)",7/12/2026,The Gender Just Climate Solutions Awards 2026 invite organizations and initiatives from around the world to showcase innovative approaches that advance both climate action and gender equality.,"Food Safety, Capacity Building, Learning, Climate Change, Energy, Individuals, Innovation, Water, Gender Equality",https://www.wecf.org/gender-just-climate-solutions-awards-2026-applications-now-open/
UNHCR Innovation Accelerator for Scaling Humanitarian Innovation,Training,All Countries,7/12/2026,"The UNHCR Innovation Accelerator supports the transition of proven humanitarian innovations from pilot stage to sustainable, system-level scale in order to improve protection, inclusion, and assistance for forcibly displaced and stateless people worldwide.","Business &amp; Industry, Community Development, Humanitarian Relief, Innovation, Refugee &amp; Asylum Seekers",https://www.unhcr.org/innovation/unhcr-innovation-accelerator/
American Express Leadership Academy Programme,Events,"Afghanistan, Albania, Algeria, Andorra, Angola, Armenia, Australia, Austria, Azerbaijan, Bahrain, Bangladesh, Belarus, Belgium, Benin, Bhutan, Bosnia And Herzegovina, Botswana, Brunei, Bulgaria, Burkina Faso, Burundi, Cambodia, Cameroon, Cape Verde, Central African Republic, Chad, China, Comoros, Congo (Brazzaville), Congo DR, Cote DIvoire (Ivory Coast), Croatia, Cyprus, Czech Republic, Denmark, Djibouti, Egypt, Equatorial Guinea, Eritrea, Estonia, Ethiopia, Fiji, Finland, France, Gabon, Gambia, Georgia, Germany, Ghana, Greece, Guinea, Guinea-Bissau, Holy See (Vatican City State), Hungary, Iceland, India, Indonesia, Iran, Iraq, Ireland, Israel, Italy, Japan, Jordan, Kazakhstan, Kenya, Kiribati, South Korea, North Korea, Kuwait, Kyrgyzstan, Laos, Latvia, Lebanon, Lesotho, Liberia, Libya, Liechtenstein, Lithuania, Luxembourg, Macedonia, Madagascar, Malawi, Malaysia, Maldives, Mali, Malta, Marshall Islands, Mauritania, Mauritius, Mayotte, Micronesia Federated States Of, Moldova Republic Of, Monaco, Mongolia, Morocco, Mozambique, Burma(Myanmar), Namibia, Nauru, Nepal, Netherlands, New Zealand, Niger, Nigeria, Norway, Oman, Pakistan, Palau, Palestinian Territories, Papua New Guinea, Philippines, Poland, Portugal, Qatar, Reunion, Romania, Rwanda, Saint Helena, Samoa, San Marino, Sao Tome And Principe, Saudi Arabia, Senegal, Seychelles, Sierra Leone, Singapore, Slovak Republic, Slovenia, Solomon Islands, Somalia, South Africa, Spain, Sri Lanka, Sudan, Swaziland, Sweden, Switzerland, Syria, Taiwan, Tajikistan, Tanzania, Thailand, Togo, Tonga, Tunisia, Turkmenistan, Tuvalu, Uganda, Ukraine, United Arab Emirates, United Kingdom, Uzbekistan, Vanuatu, Viet Nam, Western Sahara, Yemen, Zambia, Zimbabwe, Montenegro, Kosovo, South Sudan",7/13/2026,"The American Express Leadership Academy is a transformative programme designed to strengthen leadership capacity across the non-profit sector by equipping leaders with the skills, mindsets, and resilience needed to navigate complex challenges.","Learning, Individuals, Leadership",https://commonpurpose.org/american-express-leadership-academy
Open Call for Youth Leadership Programme,Events,"Afghanistan, Albania, Algeria, American Samoa, Angola, Argentina, Armenia, Azerbaijan, Bangladesh, Belarus, Belize, Benin, Bhutan, Bolivia, Bosnia And Herzegovina, Botswana, Brazil, Bulgaria, Burkina Faso, Burundi, Cambodia, Cameroon, Cape Verde, Central African Republic, Chad, China, Colombia, Comoros, Congo (Brazzaville), Congo DR, Costa Rica, Cote DIvoire (Ivory Coast), Cuba, Djibouti, Dominica, Dominican Republic, Ecuador, Egypt, El Salvador, Equatorial Guinea, Eritrea, Ethiopia, Fiji, Gabon, Gambia, Georgia, Ghana, Grenada, Guatemala, Guinea, Guinea-Bissau, Guyana, Haiti, Honduras, India, Indonesia, Iran, Iraq, Jamaica, Jordan, Kazakhstan, Kenya, Kiribati, North Korea, Kyrgyzstan, Laos, Lebanon, Lesotho, Liberia, Libya, Macedonia, Madagascar, Malawi, Malaysia, Maldives, Mali, Marshall Islands, Mauritania, Mauritius, Mexico, Micronesia Federated States Of, Moldova Republic Of, Mongolia, Morocco, Mozambique, Myanmar, Namibia, Nepal, Nicaragua, Niger, Nigeria, Pakistan, Palau, Palestinian Territories, Papua New Guinea, Paraguay, Peru, Philippines, Russia, Rwanda, Saint Lucia, Saint Vincent And The Grenadines, Samoa, Sao Tome And Principe, Senegal, Sierra Leone, Solomon Islands, Somalia, South Africa, Sri Lanka, Sudan, Suriname, Eswatini, Syria, Tajikistan, Tanzania, Thailand, East Timor (Timor-Leste), Togo, Tonga, Tunisia, Turkey, Turkmenistan, Tuvalu, Uganda, Ukraine, Uzbekistan, Vanuatu, Vietnam, Yemen, Zambia, Zimbabwe, Montenegro, Serbia, Kosovo, South Sudan",7/13/2026,"Applications are now open for the second cohort of the UN Food Systems Youth Leadership Programme (YLP), a global initiative led by the UN Food Systems Coordination Hub and supported by the German Federal Ministry for Economic Cooperation and Development (BMZ).","Entrepreneurship, Climate Change, Individuals, Leadership, Sustainable Development, Youth &amp; Adolescents",https://www.unfoodsystemshub.org/latest-updates/news/detail/applications-now-open-for-the-next-cohort-of-the-youth-leadership-programme/en
Pernod Ricard Scholarship,Scholarship,All Countries,7/14/2026,"The One Young World Pernod Ricard Scholarship is offering support to young leaders committed to creating safer, more inclusive, and balanced social environments while addressing the harmful impacts of excessive alcohol consumption and social isolation.","Community Development, Individuals, Leaders, Researchers, Leadership, Research, Youth &amp; Adolescents",https://www.oneyoungworld.com/scholarship/pernod-ricard-scholarship-2026
Civil Society Partnerships for Implementation of the Spotlight Initiative,Grant,"Algeria, Angola, Benin, Botswana, Burkina Faso, Burundi, Cameroon, Cape Verde, Central African Republic, Chad, Comoros, Congo (Brazzaville), Congo DR, Cote DIvoire (Ivory Coast), Djibouti, Egypt, Equatorial Guinea, Eritrea, Ethiopia, Gabon, Gambia, Ghana, Guinea, Guinea-Bissau, Kenya, Lesotho, Liberia, Libya, Madagascar, Malawi, Mali, Mauritania, Mauritius, Mayotte, Morocco, Mozambique, Namibia, Niger, Nigeria, Reunion, Rwanda, Saint Helena, Sao Tome And Principe, Senegal, Seychelles, Sierra Leone, Somalia, South Africa, Sudan, Eswatini, Tanzania, Togo, Tunisia, Uganda, Western Sahara, Zambia, Zimbabwe, South Sudan",7/14/2026,"UN Women has launched a Call for Proposals to engage civil society organizations, networks, coalitions and consortiums across Africa to implement interventions under the Spotlight Initiative Africa Regional Programme (SIARP) 2.0.","Civil Society Development, Leadership, Women &amp; Gender, Youth &amp; Adolescents",https://africa.unwomen.org/en/programme-implementation/2026/06/call-for-proposals-for-civil-society-partnerships-for-implementation-of-the-spotlight-initiative-africa-regional-programme-siarp-20
Submissions Open: Francis H. Brown African Scholarship,Scholarship,"Burundi, Djibouti, Eritrea, Ethiopia, Kenya, Rwanda, Somalia, Tanzania, Uganda, South Sudan",7/15/2026,The Leakey Foundation has announced its Francis H. Brown African Scholarship to support research and academic advancement in earth sciences and botany related to human origins by providing financial assistance to eligible East African scholars.,"Financial Assistance, Capacity Building, PhD Holder, Researchers, Students, Research, Science",https://leakeyfoundation.org/grant/francis-h-brown/
Apply for Early-Career Research Fellowship Program,Fellowship,"Algeria, Angola, Benin, Botswana, Burkina Faso, Burundi, Cameroon, Cape Verde, Central African Republic, Chad, Comoros, Congo (Brazzaville), Congo DR, Cote DIvoire (Ivory Coast), Djibouti, Egypt, Equatorial Guinea, Eritrea, Ethiopia, Gabon, Gambia, Ghana, Guinea, Guinea-Bissau, Kenya, Lesotho, Liberia, Libya, Madagascar, Malawi, Mali, Mauritania, Mauritius, Mayotte, Morocco, Mozambique, Namibia, Niger, Nigeria, Reunion, Rwanda, Saint Helena, Sao Tome And Principe, Senegal, Seychelles, Sierra Leone, Somalia, South Africa, Sudan, Eswatini, Tanzania, Togo, Tunisia, Uganda, Western Sahara, Zambia, Zimbabwe, South Sudan",7/15/2026,The African Research Universities Alliance with support from the Mastercard Foundation and the Carnegie Corporation of New York is offering a six-month Early-Career Research Fellowship to strengthen research capacity and global collaboration among African scholars.,"Food Safety, Energy, Diseases, Health, Public Health, PhD Holder, Researchers, Artificial Intelligence, Innovation, Migration, Research, Science, Technology, Sustainable Development, Water",https://arua.org/early-career-research-fellowships/
Global Pathology Development Grant,Grant,All Countries,7/15/2026,The Global Pathology Development Grant is seeking applications to improve global health and strengthen the science and expansion of pathology services by supporting sustainable international projects in under-resourced areas.,"Education, Health, Innovation, Science, Technology",https://foundation.cap.org/grant-award/global-pathology-development-grant/
ESG Student Innovation Challenge (Africa),"Awards, Prizes and Challenges","Algeria, Angola, Benin, Botswana, Burkina Faso, Burundi, Cameroon, Cape Verde, Central African Republic, Chad, Comoros, Congo (Brazzaville), Congo DR, Cote DIvoire (Ivory Coast), Djibouti, Egypt, Equatorial Guinea, Eritrea, Ethiopia, Gabon, Gambia, Ghana, Guinea, Guinea-Bissau, Kenya, Lesotho, Liberia, Libya, Madagascar, Malawi, Mali, Mauritania, Mauritius, Mayotte, Morocco, Mozambique, Namibia, Niger, Nigeria, Reunion, Rwanda, Saint Helena, Sao Tome And Principe, Senegal, Seychelles, Sierra Leone, Somalia, South Africa, Sudan, Eswatini, Tanzania, Togo, Tunisia, Uganda, Western Sahara, Zambia, Zimbabwe, South Sudan",7/16/2026,Applications are open for the Student Innovation Challenge which is an initiative of the Sustainability &amp; ESG Africa Conference &amp; Expo for students to present innovative solutions addressing sustainability and ESG challenges.,"Agriculture Food &amp; Nutrition, Environment, Human Rights, Students, Artificial Intelligence, Sustainable Development",https://esgafricaconference.com/student-innovation-competition/
Global Citizen and PayPal Small Business Impact Awards,"Awards, Prizes and Challenges","Albania, Algeria, Andorra, Angola, Antigua and Barbuda, Argentina, Armenia, Austria, Azerbaijan, Bahamas, Bahrain, Barbados, Belarus, Belgium, Belize, Benin, Bolivia, Bosnia And Herzegovina, Botswana, Brazil, Bulgaria, Burkina Faso, Burundi, Cameroon, Canada, Cape Verde, Central African Republic, Chad, Chile, Colombia, Comoros, Congo (Brazzaville), Congo DR, Costa Rica, Cote DIvoire (Ivory Coast), Croatia, Cyprus, Czech Republic, Denmark, Djibouti, Dominica, Dominican Republic, Ecuador, Egypt, El Salvador, Equatorial Guinea, Eritrea, Estonia, Ethiopia, Finland, France, Gabon, Gambia, Georgia, Germany, Ghana, Greece, Grenada, Guatemala, Guinea, Guinea-Bissau, Haiti, Holy See (Vatican City State), Honduras, Hungary, Iceland, Iraq, Ireland, Israel, Italy, Jamaica, Jordan, Kenya, Kuwait, Latvia, Lebanon, Lesotho, Liberia, Libya, Liechtenstein, Lithuania, Luxembourg, Macedonia, Madagascar, Malawi, Mali, Malta, Mauritania, Mauritius, Mayotte, Mexico, Moldova Republic Of, Monaco, Morocco, Mozambique, Namibia, Netherlands, Nicaragua, Niger, Nigeria, Norway, Oman, Palestinian Territories, Panama, Paraguay, Peru, Poland, Portugal, Puerto Rico, Qatar, Reunion, Romania, Rwanda, Saint Helena, Saint Kitts And Nevis, Saint Lucia, Saint Vincent And The Grenadines, San Marino, Sao Tome And Principe, Saudi Arabia, Senegal, Seychelles, Sierra Leone, Slovak Republic, Slovenia, Somalia, South Africa, Spain, Sudan, Eswatini, Sweden, Switzerland, Syria, Tanzania, Togo, Trinidad And Tobago, Tunisia, Uganda, Ukraine, United Arab Emirates, United Kingdom, United States, Uruguay, Western Sahara, Yemen, Zambia, Zimbabwe, Montenegro, Kosovo, South Sudan",7/19/2026,The Global Citizen and PayPal Small Business Impact Awards offers to support small and medium-sized businesses creating social and environmental impact through innovative and community-focused practices.,"Business &amp; Industry, Community Development, Economic Development, Employment &amp; Labor, Climate Change, Innovation",https://www.globalcitizen.org/en/programs/small-business/
2026 Earthna Prize for Traditional Knowledge and Sustainability Solutions,"Awards, Prizes and Challenges",All Countries,7/20/2026,"The Earthna Prize 2026 recognizes and supports projects and organizations that preserve, integrate, and apply traditional knowledge and cultural heritage to address contemporary environmental and sustainability challenges around the world.","Food Safety, Art History and Preservation, Environment, Sustainable Development, Water",https://www.earthna.qa/earthna-prize-2026
GEF Small Grants Program CSO Challenge Program,Grant,"Afghanistan, Albania, Algeria, Angola, Antigua and Barbuda, Argentina, Armenia, Azerbaijan, Bahamas, Bahrain, Bangladesh, Barbados, Belarus, Belize, Benin, Bhutan, Bolivia, Bosnia And Herzegovina, Botswana, Brazil, Bulgaria, Burkina Faso, Burundi, Cambodia, Cameroon, Cape Verde, Central African Republic, Chad, Chile, China, Colombia, Comoros, Congo DR, Cook Islands, Costa Rica, Cote DIvoire (Ivory Coast), Croatia, Cuba, Czech Republic, Djibouti, Dominica, Dominican Republic, Ecuador, Egypt, El Salvador, Equatorial Guinea, Eritrea, Estonia, Ethiopia, Fiji, Gabon, Gambia, Georgia, Ghana, Grenada, Guatemala, Guinea, Guinea-Bissau, Guyana, Haiti, Honduras, Hungary, India, Indonesia, Iran, Iraq, Jamaica, Jordan, Kazakhstan, Kenya, Kiribati, South Korea, North Korea, Kuwait, Kyrgyzstan, Laos, Latvia, Lebanon, Lesotho, Liberia, Libya, Lithuania, Macedonia, Madagascar, Malawi, Malaysia, Maldives, Mali, Malta, Marshall Islands, Mauritania, Mauritius, Mexico, Micronesia Federated States Of, Moldova Republic Of, Mongolia, Morocco, Mozambique, Myanmar, Namibia, Nauru, Nepal, Nicaragua, Niger, Nigeria, Niue, Oman, Pakistan, Palau, Panama, Papua New Guinea, Paraguay, Peru, Philippines, Poland, Romania, Russia, Rwanda, Saint Kitts And Nevis, Saint Lucia, Saint Vincent And The Grenadines, Samoa, Sao Tome And Principe, Saudi Arabia, Senegal, Seychelles, Sierra Leone, Slovak Republic, Slovenia, Solomon Islands, Somalia, South Africa, Sri Lanka, Sudan, Suriname, Eswatini, Syria, Tajikistan, Tanzania, Thailand, East Timor (Timor-Leste), Togo, Tokelau, Tonga, Trinidad And Tobago, Tunisia, Turkey, Turkmenistan, Tuvalu, Uganda, Ukraine, Uruguay, Uzbekistan, Vanuatu, Venezuela, Vietnam, Yemen, Zambia, Zimbabwe, Montenegro, Serbia, Kosovo, South Sudan",7/20/2026,"The GEF SGP CSO Challenge Program, supported by IUCN and GEF, provides funding and support to civil society organizations to scale and replicate innovative conservation solutions that create global benefits for people and the planet.","Agriculture Food &amp; Nutrition, Food Safety, Community Development, Conservation, Innovation",https://csochallenge.org/
Y Combinator Fall Batch Funding Program 2026,Grant,All Countries,7/27/2026,"Y Combinator is inviting applicants to apply for its Fall 2026 Batch Funding Program designed to help startups grow their products, expand their user base, access mentorship, and raise investment capital.","Business &amp; Industry, Startups, Community Development, Education",https://www.ycombinator.com/apply
Restoration Stewards Program,Events,"Algeria, American Samoa, Angola, Antigua and Barbuda, Argentina, Aruba, Australia, Bahamas, Bangladesh, Barbados, Benin, Bolivia, Botswana, Brazil, Brunei, Burkina Faso, Burundi, Cambodia, Cameroon, Cape Verde, Cayman Islands, Central African Republic, Chad, Chile, China, Colombia, Comoros, Congo (Brazzaville), Congo DR, Cook Islands, Costa Rica, Cote DIvoire (Ivory Coast), Cuba, Cuba, Djibouti, Dominica, Dominican Republic, Dominican Republic, Ecuador, Egypt, El Salvador, Equatorial Guinea, Eritrea, Ethiopia, Fiji, French Polynesia, Gabon, Gambia, Ghana, Grenada, Guadeloupe, Guam, Guatemala, Guinea, Guinea-Bissau, Haiti, Honduras, Hong Kong SAR, India, Indonesia, Jamaica, Japan, Kenya, Kiribati, South Korea, North Korea, Laos, Lesotho, Liberia, Libya, Macau, Madagascar, Malawi, Malaysia, Maldives, Mali, Marshall Islands, Martinique, Mauritania, Mauritius, Mayotte, Mexico, Micronesia Federated States Of, Mongolia, Morocco, Mozambique, Myanmar, Namibia, Nauru, Nepal, Netherlands Antilles, New Caledonia, New Zealand, Nicaragua, Niger, Nigeria, Niue, Northern Mariana Islands, Pakistan, Palau, Panama, Papua New Guinea, Paraguay, Peru, Philippines, Puerto Rico, Puerto Rico, Reunion, Russia, Rwanda, Saint Helena, Saint Kitts And Nevis, Saint Lucia, Saint Vincent And The Grenadines, Samoa, Sao Tome And Principe, Senegal, Seychelles, Sierra Leone, Singapore, Solomon Islands, Somalia, South Africa, Sri Lanka, Sudan, Eswatini, Taiwan, Tanzania, Thailand, Togo, Tokelau, Tonga, Trinidad And Tobago, Tunisia, Turks And Caicos Islands, Tuvalu, Uganda, Uruguay, Vanuatu, Venezuela, Vietnam, United States Virgin Islands, Wallis And Futuna, Western Sahara, Zambia, Zimbabwe, Saint BarthÃ©lemy, South Sudan , Saint Martin (French Part), Sint Maarten (Dutch Part)",7/31/2026,The Global Landscapes Forum is seeking applications for its Restoration Stewards Program to support young experts and practitioners restoring landscapes alongside their communities through holistic and community-centered approaches.,"Community Engagement, Environment, Individuals, Youth &amp; Adolescents",https://stewards.globallandscapesforum.org/2027-restoration-stewards-call-for-application/
GLFx Chapters Program 2027,Events,"Algeria, American Samoa, Angola, Antigua and Barbuda, Argentina, Aruba, Australia, Bahamas, Bangladesh, Barbados, Benin, Bolivia, Botswana, Brazil, Brunei, Burkina Faso, Burundi, Cambodia, Cameroon, Cape Verde, Cayman Islands, Central African Republic, Chad, Chile, China, Colombia, Comoros, Congo (Brazzaville), Congo DR, Cook Islands, Costa Rica, Cote DIvoire (Ivory Coast), Cuba, Djibouti, Dominican Republic, Ecuador, Egypt, El Salvador, Equatorial Guinea, Eritrea, Ethiopia, Fiji, French Polynesia, Gabon, Gambia, Ghana, Grenada, Guadeloupe, Guam, Guatemala, Guinea, Guinea-Bissau, Haiti, Honduras, Hong Kong SAR, India, Indonesia, Jamaica, Japan, Kenya, Kiribati, South Korea, North Korea, Laos, Lesotho, Liberia, Libya, Macau, Madagascar, Malawi, Malaysia, Maldives, Mali, Marshall Islands, Martinique, Mauritania, Mauritius, Mayotte, Mexico, Micronesia Federated States Of, Mongolia, Morocco, Mozambique, Myanmar, Namibia, Nauru, Nepal, New Caledonia, New Zealand, Nicaragua, Niger, Nigeria, Niue, Northern Mariana Islands, Pakistan, Palau, Panama, Papua New Guinea, Paraguay, Peru, Philippines, Puerto Rico, Reunion, Russia, Rwanda, Saint Helena, Saint Kitts And Nevis, Saint Lucia, Saint Vincent And The Grenadines, Samoa, Sao Tome And Principe, Senegal, Seychelles, Sierra Leone, Singapore, Solomon Islands, Somalia, South Africa, Sri Lanka, Sudan, Eswatini, Taiwan, Tanzania, Thailand, Togo, Tokelau, Tonga, Trinidad And Tobago, Tunisia, Turks And Caicos Islands, Tuvalu, Uganda, Uruguay, Vanuatu, Venezuela, Vietnam, United States Virgin Islands, Wallis And Futuna, Western Sahara, Zambia, Zimbabwe, Saint BarthÃ©lemy, South Sudan",7/31/2026,"The Global Landscapes Forum (GLF) has launched the 2027 GLFx Chapters Program to support locally-led organizations across Africa, Asia-Pacific, Latin America and the Caribbean that are advancing sustainable landscape restoration, conservation and community-driven environmental action.","Food Safety, Business &amp; Industry, Community Development, Biodiversity, Climate Change, Conservation, Environment, Livelihood",https://events.globallandscapesforum.org/2027-glfx-call-for-application/
Art on Climate International Illustration Competition for Climate Action,Events,All Countries,7/31/2026,The Art on Climate International Illustration Competition is a global creative initiative that encourages illustrators and video creators to visually interpret climate change and inspire meaningful action toward environmental sustainability and a net-zero future.,"Community Development, Climate Change, Environment, Individuals, Innovation",https://www.artonclimate.com/
Nominations open for Social Enterprise Awards 2026 (Uganda),"Awards, Prizes and Challenges",Uganda,7/31/2026,The Social Enterprise Awards 2026 is inviting application to recognise and celebrate the achievements of social enterprises driving impact across Uganda.,"Business &amp; Industry, Businesses, Companies and Enterprises, Employment &amp; Labor, Innovation, Sustainable Development",https://socialenterpriseawards.org/awards2026/
RISK Funding Program 2027,"Awards, Prizes and Challenges","Afghanistan, Albania, Algeria, American Samoa, Angola, Argentina, Armenia, Azerbaijan, Bangladesh, Belarus, Belize, Benin, Bhutan, Bolivia, Bosnia And Herzegovina, Botswana, Brazil, Bulgaria, Burkina Faso, Burundi, Cambodia, Cameroon, Cape Verde, Central African Republic, Chad, China, Colombia, Comoros, Congo (Brazzaville), Congo DR, Costa Rica, Cote DIvoire (Ivory Coast), Cuba, Djibouti, Dominica, Dominican Republic, Ecuador, Egypt, El Salvador, Equatorial Guinea, Eritrea, Ethiopia, Fiji, Gabon, Gambia, Georgia, Ghana, Grenada, Guatemala, Guinea, Guinea-Bissau, Guyana, Haiti, Honduras, India, Indonesia, Iran, Iraq, Jamaica, Jordan, Kazakhstan, Kenya, Kiribati, North Korea, Kyrgyzstan, Laos, Lebanon, Lesotho, Liberia, Libya, Macedonia, Madagascar, Malawi, Malaysia, Maldives, Mali, Marshall Islands, Mauritania, Mauritius, Mexico, Micronesia Federated States Of, Moldova Republic Of, Mongolia, Morocco, Mozambique, Myanmar, Namibia, Nepal, Nicaragua, Niger, Nigeria, Pakistan, Palau, Papua New Guinea, Paraguay, Peru, Philippines, Russia, Rwanda, Saint Lucia, Saint Vincent And The Grenadines, Samoa, Sao Tome And Principe, Senegal, Sierra Leone, Solomon Islands, Somalia, South Africa, Sri Lanka, Sudan, Suriname, Eswatini, Syria, Tajikistan, Tanzania, Thailand, East Timor (Timor-Leste), Togo, Tonga, Tunisia, Turkey, Turkmenistan, Tuvalu, Uganda, Ukraine, Uzbekistan, Vanuatu, Vietnam, Yemen, Zambia, Zimbabwe, Montenegro, Serbia, Kosovo, South Sudan",7/31/2026,The 2027 RISK Award invites non-profit organisations to submit innovative and practical projects that reduce climate-related disaster risks and strengthen resilience in informal and semi-formal urban settlements across low- and middle-income countries.,"Community Development, Climate Change, Environment, Innovation",https://www.munichre-foundation.org/en/climate-adaptation/risk-award/news/2027-risk-award-call.html
Apply for LEGO Foundation Fellowship 2027,Fellowship,"Aland Islands, Albania, Algeria, American Samoa, Andorra, Angola, Anguilla, Antarctica, Antigua and Barbuda, Argentina, Armenia, Aruba, Australia, Austria, Azerbaijan, Bahamas, Bahrain, Bangladesh, Barbados, Belgium, Belize, Benin, Bermuda, Bhutan, Bolivia, Botswana, Bouvet Island, Brazil, British Indian Ocean Territory, Brunei, Bulgaria, Burkina Faso, Cambodia, Cameroon, Canada, Cape Verde, Cayman Islands, Chad, Chile, Christmas Island, Cocos (Keeling) Islands, Colombia, Comoros, Congo (Brazzaville), Cook Islands, Costa Rica, Cote DIvoire (Ivory Coast), Croatia, Cyprus, Czech Republic, Denmark, Djibouti, Dominica, Dominican Republic, Ecuador, Egypt, El Salvador, Equatorial Guinea, Eritrea, Estonia, Ethiopia, Falkland Islands (Malvinas), Faroe Islands, Fiji, Finland, France, French Guiana, French Polynesia, French Southern Territories, Gabon, Gambia, Georgia, Germany, Ghana, Gibraltar, Greece, Greenland, Grenada, Guadeloupe, Guam, Guernsey, Guyana, Heard Island And Mcdonald Islands, Holy See (Vatican City State), Honduras, Hong Kong SAR, Hungary, Iceland, India, Indonesia, Ireland, Isle Of Man, Israel, Italy, Jamaica, Japan, Jersey, Jordan, Kazakhstan, Kenya, Kiribati, South Korea, Kuwait, Kyrgyzstan, Laos, Latvia, Lesotho, Liberia, Liechtenstein, Lithuania, Luxembourg, Macau, Macedonia, Madagascar, Malawi, Malaysia, Maldives, Malta, Marshall Islands, Martinique, Mauritania, Mauritius, Mayotte, Mexico, Micronesia Federated States Of, Monaco, Mongolia, Montserrat, Morocco, Mozambique, Namibia, Nauru, Nepal, Netherlands, Netherlands Antilles, New Caledonia, New Zealand, Nigeria, Niue, Norfolk Island, Northern Mariana Islands, Norway, Oman, Pakistan, Palau, Palestinian Territories, Panama, Papua New Guinea, Paraguay, Peru, Philippines, Pitcairn, Poland, Portugal, Puerto Rico, Qatar, Reunion, Romania, Rwanda, Saint Helena, Saint Kitts And Nevis, Saint Lucia, Saint Pierre And Miquelon, Saint Vincent And The Grenadines, Samoa, San Marino, Sao Tome And Principe, Saudi Arabia, Senegal, Seychelles, Sierra Leone, Singapore, Slovak Republic, Slovenia, Solomon Islands, South Africa, South Georgia And The South Sandwich Islands, Spain, Sri Lanka, Suriname, Svalbard And Jan Mayen, Eswatini, Sweden, Switzerland, Taiwan, Tajikistan, Tanzania, Thailand, East Timor (Timor-Leste), Togo, Tokelau, Tonga, Trinidad And Tobago, Turkmenistan, Turks And Caicos Islands, Tuvalu, Uganda, United Arab Emirates, United Kingdom, United States, United States Minor Outlying Islands, Uruguay, Uzbekistan, Vanuatu, Vietnam, British Virgin Islands, United States Virgin Islands, Wallis And Futuna, Western Sahara, Zambia, Saint BarthÃ©lemy, Kosovo, CuraÃ§ao, Bonaire Sint Eustatius and Saba, Saint Martin (French Part), Sint Maarten (Dutch Part)",7/31/2026,The LEGO Foundation is inviting applications for its fellowship designed to support early- and mid-career researchers whose work advances understanding of how children thrive across diverse contexts.,"Children, Early Child Development, Research",https://www.ssrc.org/programs/the-lego-foundation-fellowship/application-details/
Moses Mapesa Education and Research Grant,Grant,"Algeria, Angola, Benin, Botswana, Burkina Faso, Burundi, Cameroon, Cape Verde, Central African Republic, Chad, Comoros, Congo (Brazzaville), Congo DR, Cote DIvoire (Ivory Coast), Djibouti, Egypt, Equatorial Guinea, Eritrea, Ethiopia, Gabon, Gambia, Ghana, Guinea, Guinea-Bissau, Kenya, Lesotho, Liberia, Libya, Madagascar, Malawi, Mali, Mauritania, Mauritius, Morocco, Mozambique, Namibia, Niger, Nigeria, Rwanda, Sao Tome And Principe, Senegal, Seychelles, Sierra Leone, Somalia, South Africa, Sudan, Eswatini, Tanzania, Togo, Tunisia, Uganda, Zambia, Zimbabwe, South Sudan",7/31/2026,Applications are open for the Moses Mapesa Education and Research Grant for students in Africa to apply for funding to support research on cultural and natural heritage linked to World Heritage Sites and tentative listed sites.,"Arts &amp; Culture, Education, Individuals, Students, Research, Youth Education",https://awhf.net/grants/
Africa Business Contest – Impact Challenge Award,Events,"Algeria, Angola, Benin, Botswana, Burkina Faso, Burundi, Cameroon, Cape Verde, Central African Republic, Chad, Comoros, Congo (Brazzaville), Congo DR, Cote DIvoire (Ivory Coast), Djibouti, Egypt, Equatorial Guinea, Eritrea, Ethiopia, Gabon, Gambia, Ghana, Guinea, Guinea-Bissau, Japan, Kenya, Lesotho, Liberia, Libya, Madagascar, Malawi, Mali, Mauritania, Mauritius, Mayotte, Morocco, Mozambique, Namibia, Niger, Nigeria, Reunion, Rwanda, Saint Helena, Sao Tome And Principe, Senegal, Seychelles, Sierra Leone, Somalia, South Africa, Sudan, Eswatini, Tanzania, Togo, Tunisia, Uganda, Western Sahara, Zambia, Zimbabwe, South Sudan",7/31/2026,The Africa Business Contest – Impact Challenge Award is a City of Kobe initiative supporting business ideas for social impact and sustainable development in Africa.,"Business &amp; Industry, Businesses, Companies and Enterprises, Individuals, Innovation, Sustainable Development",https://afrikameetskansai.org/busicon2026.html
OBEL Teaching Fellowship Program,Fellowship,All Countries,8/1/2026,The OBEL Teaching Fellowship Program invites global applicants to collaborate with academic institutions to develop innovative courses exploring transformative architectural practices.,"Architecture and Planning, Education, Individuals, Innovation",https://obel.foundation/fellowships/2026-obel-teaching-felloship-open-call/
Entries Open: AAAS Kavli Science Journalism Awards 2026,"Awards, Prizes and Challenges","Afghanistan, Aland Islands, Albania, Algeria, American Samoa, Andorra, Angola, Anguilla, Antarctica, Antigua and Barbuda, Argentina, Armenia, Aruba, Australia, Austria, Azerbaijan, Bahamas, Bahrain, Bangladesh, Barbados, Belarus, Belgium, Belize, Benin, Bermuda, Bhutan, Bolivia, Bosnia And Herzegovina, Botswana, Bouvet Island, Brazil, British Indian Ocean Territory, Brunei, Bulgaria, Burkina Faso, Burundi, Cambodia, Cameroon, Canada, Cape Verde, Cayman Islands, Central African Republic, Chad, Chile, China, Christmas Island, Cocos (Keeling) Islands, Colombia, Comoros, Congo (Brazzaville), Congo DR, Cook Islands, Costa Rica, Cote DIvoire (Ivory Coast), Croatia, Cuba, Cyprus, Czech Republic, Denmark, Djibouti, Dominica, Dominican Republic, Ecuador, Egypt, El Salvador, Equatorial Guinea, Eritrea, Estonia, Ethiopia, Falkland Islands (Malvinas), Faroe Islands, Fiji, Finland, France, French Guiana, French Polynesia, French Southern Territories, Gabon, Gambia, Georgia, Germany, Ghana, Gibraltar, Greece, Greenland, Grenada, Guadeloupe, Guam, Guatemala, Guernsey, Guinea, Guinea-Bissau, Guyana, Haiti, Heard Island And Mcdonald Islands, Holy See (Vatican City State), Honduras, Hong Kong SAR, Hungary, Iceland, India, Indonesia, Iran, Iraq, Ireland, Isle Of Man, Israel, Italy, Jamaica, Japan, Jersey, Jordan, Kazakhstan, Kenya, Kiribati, South Korea, North Korea, Kuwait, Kyrgyzstan, Laos, Latvia, Lebanon, Lesotho, Liberia, Libya, Liechtenstein, Lithuania, Luxembourg, Macau, Macedonia, Madagascar, Malawi, Malaysia, Maldives, Mali, Malta, Marshall Islands, Martinique, Mauritania, Mauritius, Mayotte, Mexico, Micronesia Federated States Of, Moldova Republic Of, Monaco, Mongolia, Montserrat, Morocco, Mozambique, Myanmar, Namibia, Nauru, Nepal, Netherlands, Netherlands Antilles, New Caledonia, New Zealand, Nicaragua, Niger, Nigeria, Niue, Norfolk Island, Northern Mariana Islands, Norway, Oman, Pakistan, Palau, Palestinian Territories, Panama, Papua New Guinea, Paraguay, Peru, Philippines, Pitcairn, Poland, Portugal, Puerto Rico, Qatar, Reunion, Romania, Russia, Rwanda, Saint Helena, Saint Kitts And Nevis, Saint Lucia, Saint Pierre And Miquelon, Saint Vincent And The Grenadines, Samoa, San Marino, Sao Tome And Principe, Saudi Arabia, Senegal, Seychelles, Sierra Leone, Singapore, Slovak Republic, Slovenia, Solomon Islands, Somalia, South Africa, South Georgia And The South Sandwich Islands, Spain, Sri Lanka, Sudan, Suriname, Svalbard And Jan Mayen, Eswatini, Sweden, Switzerland, Syria, Taiwan, Tajikistan, Tanzania, Thailand, East Timor (Timor-Leste), Togo, Tokelau, Tonga, Trinidad And Tobago, Tunisia, Turkey, Turkmenistan, Turks And Caicos Islands, Tuvalu, Uganda, Ukraine, United Arab Emirates, United Kingdom, United States, United States Minor Outlying Islands, Uruguay, Uzbekistan, Vanuatu, Venezuela, Vietnam, British Virgin Islands, United States Virgin Islands, Wallis And Futuna, Western Sahara, Yemen, Zambia, Zimbabwe, Montenegro, Saint BarthÃ©lemy, Serbia, Kosovo, South Sudan , CuraÃ§ao, Bonaire Sint Eustatius and Saba, Saint Martin (French Part), Sint Maarten (Dutch Part)",8/1/2026,"The 2026 AAAS Kavli Science Journalism Awards recognise excellence in science journalism across print, digital, video, audio, and children’s media worldwide.","Children, Individuals, Journalism, Media, Storytelling, Science",https://sjawards.aaas.org/entries-now-being-accepted-2026-awards
Elephant Conservation and Research Funding Support Program,Grant,"Afghanistan, Algeria, Angola, Bangladesh, Benin, Bhutan, Botswana, Brunei, Burkina Faso, Burundi, Cambodia, Cameroon, Cape Verde, Central African Republic, Chad, China, Comoros, Congo (Brazzaville), Congo DR, Cote DIvoire (Ivory Coast), Djibouti, Egypt, Equatorial Guinea, Eritrea, Ethiopia, Gabon, Gambia, Ghana, Guinea, Guinea-Bissau, India, Indonesia, Japan, Kazakhstan, Kenya, South Korea, North Korea, Kyrgyzstan, Laos, Lesotho, Liberia, Libya, Madagascar, Malawi, Malaysia, Maldives, Mali, Mauritania, Mauritius, Mayotte, Mongolia, Morocco, Mozambique, Myanmar, Namibia, Nepal, Niger, Nigeria, Oman, Pakistan, Philippines, Qatar, Reunion, Russia, Rwanda, Saint Helena, Sao Tome And Principe, Senegal, Seychelles, Sierra Leone, Singapore, Somalia, South Africa, Sri Lanka, Sudan, Eswatini, Tajikistan, Tanzania, Thailand, East Timor (Timor-Leste), Togo, Tunisia, Turkey, Turkmenistan, Uganda, Uzbekistan, Vietnam, Western Sahara, Zambia, Zimbabwe, South Sudan",8/7/2026,The Elephant Conservation and Research Funding Support Program by the International Elephant Foundation is now open for applications to support impactful conservation and research initiatives aimed at protecting elephants and their habitats.,"Animals &amp; Wildlife, Habitat, Community Development, Education, Conservation, Research",https://elephantconservation.org/initiatives/grant-programs/
Vision Grants Program,Grant,All Countries,8/12/2026,"The Spencer Foundation is inviting applications for its Vision Grants program to support collaborative planning of ambitious, large-scale research projects aimed at transforming educational systems toward greater equity.","Community Development, Education, Innovation, Research",https://www.spencer.org/grant_types/vision-grants
Social Impact Grant,Grant,All Countries,8/19/2026,The Sky Is Not The Limit Social Impact Grant supports organizations creating meaningful change by providing professional services to help amplify their impact and reach.,"Community Development, Artificial Intelligence, Marketing, Storytelling",https://bombshellimpact.com/sky/
Nominations open for British Recruitment Awards 2026,"Awards, Prizes and Challenges",All Countries,8/21/2026,"The British Recruitment Awards 2026 recognises outstanding individuals, teams, and agencies shaping a stronger workforce in the United Kingdom.","Business &amp; Industry, Employment &amp; Labor, Individuals, Innovation",https://newpossible.io/resources/introducing-the-british-recruitment-awards-2026
Apply for Bow Seat’s True Blue Fellowship Program 2027,Fellowship,All Countries,8/30/2026,"The True Blue Fellowship Program is accepting applications to support young people who are developing creative arts-based projects that address environmental challenges related to the ocean, waterways and climate change in their local communities.","Arts &amp; Culture, Community Engagement, Climate Change, Conservation, Environment, Individuals, Leadership, Water, Youth &amp; Adolescents",https://bowseat.org/programs/true-blue-fellowship/apply/
Global Innovation Challenge 2026,"Awards, Prizes and Challenges","Afghanistan, Aland Islands, Albania, Algeria, American Samoa, Andorra, Angola, Anguilla, Antarctica, Antigua and Barbuda, Argentina, Armenia, Aruba, Australia, Austria, Azerbaijan, Bahamas, Bahrain, Bangladesh, Barbados, Belgium, Belize, Benin, Bermuda, Bhutan, Bolivia, Bosnia And Herzegovina, Botswana, Bouvet Island, Brazil, British Indian Ocean Territory, Brunei, Bulgaria, Burkina Faso, Burundi, Cambodia, Cameroon, Canada, Cape Verde, Cayman Islands, Central African Republic, Chad, Chile, China, Christmas Island, Cocos (Keeling) Islands, Colombia, Comoros, Congo (Brazzaville), Congo DR, Cook Islands, Costa Rica, Cote DIvoire (Ivory Coast), Croatia, Cyprus, Czech Republic, Denmark, Djibouti, Dominica, Dominican Republic, Ecuador, Egypt, El Salvador, Equatorial Guinea, Eritrea, Estonia, Ethiopia, Falkland Islands (Malvinas), Faroe Islands, Fiji, Finland, France, French Guiana, French Polynesia, French Southern Territories, Gabon, Gambia, Georgia, Germany, Ghana, Gibraltar, Greece, Greenland, Grenada, Guadeloupe, Guam, Guatemala, Guernsey, Guinea, Guinea-Bissau, Guyana, Haiti, Heard Island And Mcdonald Islands, Holy See (Vatican City State), Honduras, Hong Kong SAR, Hungary, Iceland, India, Indonesia, Iraq, Ireland, Isle Of Man, Israel, Italy, Jamaica, Japan, Jersey, Jordan, Kazakhstan, Kenya, Kiribati, South Korea, Kuwait, Kyrgyzstan, Laos, Latvia, Lebanon, Lesotho, Liberia, Libya, Liechtenstein, Lithuania, Luxembourg, Macau, Macedonia, Madagascar, Malawi, Malaysia, Maldives, Mali, Malta, Marshall Islands, Martinique, Mauritania, Mauritius, Mayotte, Mexico, Micronesia Federated States Of, Moldova Republic Of, Monaco, Mongolia, Montserrat, Morocco, Mozambique, Myanmar, Namibia, Nauru, Nepal, Netherlands, Netherlands Antilles, New Caledonia, New Zealand, Nicaragua, Niger, Nigeria, Niue, Norfolk Island, Northern Mariana Islands, Norway, Oman, Pakistan, Palau, Palestinian Territories, Panama, Papua New Guinea, Paraguay, Peru, Philippines, Pitcairn, Poland, Portugal, Puerto Rico, Qatar, Reunion, Romania, Rwanda, Saint Helena, Saint Kitts And Nevis, Saint Lucia, Saint Pierre And Miquelon, Saint Vincent And The Grenadines, Samoa, San Marino, Sao Tome And Principe, Saudi Arabia, Senegal, Seychelles, Sierra Leone, Singapore, Slovak Republic, Slovenia, Solomon Islands, Somalia, South Africa, South Georgia And The South Sandwich Islands, Spain, Sri Lanka, Sudan, Suriname, Svalbard And Jan Mayen, Eswatini, Sweden, Switzerland, Taiwan, Tajikistan, Tanzania, Thailand, East Timor (Timor-Leste), Togo, Tokelau, Tonga, Trinidad And Tobago, Tunisia, Turkey, Turkmenistan, Turks And Caicos Islands, Tuvalu, Uganda, Ukraine, United Arab Emirates, United Kingdom, United States, United States Minor Outlying Islands, Uruguay, Uzbekistan, Vanuatu, Vietnam, British Virgin Islands, United States Virgin Islands, Wallis And Futuna, Western Sahara, Yemen, Zambia, Zimbabwe, Montenegro, Saint BarthÃ©lemy, Serbia, Kosovo, CuraÃ§ao, Bonaire Sint Eustatius and Saba",8/31/2026,The Global Innovation Challenge 2026 is requesting applications to support young social entrepreneurs and innovators leading projects and startups that create positive social and environmental impact worldwide.,"Business &amp; Industry, Entrepreneurship, Startups, Community Development, Education, Climate Change, Energy, Environment, Health, Innovation, Leadership, Poverty Alleviation, Gender Equality, Youth &amp; Adolescents",https://www.socialshifters.co/global-innovation-challenge/
RFAs: CRI Irvington Postdoctoral Fellowship Program,Fellowship,All Countries,9/1/2026,The CRI Irvington Postdoctoral Fellowship Program offers a prestigious platform for early-career researchers to advance innovative work in immunology and cancer immunology while building pathways toward independent scientific leadership.,"Career Development, Cancer, Researchers, Innovation, Leadership, Research",https://www.cancerresearch.org/cri-irvington-postdoctoral-fellowship
Travel Elevates Global Impact Grants,Grant,All Countries,9/1/2026,"The Travel Elevates Global Impact Grant Program is accepting applications for projects that strengthen communities through education, technology, and economic opportunity.","Business &amp; Industry, Startups, Community Development, Construction, Renovations or Improvements, Economic Development, Education, Equipment, Technology, Women &amp; Gender",https://www.travelelevates.org/grant
Neurotorium announces Clinical Education Grants,Grant,All Countries,9/2/2026,The Neurotorium Clinical Education Grants provide funding support for non-profit educational projects aimed at enhancing clinical competencies among healthcare professionals in psychiatry and neurology.,"Education, Health care",https://neurotorium.org/grants/clinical-education-grant/
Nominations open for Global EdTech Startup Awards,"Awards, Prizes and Challenges",All Countries,9/15/2026,The Global EdTech Startups Awards is now accepting applications to support innovative startups from around the world to showcase their solutions and tackle pressing challenges in education and learning.,"Business &amp; Industry, Startups, Education, Learning, Innovation",https://www.globaledtechawards.org/
Country-led Projects Initiatives (9th Edition),Grant,"Afghanistan, Bangladesh, Benin, Bhutan, Burkina Faso, Burundi, Cambodia, Chad, Comoros, Congo (Brazzaville), Congo DR, Djibouti, Ethiopia, Gambia, Ghana, Guinea, Guinea-Bissau, Guyana, Haiti, Honduras, Kiribati, Kyrgyzstan, Laos, Lesotho, Liberia, Madagascar, Malawi, Maldives, Mali, Marshall Islands, Mauritania, Micronesia Federated States Of, Mozambique, Myanmar, Nepal, Nicaragua, Niger, Rwanda, Samoa, Sao Tome And Principe, Senegal, Sierra Leone, Solomon Islands, Somalia, Sri Lanka, Sudan, Syria, Tajikistan, Tanzania, Togo, Tonga, Tuvalu, Uganda, Vanuatu, Yemen, Zambia, Kosovo, South Sudan",9/15/2026,The Global Agriculture and Food Security Program (GAFSP) has opened its 9th Call for Proposals to support country-led initiatives that strengthen food security and rural livelihoods.,"Food Safety, Entrepreneurship, Rural Development, Livelihood, Women &amp; Gender",https://www.gafspfund.org/9th-call-proposals
Merck Foundation Film Awards in Africa,"Awards, Prizes and Challenges","Algeria, Angola, Benin, Botswana, Burkina Faso, Burundi, Cameroon, Cape Verde, Central African Republic, Chad, Comoros, Congo (Brazzaville), Congo DR, Cote DIvoire (Ivory Coast), Djibouti, Egypt, Equatorial Guinea, Eritrea, Ethiopia, Gabon, Gambia, Ghana, Guinea, Guinea-Bissau, Kenya, Lesotho, Liberia, Libya, Madagascar, Malawi, Mali, Mauritania, Mauritius, Mayotte, Morocco, Mozambique, Namibia, Niger, Nigeria, Reunion, Rwanda, Saint Helena, Sao Tome And Principe, Senegal, Seychelles, Sierra Leone, Somalia, South Africa, Sudan, Swaziland, Tanzania, Togo, Tunisia, Uganda, Western Sahara, Zambia, Zimbabwe, South Sudan",9/30/2026,"The African filmmakers, students of film institutions, and young creative talents are invited to participate in the Merck Foundation Film Awards “More Than a Mother” 2026 to raise awareness on critical social issues through impactful long or short films.","Arts &amp; Culture, Filmmaking and Entertainment, Children, Community Development, Education, , Individuals, Students, Youth, Storytelling, Women &amp; Gender",https://merck-foundation.com/Awards/merck-foundation-film-awards-more-than-a-mother
Merck Foundation SONG Awards “More Than a Mother” 2026 (Africa),"Awards, Prizes and Challenges","Algeria, Angola, Benin, Botswana, Burkina Faso, Burundi, Cameroon, Cape Verde, Central African Republic, Chad, Comoros, Congo (Brazzaville), Congo DR, Cote DIvoire (Ivory Coast), Djibouti, Egypt, Equatorial Guinea, Eritrea, Ethiopia, Gabon, Gambia, Ghana, Guinea, Guinea-Bissau, Kenya, Lesotho, Liberia, Libya, Madagascar, Malawi, Mali, Mauritania, Mauritius, Mayotte, Morocco, Mozambique, Namibia, Niger, Nigeria, Reunion, Rwanda, Saint Helena, Sao Tome And Principe, Senegal, Seychelles, Sierra Leone, Somalia, South Africa, Sudan, Swaziland, Tanzania, Togo, Tunisia, Uganda, Western Sahara, Zambia, Zimbabwe, South Sudan",9/30/2026,The Merck Foundation Song Awards “More Than a Mother” 2026 invites African singers and musical artists to create and share impactful songs that address pressing social issues.,"Arts &amp; Culture, Music, Children, Community Development, Education, Artists, Individuals, Women &amp; Gender",https://merck-foundation.com/Awards/merck-foundation-song-awards-more-than-a-mother
Entries open for Merck Foundation Fashion Awards (Africa),"Awards, Prizes and Challenges","Algeria, Angola, Benin, Botswana, Burkina Faso, Burundi, Cameroon, Cape Verde, Central African Republic, Chad, Comoros, Congo (Brazzaville), Congo DR, Cote DIvoire (Ivory Coast), Djibouti, Egypt, Equatorial Guinea, Eritrea, Ethiopia, Gabon, Gambia, Ghana, Guinea, Guinea-Bissau, Kenya, Lesotho, Liberia, Libya, Madagascar, Malawi, Mali, Mauritania, Mauritius, Mayotte, Morocco, Mozambique, Namibia, Niger, Nigeria, Reunion, Rwanda, Saint Helena, Sao Tome And Principe, Senegal, Seychelles, Sierra Leone, Somalia, South Africa, Sudan, Swaziland, Tanzania, Togo, Tunisia, Uganda, Western Sahara, Zambia, Zimbabwe, South Sudan",9/30/2026,The Merck Foundation Fashion Awards ‘More Than a Mother’ 2026 have been announced in partnership with African First Ladies to encourage African Fashion Students and Designers to create impactful designs that promote important social messages.,"Arts &amp; Culture, Visual Arts, Children, Community Development, Education, Individuals, Students, Storytelling, Women &amp; Gender, Youth &amp; Adolescents",https://merck-foundation.com/Awards/merck-foundation-fashion-awards-more-than-a-mother
Merck Foundation Africa Media Recognition Awards,"Awards, Prizes and Challenges","Algeria, Angola, Benin, Botswana, Burkina Faso, Burundi, Cameroon, Cape Verde, Central African Republic, Chad, Comoros, Congo (Brazzaville), Congo DR, Cote DIvoire (Ivory Coast), Djibouti, Egypt, Equatorial Guinea, Eritrea, Ethiopia, Gabon, Gambia, Ghana, Guinea, Guinea-Bissau, Kenya, Lesotho, Liberia, Libya, Madagascar, Malawi, Mali, Mauritania, Mauritius, Mayotte, Morocco, Mozambique, Namibia, Niger, Nigeria, Reunion, Rwanda, Saint Helena, Sao Tome And Principe, Senegal, Seychelles, Sierra Leone, Somalia, South Africa, Sudan, Eswatini, Tanzania, Togo, Tunisia, Uganda, Western Sahara, Zambia, Zimbabwe, South Sudan",9/30/2026,Applicants are now invited to submit applications for its Merck Foundation Africa Media Recognition Awards to showcase their work to raise awareness on pressing social issues across African regions.,"Education, Journalists, Journalism, Media, Women &amp; Gender",https://merck-foundation.com/Upcoming-Programs-&amp;-Call-For-Applications
SENSE Foundation Brussels Grants for Health and Sustainability,Grant,All Countries,9/30/2026,"The SENSE Foundation Brussels is inviting applications from non-profit organisations in Belgium and abroad for projects that support scientific research, environmental protection, sustainable development, health improvement, and educational opportunities aligned with the Foundation’s mission.","Nutrition, Environment, Health, Research, Sustainable Development, Women &amp; Gender",https://www.sensefoundationbrussels.org/submit-your-project
United Nations Correspondents Association Awards for Best Journalistic Coverage,"Awards, Prizes and Challenges",All Countries,9/30/2026,"The United Nations Correspondents Association (UNCA) invites media worldwide to submit entries for its 30th annual UNCA Awards for best print, broadcast (TV &amp; Radio) and online, web-based media coverage of the United Nations, UN agencies and field operations.","Public Health, Journalists, Artificial Intelligence, Innovation, Journalism, Media, Sustainable Development, Water &amp; Sanitation",https://unca.com/call-for-submissions/
"29th CFPs: Thriving Farmers, Resilient Ecosystems and Empowered Communities",Grant,"Afghanistan, Algeria, Angola, Argentina, Bangladesh, Benin, Bhutan, Botswana, Brazil, Bulgaria, Burkina Faso, Burundi, Cameroon, Cape Verde, Central African Republic, Chad, China, Colombia, Comoros, Congo (Brazzaville), Congo DR, Costa Rica, Cote DIvoire (Ivory Coast), Cuba, Denmark, Djibouti, Ecuador, Egypt, Equatorial Guinea, Ethiopia, Finland, Gabon, Gambia, Germany, Ghana, Greece, Guatemala, Guinea, Guinea-Bissau, Haiti, Honduras, India, Indonesia, Iraq, Ireland, Italy, Jamaica, Kenya, South Korea, Kuwait, Laos, Lesotho, Madagascar, Malawi, Malaysia, Maldives, Mali, Mauritania, Mexico, Morocco, Mozambique, Myanmar, Nepal, Netherlands, Nicaragua, Niger, Nigeria, Norway, Pakistan, Papua New Guinea, Peru, Philippines, Portugal, Russia, Rwanda, Samoa, Sao Tome And Principe, Saudi Arabia, Senegal, Sierra Leone, Singapore, Somalia, Spain, Sri Lanka, Sudan, Eswatini, Sweden, Syria, Tanzania, Thailand, Togo, Trinidad And Tobago, Tunisia, Uganda, United Arab Emirates, Venezuela, Yemen, Zambia, Zimbabwe",10/1/2026,"Applicants are now submit applications to support inclusive and sustainable development projects that strengthen smallholder farmers, ecosystems, and rural value chains.","Agriculture Food &amp; Nutrition, Business &amp; Industry, Entrepreneurship, Biodiversity, Innovation, Technology, Sustainable Development, Women &amp; Gender",https://www.common-fund.org/call-for-proposals
Ophthalmology Institutional Research Capacity Strengthening Grant Program,Grant,"Afghanistan, Albania, Algeria, American Samoa, Angola, Argentina, Armenia, Azerbaijan, Bangladesh, Belarus, Belize, Benin, Bhutan, Bolivia, Bosnia And Herzegovina, Botswana, Brazil, Bulgaria, Burkina Faso, Burundi, Cambodia, Cameroon, Cape Verde, Central African Republic, Chad, China, Colombia, Comoros, Congo (Brazzaville), Congo DR, Costa Rica, Cote DIvoire (Ivory Coast), Cuba, Djibouti, Dominica, Dominican Republic, Ecuador, Egypt, El Salvador, Equatorial Guinea, Eritrea, Ethiopia, Fiji, Gabon, Gambia, Georgia, Ghana, Grenada, Guatemala, Guinea, Guinea-Bissau, Guyana, Haiti, Honduras, India, Indonesia, Iran, Iraq, Jamaica, Jordan, Kazakhstan, Kenya, Kiribati, North Korea, Kyrgyzstan, Laos, Lebanon, Lesotho, Liberia, Libya, Macedonia, Madagascar, Malawi, Malaysia, Maldives, Mali, Marshall Islands, Mauritania, Mauritius, Mexico, Micronesia Federated States Of, Moldova Republic Of, Mongolia, Morocco, Mozambique, Myanmar, Namibia, Nepal, Nicaragua, Niger, Nigeria, Pakistan, Palau, Palestinian Territories, Papua New Guinea, Paraguay, Peru, Philippines, Russia, Rwanda, Saint Lucia, Saint Vincent And The Grenadines, Samoa, Sao Tome And Principe, Senegal, Sierra Leone, Solomon Islands, Somalia, South Africa, Sri Lanka, Sudan, Suriname, Eswatini, Syria, Tajikistan, Tanzania, Thailand, East Timor (Timor-Leste), Togo, Tonga, Tunisia, Turkey, Turkmenistan, Tuvalu, Uganda, Ukraine, Uzbekistan, Vanuatu, Vietnam, Yemen, Zambia, Zimbabwe, Montenegro, Serbia, Kosovo, South Sudan",10/1/2026,The Velux Stiftung has announced the Ophthalmology Institutional Research Capacity Strengthening Grant Program to support long-term biomedical and clinical ophthalmology research capacity development in LMIC institutions.,"Capacity Building, , Medical Research, Research, Sustainable Development",https://veluxstiftung.ch/funding-areas/ophthalmology/
Harvard Radcliffe Institute Fellowship Program,Fellowship,All Countries,10/1/2026,"The Harvard Radcliffe Institute Fellowship Program offers scientists, writers, scholars, public intellectuals and artists a rare chance to pursue ambitious projects for a full academic year in a vibrant interdisciplinary setting amid the resources of Harvard University.","Arts &amp; Culture, Tertiary &amp; Higher Education, , , Artists, Individuals, Peace &amp; Conflict Resolution, Science, Women &amp; Gender",https://www.radcliffe.harvard.edu/radcliffe-fellowship/application-information
Agritech Modernization Grant,Grant,"Afghanistan, Angola, Bangladesh, Benin, Bhutan, Botswana, Burkina Faso, Burundi, Cameroon, Cape Verde, Central African Republic, Chad, Comoros, Congo (Brazzaville), Congo DR, Cote DIvoire (Ivory Coast), Djibouti, Equatorial Guinea, Eritrea, Ethiopia, Gabon, Gambia, Ghana, Guinea, Guinea-Bissau, India, Iran, Kenya, Lesotho, Liberia, Madagascar, Malawi, Maldives, Mali, Mauritania, Mauritius, Mozambique, Namibia, Nepal, Niger, Nigeria, Pakistan, Reunion, Rwanda, Sao Tome And Principe, Senegal, Seychelles, Sierra Leone, Somalia, South Africa, Sri Lanka, Sudan, Eswatini, Tanzania, Togo, Uganda, Western Sahara, Zambia, Zimbabwe",10/10/2026,The Agritech Modernization Grant offers to support modernizing smallholder farming systems using technology and climate-smart practices to improve incomes and food security.,"Agriculture Food &amp; Nutrition, Farming, Food Safety, Business &amp; Industry, Capacity Building, Learning, Climate Change, Equipment, Research, Technology",https://ifcgrants.org/grants/agritech-modernization
Song Awards “Diabetes and Hypertension” 2026 (Africa),"Awards, Prizes and Challenges","Algeria, Angola, Benin, Botswana, Burkina Faso, Burundi, Cameroon, Cape Verde, Central African Republic, Chad, Comoros, Congo (Brazzaville), Congo DR, Cote DIvoire (Ivory Coast), Djibouti, Egypt, Equatorial Guinea, Eritrea, Ethiopia, Gabon, Gambia, Ghana, Guinea, Guinea-Bissau, Kenya, Lesotho, Liberia, Libya, Madagascar, Malawi, Mali, Mauritania, Mauritius, Mayotte, Morocco, Mozambique, Namibia, Niger, Nigeria, Reunion, Rwanda, Saint Helena, Sao Tome And Principe, Senegal, Seychelles, Sierra Leone, Somalia, South Africa, Sudan, Swaziland, Tanzania, Togo, Tunisia, Uganda, Western Sahara, Zambia, Zimbabwe, South Sudan",10/30/2026,The Merck Foundation Song Awards 2026 is accepting applications for African Singers and Musical Artists to create and share impactful songs that promote a healthy lifestyle and raise awareness about the prevention and early detection of Diabetes and Hypertension.,"Arts &amp; Culture, Music, Capacity Building, Community Development, Health, Artists",https://merck-foundation.com/Awards/merck-foundation-song-awards-diabetes--hypertension
Apply for Film Awards “Diabetes &amp; Hypertension” (Africa),"Awards, Prizes and Challenges","Algeria, Angola, Benin, Botswana, Burkina Faso, Burundi, Cameroon, Cape Verde, Central African Republic, Chad, Comoros, Congo (Brazzaville), Congo DR, Cote DIvoire (Ivory Coast), Djibouti, Egypt, Equatorial Guinea, Eritrea, Ethiopia, Gabon, Gambia, Ghana, Guinea, Guinea-Bissau, Kenya, Lesotho, Liberia, Libya, Madagascar, Malawi, Mali, Mauritania, Mauritius, Mayotte, Morocco, Mozambique, Namibia, Niger, Nigeria, Reunion, Rwanda, Saint Helena, Sao Tome And Principe, Senegal, Seychelles, Sierra Leone, Somalia, South Africa, Sudan, Swaziland, Tanzania, Togo, Tunisia, Uganda, Western Sahara, Zambia, Zimbabwe, South Sudan",10/30/2026,"The Merck Foundation Film Awards 2026 is requesting applications for African filmmakers and young talents to submit impactful films that raise awareness about healthy lifestyles, diabetes, and hypertension.","Arts &amp; Culture, Filmmaking and Entertainment, Community Development, Health, , Students, Youth, Youth &amp; Adolescents",https://merck-foundation.com/Awards/merck-foundation-film-awards-diabetes--hypertension
Apply for Imminent Language Technology Grant Program,Grant,All Countries,10/31/2026,Imminent invites innovators worldwide to apply for its annual funding program supporting cutting-edge research in language technology and services.,"Languages, Learning, Technology",https://imminent.translated.com/apply-for-your-grants
Open Call: SME Growth Accelerator Program,Grant,"Afghanistan, Algeria, Angola, Argentina, Bangladesh, Benin, Bhutan, Bolivia, Botswana, Brazil, Brunei, Burkina Faso, Burundi, Cambodia, Cameroon, Cape Verde, Central African Republic, Chad, Chile, China, Colombia, Comoros, Congo (Brazzaville), Congo DR, Costa Rica, Cote DIvoire (Ivory Coast), Cuba, Djibouti, Dominican Republic, Ecuador, Egypt, El Salvador, Equatorial Guinea, Eritrea, Ethiopia, Gabon, Gambia, Ghana, Guatemala, Guinea, Guinea-Bissau, Honduras, India, Indonesia, Japan, Kazakhstan, Kenya, South Korea, North Korea, Kyrgyzstan, Laos, Lesotho, Liberia, Libya, Madagascar, Malawi, Malaysia, Maldives, Mali, Mauritania, Mauritius, Mayotte, Mexico, Mongolia, Morocco, Mozambique, Myanmar, Namibia, Nepal, Nicaragua, Niger, Nigeria, Oman, Pakistan, Panama, Paraguay, Peru, Philippines, Puerto Rico, Qatar, Reunion, Russia, Rwanda, Saint Helena, Sao Tome And Principe, Senegal, Seychelles, Sierra Leone, Singapore, Somalia, South Africa, Sri Lanka, Sudan, Eswatini, Tajikistan, Tanzania, Thailand, East Timor (Timor-Leste), Togo, Tunisia, Turkey, Turkmenistan, Uganda, Uruguay, Uzbekistan, Venezuela, Vietnam, Western Sahara, Zambia, Zimbabwe, South Sudan",11/15/2026,"The SME Growth Accelerator Program helps small and medium enterprises grow, expand into new markets, and strengthen their business capacity through funding and mentorship support.","Business &amp; Industry, Businesses, Companies and Enterprises, Capacity Building, Learning, Employment &amp; Labor, Equipment, Research, Technology",https://ifcgrants.org/grants/sme-growth-accelerator
SANAD ElevateHer Program for empowering Women-Led Startups,Events,"Algeria, Cote DIvoire (Ivory Coast), Egypt, Ghana, Iraq, Jordan, Kenya, Lebanon, Morocco, Palestinian Territories, Rwanda, Senegal, Tunisia, Uganda, Yemen",11/26/2026,"Seedstars has launched the SANAD ElevateHer Program, an accelerator designed specifically to support women-led and gender-inclusive startups in the MENA (Middle East and North Africa) and Sub-Saharan Africa regions.","Business &amp; Industry, Startups, Capacity Building, Entrepreneurs, Women and Girls",https://sanad.seedstars.com/
Zairi International Awards,"Awards, Prizes and Challenges",All Countries,11/30/2026,Entries are now open for the Zairi International Awards to recognize higher education institutions worldwide that are addressing educational challenges and creating sustainable impact through excellence and innovation.,"Community Engagement, Tertiary &amp; Higher Education, Innovation, Research",https://cli-cks.com/zairi-international-awards/
UNESCO-Al Fozan International Prize for Young Scientists in STEM,"Awards, Prizes and Challenges","Afghanistan, Albania, Algeria, American Samoa, Andorra, Angola, Antigua and Barbuda, Argentina, Armenia, Australia, Austria, Azerbaijan, Bahamas, Bahrain, Bangladesh, Barbados, Belarus, Belgium, Belize, Benin, Bermuda, Bhutan, Bolivia, Bosnia And Herzegovina, Botswana, Brazil, Brunei, Bulgaria, Burkina Faso, Burundi, Cambodia, Cameroon, Canada, Cape Verde, Central African Republic, Chad, Chile, China, Colombia, Comoros, Congo (Brazzaville), Congo DR, Cook Islands, Costa Rica, Cote DIvoire (Ivory Coast), Croatia, Cuba, Cyprus, Czech Republic, Denmark, Djibouti, Dominica, Dominican Republic, Ecuador, Egypt, El Salvador, Equatorial Guinea, Eritrea, Estonia, Ethiopia, Fiji, Finland, France, Gabon, Gambia, Georgia, Germany, Ghana, Greece, Greenland, Grenada, Guam, Guatemala, Guinea, Guinea-Bissau, Guyana, Haiti, Honduras, Hong Kong SAR, Hungary, Iceland, India, Indonesia, Iran, Iraq, Ireland, Italy, Jamaica, Japan, Jordan, Kazakhstan, Kenya, Kiribati, South Korea, North Korea, Kuwait, Kyrgyzstan, Laos, Latvia, Lebanon, Lesotho, Liberia, Libya, Lithuania, Luxembourg, Macedonia, Madagascar, Malawi, Malaysia, Maldives, Mali, Malta, Marshall Islands, Mauritania, Mauritius, Mexico, Micronesia Federated States Of, Moldova Republic Of, Monaco, Mongolia, Morocco, Mozambique, Myanmar, Namibia, Nauru, Nepal, Netherlands, New Zealand, Nicaragua, Niger, Nigeria, Niue, Northern Mariana Islands, Norway, Oman, Pakistan, Palau, Palestinian Territories, Panama, Papua New Guinea, Paraguay, Peru, Philippines, Poland, Portugal, Puerto Rico, Qatar, Romania, Russia, Rwanda, Saint Kitts And Nevis, Saint Lucia, Saint Vincent And The Grenadines, Samoa, San Marino, Sao Tome And Principe, Saudi Arabia, Senegal, Seychelles, Sierra Leone, Singapore, Slovak Republic, Slovenia, Solomon Islands, Somalia, South Africa, Spain, Sri Lanka, Sudan, Suriname, Eswatini, Sweden, Switzerland, Syria, Tajikistan, Tanzania, Thailand, East Timor (Timor-Leste), Togo, Tonga, Trinidad And Tobago, Tunisia, Turkey, Turkmenistan, Tuvalu, Uganda, Ukraine, United Arab Emirates, United Kingdom, United States, Uruguay, Uzbekistan, Vanuatu, Venezuela, Vietnam, United States Virgin Islands, Yemen, Zambia, Zimbabwe, Montenegro, Serbia, South Sudan",11/30/2026,"The United Nations Educational, Scientific and Cultural Organization is inviting nominations and applications for the third edition of the UNESCO-Al Fozan International Prize for the Promotion of Young Scientists in Science, Technology, Engineering and Mathematics.","Career Development, , Innovation, Research, Science, Technology, Youth &amp; Adolescents",https://www.unesco.org/en/articles/third-edition-unesco-al-fozan-international-prize-promotion-young-scientists-science-technology
Healthcare Access Initiative,Grant,"Afghanistan, Algeria, Bahrain, Bangladesh, Bhutan, Congo DR, Cote DIvoire (Ivory Coast), Djibouti, Egypt, Equatorial Guinea, Eritrea, Ethiopia, Gabon, Gambia, Ghana, Guinea, Guinea-Bissau, India, Iran, Iraq, Israel, Jordan, Kenya, Kuwait, Lebanon, Lesotho, Liberia, Libya, Madagascar, Malawi, Maldives, Mali, Mauritania, Mauritius, Mayotte, Morocco, Mozambique, Namibia, Nepal, Niger, Nigeria, Oman, Pakistan, Palestinian Territories, Qatar, Reunion, Rwanda, Saint Helena, Sao Tome And Principe, Saudi Arabia, Senegal, Seychelles, Sierra Leone, Somalia, South Africa, Sri Lanka, Sudan, Eswatini, Syria, Tanzania, Togo, Tunisia, Turkey, Uganda, United Arab Emirates, Western Sahara, Yemen, Zambia, Zimbabwe, South Sudan",12/1/2026,The Healthcare Access Initiative is now accepting applications to support projects that improve healthcare access and patient outcomes for low-income communities.,"Business &amp; Industry, Capacity Building, Learning, Equipment, Health care, Research, Technology",https://ifcgrants.org/grants/healthcare-access-initiative
DRK Foundation: Empowering Early-Stage Social Impact Organizations,Grant,"Albania, Algeria, Andorra, Angola, Argentina, Armenia, Austria, Azerbaijan, Belarus, Belgium, Benin, Bolivia, Bosnia And Herzegovina, Botswana, Brazil, Bulgaria, Burkina Faso, Burundi, Cameroon, Cape Verde, Central African Republic, Chad, Chile, Colombia, Comoros, Congo (Brazzaville), Congo DR, Costa Rica, Cote DIvoire (Ivory Coast), Croatia, Cuba, Cyprus, Czech Republic, Denmark, Djibouti, Dominican Republic, Ecuador, Egypt, El Salvador, Equatorial Guinea, Eritrea, Estonia, Ethiopia, Finland, France, Gabon, Gambia, Georgia, Germany, Ghana, Greece, Guatemala, Guinea, Guinea-Bissau, Holy See (Vatican City State), Honduras, Hungary, Iceland, India, Ireland, Italy, Kenya, Latvia, Lesotho, Liberia, Libya, Liechtenstein, Lithuania, Luxembourg, Macedonia, Madagascar, Malawi, Mali, Malta, Mauritania, Mauritius, Mayotte, Mexico, Moldova Republic Of, Monaco, Morocco, Mozambique, Namibia, Netherlands, Nicaragua, Niger, Nigeria, Norway, Panama, Paraguay, Peru, Poland, Portugal, Puerto Rico, Reunion, Romania, Rwanda, Saint Helena, San Marino, Sao Tome And Principe, Senegal, Seychelles, Sierra Leone, Slovak Republic, Slovenia, Somalia, South Africa, Spain, Sudan, Swaziland, Sweden, Switzerland, Tanzania, Togo, Tunisia, Uganda, Ukraine, United Kingdom, United States, Uruguay, Venezuela, Western Sahara, Zambia, Zimbabwe, Montenegro, Kosovo, South Sudan",12/31/2026,"The Draper Richards Kaplan Foundation supports early-stage organizations working on innovative, scalable solutions to critical social and environmental challenges affecting underserved communities.","Capacity Building, Community Development, Environment, Innovation, Leadership",https://www.drkfoundation.org/apply-for-funding/what-we-fund/
Apply for Generations: Global Grant Program,Grant,All Countries,12/31/2026,The Institute for Equality in Development Innovations offers a student-focused grant designed to support innovative ideas aimed at addressing abuse affecting children and young people.,"Children, Students, Innovation, Youth &amp; Adolescents",https://generationsgrant.github.io/
Grants to Strengthen Global Community Philanthropy Organizations,Grant,"Afghanistan, Algeria, Angola, Antigua and Barbuda, Argentina, Aruba, Austria, Bahamas, Bahrain, Bangladesh, Barbados, Belarus, Benin, Bhutan, Bolivia, Botswana, Brazil, Brunei, Bulgaria, Burkina Faso, Burundi, Cambodia, Cameroon, Cape Verde, Cayman Islands, Central African Republic, Chad, Chile, China, Colombia, Comoros, Congo (Brazzaville), Congo DR, Costa Rica, Cote DIvoire (Ivory Coast), Cuba, Czech Republic, Czech Republic, Djibouti, Dominican Republic, Ecuador, Egypt, El Salvador, Equatorial Guinea, Eritrea, Ethiopia, Gabon, Gambia, Germany, Ghana, Grenada, Guadeloupe, Guatemala, Guinea, Guinea-Bissau, Haiti, Honduras, Hungary, Hungary, India, Indonesia, Iran, Iraq, Israel, Jamaica, Japan, Jordan, Kazakhstan, Kenya, South Korea, North Korea, Kuwait, Kyrgyzstan, Laos, Lebanon, Lesotho, Liberia, Libya, Liechtenstein, Madagascar, Malawi, Malaysia, Maldives, Mali, Martinique, Mauritania, Mauritius, Mayotte, Mexico, Moldova Republic Of, Mongolia, Morocco, Mozambique, Myanmar, Namibia, Nepal, Nicaragua, Niger, Nigeria, Oman, Oman, Pakistan, Palestinian Territories, Panama, Paraguay, Peru, Philippines, Poland, Poland, Puerto Rico, Qatar, Qatar, Reunion, Romania, Russia, Russia, Rwanda, Saint Helena, Saint Kitts And Nevis, Saint Lucia, Saint Vincent And The Grenadines, Sao Tome And Principe, Saudi Arabia, Senegal, Seychelles, Sierra Leone, Singapore, Slovak Republic, Slovak Republic, Somalia, South Africa, Sri Lanka, Sudan, Eswatini, Switzerland, Syria, Tajikistan, Tanzania, Thailand, East Timor (Timor-Leste), Togo, Trinidad And Tobago, Tunisia, Turkey, Turkmenistan, Turks And Caicos Islands, Uganda, Ukraine, United Arab Emirates, Uruguay, Uzbekistan, Venezuela, Vietnam, United States Virgin Islands, Western Sahara, Yemen, Zambia, Zimbabwe, Saint BarthÃ©lemy, South Sudan",12/31/2026,Grants are available to support and strengthen community philanthropy organizations globally by enhancing their capacity as grassroots grantmakers and fostering connections within the wider movement.,Community Development,https://globalfundcommunityfoundations.org/what-we-do/grants/
Apply now for Dana Foundation Grants Programme 2026,Grant,"Afghanistan, Algeria, Angola, Antigua and Barbuda, Argentina, Aruba, Bahamas, Bangladesh, Barbados, Benin, Bhutan, Bolivia, Botswana, Brazil, Brunei, Burkina Faso, Burundi, Cambodia, Cameroon, Cape Verde, Cayman Islands, Central African Republic, Chad, Chile, China, Colombia, Comoros, Congo (Brazzaville), Congo DR, Costa Rica, Cote DIvoire (Ivory Coast), Cuba, Djibouti, Dominican Republic, Ecuador, Egypt, El Salvador, Equatorial Guinea, Eritrea, Ethiopia, Gabon, Gambia, Ghana, Grenada, Guadeloupe, Guatemala, Guinea, Guinea-Bissau, Haiti, Honduras, India, Indonesia, Iran, Jamaica, Japan, Kazakhstan, Kenya, South Korea, North Korea, Kyrgyzstan, Laos, Lesotho, Liberia, Libya, Madagascar, Malawi, Malaysia, Maldives, Mali, Martinique, Mauritania, Mauritius, Mayotte, Mexico, Mongolia, Morocco, Mozambique, Myanmar, Namibia, Nepal, Nicaragua, Niger, Nigeria, Pakistan, Panama, Paraguay, Peru, Philippines, Puerto Rico, Reunion, Rwanda, Saint Helena, Saint Kitts And Nevis, Saint Lucia, Saint Vincent And The Grenadines, Sao Tome And Principe, Senegal, Seychelles, Sierra Leone, Singapore, Somalia, South Africa, Sri Lanka, Sudan, Eswatini, Taiwan, Tajikistan, Tanzania, Thailand, Togo, Trinidad And Tobago, Tunisia, Turkmenistan, Turks And Caicos Islands, Uganda, Ukraine, Uruguay, Uzbekistan, Venezuela, Vietnam, United States Virgin Islands, Western Sahara, Zambia, Zimbabwe, Saint BarthÃ©lemy, South Sudan",12/31/2026,"The Dana Foundation Grants Programme 2026 supports locally led organisations working to address the interconnected dimensions of poverty through flexible, multi-year funding designed to strengthen long-term community impact.","Community Development, Education, Climate Change, Health, Leadership, Livelihood, Poverty Alleviation, Sustainable Development",https://dana-foundation.com/apply
Apply now for Climate Justice Small Grants (Uganda),Grant,Uganda,12/31/2026,The Centre for Environment and Migration Assistance (CEMA) is inviting grassroots and community-based organizations to apply for its Climate Justice Small Grants under the Grassroots Climate Action Fund (GCAF).,"Community Development, Biodiversity, Climate Change, Environment",https://www.cemauganda.org/opportunities.html
Global Citizen Scholarship for International and DACA Students,Scholarship,All Countries,12/31/2026,The Global Citizen Scholarship is inviting applications to support international and DACA students pursuing full-time degree programs in the United States or Canada through merit-based financial assistance.,"Tertiary &amp; Higher Education, Students",https://www.mpowerfinancing.com/scholarships/global-citizen
Smaller Grants Programme,Grant,"Afghanistan, Albania, Algeria, Angola, Argentina, Armenia, Azerbaijan, Bangladesh, Belarus, Belize, Benin, Bhutan, Bolivia, Bosnia And Herzegovina, Botswana, Brazil, Burkina Faso, Burundi, Cambodia, Cameroon, Cape Verde, Central African Republic, Chad, China, Colombia, Comoros, Congo (Brazzaville), Cote DIvoire (Ivory Coast), Cuba, Djibouti, Dominica, Dominican Republic, Ecuador, Egypt, El Salvador, Equatorial Guinea, Eritrea, Fiji, Gabon, Gambia, Georgia, Ghana, Grenada, Guatemala, Guinea, Guinea-Bissau, Haiti, Honduras, India, Indonesia, Iran, Iraq, Jamaica, Jordan, Kazakhstan, Kenya, Kiribati, South Korea, North Korea, Kyrgyzstan, Laos, Lebanon, Lesotho, Liberia, Libya, Macedonia, Madagascar, Malawi, Malaysia, Maldives, Mali, Marshall Islands, Mauritania, Mauritius, Mexico, Micronesia Federated States Of, Moldova Republic Of, Mongolia, Morocco, Mozambique, Myanmar, Namibia, Nepal, Nicaragua, Niger, Nigeria, Pakistan, Papua New Guinea, Paraguay, Peru, Philippines, Rwanda, Saint Lucia, Saint Vincent And The Grenadines, Samoa, Sao Tome And Principe, Senegal, Sierra Leone, Solomon Islands, Somalia, South Africa, Sri Lanka, Sudan, Suriname, Eswatini, Syria, Tajikistan, Tanzania, Thailand, East Timor (Timor-Leste), Togo, Tonga, Tunisia, Turkey, Turkmenistan, Tuvalu, Uganda, Ukraine, Uzbekistan, Vanuatu, Vietnam, Yemen, Zambia, Zimbabwe, Montenegro, Serbia, Kosovo, South Sudan",12/31/2026,"The Aubrey Barker Fund is seeking applications under its Smaller Grants programme to support educational, professional, and capacity-building initiatives in surveying and land management across developing countries.","Capacity Building, Education, Land Conservation, Equipment, Individuals",https://aubreybarkerfund.org/smaller-grant-programmes-2
Call for Submissions: Volvo Environment Prize,"Awards, Prizes and Challenges",All Countries,1/20/2027,The Volvo Environment Prize recognizes outstanding researchers whose scientifically grounded work has significantly advanced environmental knowledge while demonstrating clear impacts beyond their specific discipline.,"Urban Development, Environment, , Individuals, Researchers, Research, Science, Sustainable Development",https://nominateenvironment-prize.com/
Nominations open for Virchow Prize,"Awards, Prizes and Challenges",All Countries,2/28/2028,"The Virchow Prize is now accepting nominations for outstanding individuals, organisations, or institutions whose work has significantly advanced health equity, innovation, and sustainability worldwide.","Health, Innovation, Sustainable Development",https://virchowprize.org/nominations/
Call for Submissions: Young Changemakers 2026,Events,"Algeria, Angola, Benin, Botswana, Burkina Faso, Burundi, Cameroon, Cape Verde, Central African Republic, Chad, Comoros, Congo (Brazzaville), Congo DR, Cote DIvoire (Ivory Coast), Djibouti, Egypt, Equatorial Guinea, Eritrea, Ethiopia, Gabon, Gambia, Ghana, Guinea, Guinea-Bissau, Kenya, Lesotho, Liberia, Libya, Madagascar, Malawi, Mali, Mauritania, Mauritius, Mayotte, Morocco, Mozambique, Namibia, Niger, Nigeria, Reunion, Rwanda, Saint Helena, Sao Tome And Principe, Senegal, Seychelles, Sierra Leone, Somalia, South Africa, Sudan, Eswatini, Tanzania, Togo, Tunisia, Uganda, Western Sahara, Zambia, Zimbabwe, South Sudan",7/26/2026,"The African Futures &amp; Innovation programme of the Institute for Security Studies has opened applications for Young Changemakers 2026, inviting young Africans to contribute ideas that shape conversations on the continent’s future.","Business &amp; Industry, Democracy &amp; Good Governance, Education, Individuals, Peace &amp; Conflict Resolution, Technology, Youth &amp; Adolescents",https://futures.issafrica.org/events/2026/Call-for-submissions-Young-Changemakers-2026
UEFA Foundation for Children Grants for Child Welfare Projects,Grant,All Countries,8/3/2026,"The UEFA Foundation for Children has opened its annual Call for Projects, inviting organisations and NGOs from around the world to apply for funding for initiatives that improve the lives of vulnerable children through sport, education, development, and humanitarian support.","Children, Infrastructure, Disability, Education, Environment, Equipment, Health, Minorities, Sports &amp; Recreation, Gender Equality",https://uefafoundation.org/general-information/call-for-projects-2/
SEED Grant Program,Grant,All Countries,12/20/2026,The SEED Grant Program is inviting applications from eligible NGOs worldwide to support projects and strengthen organisational capacity.,"Community Development, Environment, Sustainable Development",https://onenessrevivalteam.info/grant-application/
Apply for World Ocean Day Youth Advisory Council Program,Events,All Countries,8/2/2026,"The World Ocean Day Youth Advisory Council Program is inviting applications to support group of 20-25 young people with?diverse backgrounds from countries around the world, who are actively engaged in conservation efforts in their communities.","Community Development, Conservation, Individuals, Youth &amp; Adolescents",https://worldoceanday.org/apply-now-the-application-to-join-the-2026-2027-world-ocean-day-youth-advisory-council-is-officially-here/
CFPs: Neurotorium Clinical Education Grants within Psychiatry and Neurology,Grant,All Countries,9/2/2026,The Neurotorium Clinical Education Grants provides support to non-profit educational projects for healthcare professionals in psychiatry and neurology.,"Education, Health care, Individuals",https://lundbeckfonden.com/uddelinger-priser/ansoegere/apply-grants/neurotorium-clinical-education-grants-within-psychiatry